1|32fcd7220aab|當收發機顯示語音訊號之載波頻率時，正確操作在上單邊帶(USB)模式發射可調整之最高顯示頻率為何?|C|||頻帶上限值以下300 赫|頻帶上限值以下1 千赫|頻帶上限值以下3 千赫|頻帶上限值
2|612a4a64f020|當收發機顯示語音訊號之載波頻率時，正確操作在下單邊帶(LSB)模式發射可調整之最低顯示頻率為何?|A|||頻帶下限值以上3 千赫|頻帶下限值|頻帶下限值以上300 赫|頻帶下限值以上1 千赫
3|8c26f7afbf2e|當你聽到某電臺正在呼叫CQ，收發機目前顯示語音訊號的載波頻率為14.349 百萬赫 USB時，請問是否可在這個頻率使用USB回應該電臺的呼叫?|D|||可以，因為你不是呼號CQ的電臺|不可以，我國電臺不允許在14.340 百萬赫以上的頻率發射語音電波|可以，因為該頻率在20公尺頻段內|不可以，訊號之單邊帶會超出頻段範圍
4|671c439f5952|當你聽到遠方某電臺正在呼叫CQ，收發機目前顯示語音訊號的載波頻率為3.551 百萬赫 LSB時，請問是否可在這個頻率使用LSB回應該電臺的呼叫?|B|||可以，因為該顯示頻率在75公尺頻段內|不可以，訊號之單邊帶會超出頻段範圍|可以，因為該遠方電臺開啟了通聯|不可以，我國電臺不允許在3.56 百萬赫以下的頻率發射語音電波
5|7542d86047ca|40公尺頻段最大的發射功率為何?|C|||50瓦特 PEP 發射功率相對於全向性(isotropic)天線|50瓦特 PEP 發射功率相對於偶極天線|1500瓦特 PEP 發射功率相對於半波偶極天線|100瓦特 PEP 發射功率相對於全向性( isotropic)天線
6|cbb377e8d41f|假設在無線電訊息轉發系統上電臺無意間轉發了會違反NCC法規的訊息，誰是違規的主要負責者?|D|||所有此系統中的業餘無線電人員及管理員|所有此系統中未被授權使用此通訊系統的業餘無線電人員及管理員|封包無線電電子布告欄的管理員|原始發送訊息的業餘無線電人員
7|03267f78b37c|假如你的數位無線電訊息轉發電臺無意間轉發了違反NCC法規的通訊，你應該先作什麼處置?|B|||告知最近的NCC管制單位|當你發現了此事件，儘快中斷該件違法的轉發通訊|中斷所有的轉發訊息|告知原始發送電臺該訊息不符合NCC法規
8|4de88b0ac77e|假如業餘無線電臺船舶上使用，在正式操作前什麼條件必須符合?|B|||當船舶上主要的無線電在使用時，業餘無線電臺操作者必須同意不可發射業餘無線電臺|該操作必須由船長核准|業餘無線電操作者的操作執照必須包括NCC同意船舶使用|業餘無線電臺的電源供應器必須是獨立於船舶本身電源以外
9|b0858343c733|當你聽到遠方某電臺正在呼叫CQ，收發機目前顯示CW訊號的載波頻率為3.500 百萬赫時，請問是否可在這個頻率使用CW回應該電臺的呼叫?|B|||可以，因為該頻率在80公尺頻段內|不可以，CW訊號之單邊帶會超出頻段範圍|可以，因為該遠方電臺開啟了通聯|不可以，我國電臺不允許在3.5125 百萬赫以下的頻率發射CW
10|9c44c319908e|在中華民國國籍的船舶上操作業餘無線電臺資格為何?|D|||只有該業餘無線電臺執照登載之所屬者|任何該業餘無線電臺執照登載之所屬者|只有具船舶電信專長之人員|任何擁有NCC核發符合該電臺等級(含)以上之業餘無線電人員執照者
11|64b13e9dd018|何者為0.1357~0.1378百萬赫最大發射功率(EIRP)?|D|||200 瓦特|100 瓦特|10 瓦特|1 瓦特
12|1354d564c75f|下列何者構成了混附(spurious)發射?|C|||發射訊號無意中干擾了其他有執照之無線電臺|發射的訊號除了接收者外防止其他電臺偵測到|發射訊號超出了載波頻寬，而減少或去除這超出的頻寬，不影響所傳送資訊。|業餘無線電臺沒有呼號識別的隨機發射
13|2995295068fb|下列何者可能造成業餘無線電臺或天線之設置地點的限制?|B|||在被一個或多個其他國外政府所管轄的ITU Zone|航空站飛行場助航設備周邊地區|有藝術重要性的地區|接近有政治衝突的地區
14|1610c9337539|為保護NCC監測站不被干擾，業餘無線電臺使用頻率介於9 千赫至174 百萬赫間之無線電波之電場強度不得超過下列何者?|C|||40 分貝微伏每公尺|200 分貝微伏每公尺|80 分貝微伏每公尺(dBuV/m)|160 分貝微伏每公尺
15|0a71e57c8c24|假如你要在機場附近架設業餘無線電天線，什麼額外的規定必須遵守?|B|||假如天線結構高度低於10公尺，則沒有特別規定|必須符合航空站飛行場助航設備四周禁止限制建築物及其他障礙物高度管理辦法之規定|必須向機場管理單位取得建造許可|在架設之前，必須向行政院環境保護署提出環境影響評估
16|13b18554d63c|使用業餘無線電頻率432~440百萬赫(次要業務)應遵守什麼規定？|C|||一等業餘電臺的發射功率(PEP)不得大於200瓦特|須忍受合法通信妨害性干擾|以上皆是|不得干擾主要業務
17|bd3cbcb165f6|什麼是電臺的遙控控制作業?|B|||電臺由非電臺負責人之他人控制操作|電臺藉由控制鏈路間接調校、控制無線電通信作業|電臺由原本常設之地點移至他處操作|電臺操作為自動控制
18|4a4d53d13434|什麼是電臺的自動控制作業?|D|||電臺的輸出功率自動控制|指控制點和受控制的電臺之間的控制鏈路|利用直接控制鏈路來遠端控制電臺的天線系統|依控制員設定之設備及程序，自動調校、控制無線電通信作業，故操作員可不用在控制點
19|212913746943|自動控制電臺中的控制操作者所需負的責任與非自動控制電臺(即席控制電臺)有何不同?|A|||自動控制電臺操作員不需要位於控制點|自動控制電臺無控制操作員|即席控制電臺操作員不需要位於控制點|即席控制電臺無控制操作員
20|8a2e1c01ad16|何時自動控制電臺可啟動第三者通信?|B|||當NCC同意時|皆不可以，但與我國訂有互惠協定者，不在此限|當傳送及接收方同意時|只有當傳送RTTY或其他數位模式時
21|1ec0fe0105fa|下列何者有關業餘無線電臺遙控控制作業的描述是正確的?|B|||只有三等業餘無線人員可採遙控控制作業操作電臺|控制操作員需要在控制點|控制操作員可不用在控制點|中繼電臺不可採遙控控制作業
22|be604fe8b409|何謂即席控制作業?|B|||採自動控制作業操作電臺|指在電臺內直接調校、控制無線電通信作業|透過現場輔助鏈路控制一座電臺|由手持收發機控制中繼臺
23|c6ef1338912a|30 百萬赫以下的頻段，下列何者中繼電臺可操作範圍?|D|||24.940 百萬赫 - 24.990 百萬赫|10.100 百萬赫 - 10.150 百萬赫|18.110 百萬赫 - 18.168 百萬赫|29.510 百萬赫 - 29.590 百萬赫
24|6a29e8866c65|何種型式的業餘無線電中繼電臺可自動轉發其他業餘無線電電臺的訊號?|C|||只有地球、中繼電臺或遙控模型|只有示標和太空電臺|只有中繼和太空電臺|只有示標、中繼和太空電臺
25|9baafc2ddf40|何種型式的通訊可傳送至我國以外的業餘無線電臺?|D|||涉及公眾電信業務之通訊|以上皆是|轉發非業餘無線電臺之訊息|與業餘業務相關基於個人本質之通訊
26|c4b2f85a319e|非本國籍業餘無線電人員在我國境內短期操作業餘電臺規定為何?|C|||必須以我國官方語音標示辯明自己正在操作|該國大使館核准你的操作|經全國性業餘無線團體向NCC申請核准|你需要在你的呼號上加上 "/CEPT"於後綴
27|af27af8c8f69|下列何者為遙測的定義?|C|||超過1000公尺的雙向無線電話傳輸|起動、修改或終止遠距設備功能的單向傳輸|離測量儀器一定距離處的單向測量傳輸|雙向單通道資料傳輸
28|59429f8f0590|什麼是業餘衛星服務？|B|||使用地球衛星上的電臺進行公共廣播的無線電通信業務|在衛星上使用業餘無線電臺的無線電通信業務|使用衛星進行自我訓練的無線電導航業務，業餘愛好者進行的互通和技術研究|用於業餘衛星的太空飛行器發射服務
29|8599a3a2f3ff|什麼是業餘衛星業務中的指揮電臺|C|||對大氣層進行遙測的業餘電臺|位於地球表面的業餘電臺，通過地球衛星與其他地球站通信|傳送無線電信號以指揮太空電臺之起動、修正或停止作業之業餘電臺|位於地球表面以上50公里以上的業餘電臺
30|83a694405085|在業餘衛星業務中的地球電臺是什麼?|C|||不能使用業餘衛星進行通信的業餘電臺|對大氣層進行遙測的業餘電臺|設置於距離地球表面50公里以內，擬與太空電臺或經由其他一或數具太空上之載具與其他地球電臺通信之業餘電臺|任何位於地球表面的業餘電臺
31|3eae053de6df|哪一種等級的執照可被授權操作太空電臺|B|||二等|一等|只允許非業餘等級|三等
32|1f3e0f66cb3d|下列何者為對特殊電臺的要求?|A|||特殊電臺控制員必須能夠在接獲NCC通知其傳送內容違反規定時，應即時停止發射|以上皆是|特殊電臺必須在五年後停止所有傳輸|特殊電臺必須能夠在接到國防部命令時變更頻率
33|b926d8dc3aa5|哪些HF業餘頻段授權給太空電臺使用？|C|||所有高頻頻段|40公尺、30公尺、20公尺及15公尺頻段|10公尺頻段|20公尺、17公尺及15公尺頻段
34|8b4a911ccb88|太空電臺可用哪些VHF業餘頻段?|A|||6公尺及2公尺頻段|2公尺及1.25公尺頻段|6公尺、2公尺及1.25公尺頻段|只有2公尺頻段
35|800a000f60b8|太空電臺可用哪些UHF業餘頻段?|A|||70公分及23公分頻段|70公分及33公分頻段|33公分及13公分頻段|只有70公分頻段
36|8b89ec17adef|哪些地球電臺的描述為正確?|C|||領有執照者已預先知會NCC的任一業餘電臺|允許一等及二等業餘無線電人員進行操作|只允許一等業餘無線電人員進行操作的業餘電臺|允許一等、二等與三等業餘無線電人員進行操作
37|3c81930e5b27|下列何種之業餘無線電操作被禁止?|A|||具有任何營利性質之通訊|以英文以外之語言通訊|具宗教內容之通訊|具政治內容之通訊
38|1da948390b70|下列何種可適用於展頻(Spread Spectrum)通訊實驗之發射情形?|A|||以上皆是|展頻通訊時不可干擾正常通訊之電臺|展頻通訊必須經NCC核准|展頻通訊必須不能與其他通訊方式混淆
39|f8b0b4b0a69b|業餘無線電展頻(Spread Spectrum)通訊實驗之最高發射機輸出功率為何?|C|||1 瓦特|1.5 千瓦特|100 瓦特|1.5 瓦特
40|e273921dceaa|下列何種敘述，符合外接射頻功率放大器之規定?|C|||在接受小於等於5瓦特之輸入能產生合法全功放|必須在全功輸出範圍達到比0 dB或更小的增益|當設計之輸出功率在1500瓦特以下時，應相對降低其放大倍率|必須能於輸入及輸出網路中切換
41|d887ed0312d2|什麼情形才可以從事業餘無線電作業？|B|||不須經主管機關測試及格，只須取得業餘無線電人員執照|須經主管機關測試及格，並取得業餘無線電人員執照|只須經主管機關測試及格，不須取得業餘無線電人員執照|不須經主管機關測試及格，亦不須取得業餘無線電人員執照
42|256a68e1cff4|取得業餘無線電人員執照後，可以做下列什麼操作？|A|||以上皆非|即可用於客運車行車調度之用|即可用於遊覽車行車調度之用|即可用於卡車行車調度之用
43|b77e7426615a|運輸業(含客運車、砂石車、遊覽車等)司機或隨車人員考取業餘無線電人員執照，亦不得於車上做行車業務使用，違反規定者，依電信法第67條之1第3項規定處的罰鍰為新臺幣1萬元以上、多少元以下？|A|||5萬元|7萬元|10萬元|3萬元
44|e4f576cb6409|下列頻段何者為三等業餘無線電人員可以使用頻率範圍|C|||154-156 百萬赫|138-140 百萬赫|144-146 百萬赫|140-142 百萬赫
45|a62d10a40c2c|下列頻段何者為三等業餘無線電人員可以使用頻率範圍|C|||420-422 百萬赫|450-452 百萬赫|430-440 百萬赫|440-442 百萬赫
46|e02df1ba0daa|外國人欲於中華民國領域內從事業餘無線電作業的途徑有|C|||經我國業餘無線電人員測試及格，並取得業餘無線電人員執照，得借用具業餘無線電臺執照之業餘無線電臺操作使用|取得我國居留權及業餘無線電人員執照，得逕向主管機關申設業餘無線電臺，經審驗合格，取得電臺執照後|以上皆是|已取得國外業餘無線電人員執照，依業餘無線電管理辦法第四十一條規定辦理
47|57b2ff50e39a|業餘無線電人員從事業餘無線電活動時|A|||應本互相尊重之精神共同監督之|因屬業餘性質，可任意為之|只須互相尊重，不須共同監督|只須維持自身的合法性
48|f1dc4a24d6aa|我國業餘無線電人員資格分為|D|||不分等級|一個等級|二個等級|三個等級
49|632135f0469a|那一等級之業餘無線電人員測試須進行摩氏電碼術科測試|A|||都不需要測試|都需要測試|二等業餘無線電人員|三等業餘無線電人員
50|0e3c20098984|一等業餘無線電人員測試題組為無線電規章與相關法規13題、無線電通訊方法15題、無線電系統原理15題、無線電相關安全防護3題、電磁相容性技術2題、射頻干擾的預防與排除2題，共計50題，測試及格至少應答對多少題？|A|||40 題|32 題|15 題|25 題
51|ed80adcba9ae|二等業餘無線電人員測試題組為無線電規章與相關法規12題、無線電通訊方法12題、無線電系統原理10題、無線電相關安全防護2題、電磁相容性技術2題、射頻干擾的預防與排除2題，共計40題，要測試及格至少應答對多少題？|D|||10 題|15 題|25 題|32 題
52|2fa87a6299a2|三等業餘無線電人員測試題組為無線電規章與相關法規13題、無線電通|D|||20 題|10 題|15 題|25 題
53|6db002585435|業餘無線電人員自測試及格日起，多久以內向主管機關申請業餘無線電人員執照|B|||一個月|一年|三年|一星期
54|c334378ce836|參加一等業餘無線電人員測試之條件為何？|D|||持有三等業餘無線電人員執照且設置三等業餘無線電臺達二年以上者|持有三等業餘無線電人員執照且設置三等業餘無線電臺達一年以上者|持有二等業餘無線電人員執照且設置三等業餘無線電臺達一年以上者|持有二等業餘無線電人員執照且設置二等業餘無線電臺達一年以上，同時業餘無線電人員及電臺執照均需在有效期間內。
55|83cabb332285|業餘無線電人員測試及格後，要向誰申請核發業餘無線電人員執照？|B|||當地業餘無線電團體|主管機關|內政部|當地公路監理站（所）
56|9a3351a7d678|業餘無線電人員參加業餘無線電人員二等測試及格，可以申請那一等級的業餘無線電人員執照？|B|||三等|二等|一等|不能申請
57|adb609a7ff5e|非業餘無線電人員參加業餘無線電人員測試及格，可以申請那一等級的業餘無線電人員執照？|C|||不能申請|一等|三等|二等
58|3e75ddf00020|二等業餘無線電人員要參加一等業餘無線電人員測試時，其二等業餘無線電臺設置已達具備|A|||一年以上|一年以下|三個月以下|六個月以下
59|0e100f007040|王大明在未取得業餘無線電人員執照下，參加二等業餘無線電人員測試及格後，發現先前三等業餘無線電人員測試及格已超過一年，他可以申請什麼業餘無線電人員執照？|A|||不能申請|二等|一等|三等
60|ac37e75f5e11|王大明在未取得業餘無線電人員執照下，參加二等業餘無線電人員測試不及格，發現先前三等業餘無線電人員測試及格仍在一年內，他可以申請什麼業餘無線電人員執照？|D|||一等|不能申請|二等|三等
61|a28646932836|業餘無線電人員執照有效期間為|A|||十年|七年|三年|五年
62|f7338df094e6|一人可同時持有幾張業餘無線電人員執照|B|||四張|一張|三張|二張
63|5d67a99448ba|業餘無線電人員執照有效期間為十年，應於期限屆滿前六個月起五個月內向誰申請換發執照？|A|||國家通訊傳播委員會|當地公路監理站（所）|內政部|當地業餘無線電團體
64|1b90423e372b|業餘無線電團體指|A|||依人民團體法成立，從事業餘無線電活動之團體|依電信法成立，從事業餘無線電活動之團體|依廣電法成立，從事業餘無線電活動之團體|依有線電視法規定成立，從事業餘無線電活動之團體
65|3c042e5bbc61|業餘無線電機係屬|A|||電信管制射頻器材|電信終端設備|PHS（數位式低功率無線電話）|低功率射頻無線電機
66|8c87ee986681|業餘無線電管理辦法所規範之輻射指|A|||以無線電磁波形式向外流動之能量|以高能量粒子形式向外發射之能量|以核能形式向外發射之能量|以熱能形式向外流動之能量
67|54b67e74428e|業餘無線電管理辦法所規範之發射指|D|||以高能量粒子形式向外發射之能量|以熱能形式向外流動之能量|以光波形式向外流動之能量|由無線電臺所產生之輻射或其輻射產物
68|13c03b9e9fca|業餘無線電管理辦法所定義之發射機為|C|||可發射光線之機器|可發射火箭之機器|具有將電能轉換為電磁輻射能輸出之機器|可發射任何物質之機器
69|042bb440b996|一等業餘無線電人員得申請設置|A|||一等、二等或三等業餘電臺|船舶無線電臺|三等業餘電臺|二等或三等業餘電臺
70|8f99b6d4e131|二等業餘無線電人員得申請設置|D|||一等業餘電臺|船舶無線電臺|一等、二等或三等業餘電臺|二等或三等業餘電臺
71|d0dd7e72c96e|三等業餘無線電人員得申請設置|B|||二等或三等業餘電臺|三等業餘電臺|廣播電臺|船舶無線電臺
72|089610edd754|某未取得業餘無線電人員執照之軍中報務士|D|||得申請設置三等業餘電臺|得申請設置一等、二等或三等業餘電臺|得申請設置二等或三等業餘電臺|不得申設業餘無線電臺
73|58c854698001|軍中報務士可以申請換發那等級的業餘無線電人員執照？|C|||一等|三等|不得申請|二等
74|f8000afb05c2|某未取得業餘無線電人員執照之高級電信工程人員|A|||不得申設業餘無線電臺|得申請設置三等業餘電臺|得申請設置二等或三等業餘電臺|得申請設置一等、二等或三等業餘電臺
75|4a4eea4f3277|高級電信工程人員執照可以申請換發那等級的業餘無線電人員執照？|B|||三等|不得申請|二等|一等
76|caef81fdb720|持有漁船無線電對講機執照可以申請換發那等級的業餘無線電人員執照？|D|||一等|二等|三等|不得申請
77|117ef1ffa2ff|具何種資格之外國人於取得業餘無線電人員執照後，得比照本國業餘無線電人員申設業餘電臺|C|||取得我國簽證|取得我國大學學位|取得我國居留證明|參加我國舉辦之業餘無線電研討會
78|ad50b2f29be9|固定式業餘電臺|B|||僅限設置一部|除特殊業餘電臺及臨時電臺外，一人以設置一座為原則|得未經主管機關核可，當作中繼使用|不得申請設置備用無線電機
79|9485ec2131bf|U/VHF頻段行動式業餘電臺，按一機一照辦理，其輸出功率不得超過|B|||20 瓦特|25 瓦特|35 瓦特|30 瓦特
80|b7656821c8a7|U/VHF頻段業餘電臺，其輸出功率超過幾瓦特即需固定設置？|D|||30 瓦特|35 瓦特|20 瓦特|25 瓦特
81|c1daa44f8026|50百萬赫頻段以下之業餘電機，其輸出功率在幾瓦特以下得申請行動式|B|||100 瓦特|50 瓦特|60 瓦特|75 瓦特
82|b5361ec1c0ce|50百萬赫頻段以下之業餘無線電機，其輸出功率在幾瓦特以上需申請固定式業餘電臺？|B|||60 瓦特|50 瓦特|100 瓦特|75 瓦特
83|5443562c1eca|三等業餘無線電人員在使用U/VHF頻段之行動式業餘電臺時，在電臺功能允許下，得採何種發射方式？|D|||影像發射|電報發射|電話發射|以上皆是
84|02a3b769c7ce|業餘無線電人員得先操作業餘頻段專用收信機，於熟悉業餘無線電通信實務後|C|||再申請異動增設發信設備|再申請註銷增設發信設備|再申請設置無線電臺|不必申請異動，即可逕行增設發信設備
85|d75f2b589eaf|三等業餘無線電人員操作業餘電臺時，在電臺功能允許下可採何種發射方式|A|||以上皆是|數據|影像|電話
86|82c45d1e57c9|違反業餘無線電管理辦法第六條有關業餘無線電人員之規定者，應依電信法相關規定處新臺幣一萬元以上多少元以下罰鍰？|D|||二萬元|三萬元|四萬元|五萬元
87|86d1d4dc3815|業餘無線電人員申請固定式業餘電臺架設時，應填具業餘電臺設置申請書一份，並檢附業餘無線電人員執照影本及業餘無線電機認證證明等文件，向下列那單位申請？|C|||當地公路監理站（所）|內政部|主管機關|當地業餘無線電團體
88|104d5b9e45a5|業餘無線電人員向主管機關申請設置固定式業餘電臺時，所領得之架設許可證有效期間為|C|||一年|五年|六個月|三個月
89|49e2908e1f0d|業餘無線電人員於取得固定式業餘電臺架設許可證後，應於架設許可證有效期間內完成架設，並於完成後，向下列那一單位申請審驗？|B|||當地業餘無線電團體|主管機關|當地公路監理站（所）|內政部
90|5524890c2b5d|業餘無線電人員申請行動式業餘電臺執照時，應填具行動式業餘無線電臺執照申請書一份，並檢附業餘無線電人員執照影本及備妥業餘無線電機，向下列那一單位申請核發行動式業餘電臺執照？|D|||內政部|當地公路監理站（所）|當地業餘無線電團體|主管機關
91|0256869c5c2b|業餘無線電人員向主管機關申請固定式業餘電臺架設架設時，應檢附什麼資料？|A|||以上皆是|業餘無線電人員執照影本|採經型式認證合格之業餘無線電機架設者，應檢附業餘無線電機型式認證證明或文件影本：採非經型式認證電機者，檢附相關技術規格資料影本等|固定式業餘電臺設置申請書
92|2668ef111348|業餘電臺執照有效期間為5年，執照所有人應於期限屆滿前6個月起5個月內，向下列那一單位申請換發執照？|C|||內政部|當地業餘無線電團體|主管機關|當地公路監理站（所）
93|fc6b0dc7dfa0|業餘無線電機設備或固定式業餘電臺設置地點變更時|C|||不必申請即可逕行變更使用|應通知當地戶政事務所變更原始登記事項後使用|應填具電臺異動申請書，向主管機關申請，經審驗合格，換發電臺執照後，始得使用|應向內政部申請異動
94|7fd093cbf37b|業餘電臺設置天線不得違反內政部、國防部、交通部會銜發布之航空站飛行場助航設備四周|C|||禁止、限制發射辦法之規定|禁止、限制開發辦法之規定|禁止限制建築物及其他障礙物高度管理辦法之規定|禁止、限制輻射辦法之規定
95|c52e85130343|為避免危及公共安全，業餘電臺設置之天線結構應與高壓電線保持安全距離，下列那種情形，應具有航空色標及標識燈具|D|||天線高度超過地平面 10 公尺者|天線高度超過地平面 30 公尺者|天線高度超過海平面 60 公尺者|天線高度超過地平面 60 公尺者
96|c2ea764b3ba8|業餘電臺呼號之第一字元使用英文字母Ｂ，呼號之第二字元優先由英文字母Ｍ、Ｎ、Ｏ、Ｐ、Ｑ、Ｕ、Ｖ、Ｗ及Ｘ內選配，呼號之第三字元使用一個阿拉伯數字，除了數字０外，其他數字用以代表|B|||業餘電臺所在之省份|業餘電臺所在之縣、市|業餘電臺所在之國家|業餘電臺之所有人
97|f3eded3da069|業餘無線電臺之呼號，由電信監理資訊系統自動產生|B|||任何人員皆得要求指配特定呼號|任何人員皆不得要求指配特定呼號|必要時得敘明理由要求指配特定呼號|得指配特定呼號予非業餘無線電人員
98|99d59a14f3ff|業餘無線電人員取得較高等級之資格後，原設置之業餘電臺|D|||得申請增配呼號|不得申請改配呼號|於設置地點變更時，始得申請改配呼號|得申請改配呼號，惟原呼號不得再使用
99|67bc22138c52|某業餘無線電臺之呼號為 BX2A，表示該電臺為設置於中華民國|A|||臺北地區之業餘中繼電臺|臺北地區之三等業餘電臺|苗栗、臺中地區之二等業餘電臺|離島地區之二等業餘電臺
100|0d1193faefd7|某業餘無線電臺之呼號為 BV9P，表示該電臺為設置於中華民國|A|||離島地區之特殊業餘電臺|苗栗、臺中地區之三等業餘電臺|臺北地區之業餘中繼電臺|臺北地區之一等業餘電臺
101|8a7a138d22bc|某業餘無線電臺之呼號為 BV5VA，表示該電臺為設置於中華民國|C|||臺北地區之一等業餘電臺|臺北地區之特殊業餘電臺|彰化、南投、雲林地區之一等業餘電臺|離島地區之二等業餘電臺
102|f28b048f5773|某業餘無線電臺之呼號為 BX7AA，表示該電臺為設置於中華民國|C|||彰化、南投、雲林地區之二等業餘電臺|離島地區之二等業餘電臺|高雄地區之一等業餘電臺|臺北地區之一等業餘電臺
103|aff753af657f|某業餘無線電臺之呼號為 BV8AAA，表示該電臺為設置於中華民國|D|||離島地區之二等業餘電臺|彰化、南投、雲林地區之二等業餘電臺|高雄地區之一等業餘電臺|屏東、花蓮、臺東地區之三等業餘電臺
104|439a28bbc65b|某業餘無線電臺之呼號為 BX4AAA，表示該電臺為設置於中華民國|C|||高雄地區之一等業餘電臺|離島地區之三等業餘電臺|苗栗、臺中地區之二等業餘電臺|屏東、花蓮、臺東地區之三等業餘電臺
105|e1717b3b50dd|某業餘無線電臺之呼號為 BV3AAA，表示該電臺為設置於中華民國|A|||桃園、新竹地區之三等業餘電臺|屏東、花蓮、臺東地區之二等業餘電臺|離島地區之三等業餘電臺|苗栗、臺中地區之一等業餘電臺
106|1b74fa1c0458|某業餘無線電臺之呼號為 BV6WAD，表示該電臺為設置於中華民國|C|||離島地區之三等業餘電臺|桃竹地區之二等業餘電臺|嘉南地區之三等業餘電臺|屏東、花蓮、臺東地區之一等業餘電臺
107|31720f6ea251|某業餘無線電臺之呼號為 BX1AAA，表示該電臺為設置於中華民國|A|||基宜地區之二等業餘電臺|桃竹地區之一等業餘電臺|離島地區之三等業餘電臺|嘉南地區之三等業餘電臺
108|0cd5aa607de5|業餘電臺於語音通信時，呼號應使用|C|||國語或臺語|國語或臺語或英語|英語或國際無線電規則規定之英語識別代字|國語
109|76887a76f527|業餘無線電人員在其資格等級以上之業餘電臺作業時，得以所在電臺之呼號作業。若在較低等級之電臺作業時，則應於所在電臺之呼號後以甚|D|||空白|分號|逗點|斜線
110|9d6d00c24318|業餘電臺於初次建立通信或通信完畢時，均應報明呼號，通信中每隔多少時間或更短期間應報呼號一次|A|||十分鐘|二十分鐘|三十分鐘|四十分鐘
111|5ff9ca6147e3|可放大射頻功率，不屬發射機原始設計內之組件，但可與發射機連結使用而加大發射之輸出功率之裝置稱為|A|||外接射頻功率放大器|龜殼花|減波器|射頻增幅器
112|43cba6b6b2d3|業餘電臺設備之輸出功率及工作頻率|A|||應符合我國業餘無線電機技術規範之規定|應符合美國聯邦通信委員會之業餘無線電技術標準|應符合日本國郵政省業餘無線電技術規範之規定|無任何規範
113|74fb7cf4922d|在業餘無線電管理辦法所採用之發射功率計量方法有|C|||輸出功率及有效輻射功率（ERP）二種|輸出功率（output power）|輸出功率、有效輻射功率及等效全向輻射功率（EIRP）三種|輸入功率
114|8ab711dabc79|業餘無線電機屬？|A|||需電臺執照之電信管制射頻器材|烹飪器材|不需電臺執照之電信管制射頻器材|刀械彈藥管制器材
115|4df2cecf3bdf|業餘無線電人員購買業餘無線電機後，下列何者正確？|A|||經審驗合格發給執照，始得使用|購買後即可使用|租予他人使用|加大功率使用
116|71658c8cf38d|三等業餘無線電人員使用頻率範圍及發射功率之規定為|D|||頻率限於144百萬赫至148百萬赫及430百萬赫至440百萬赫，功率限於50瓦特以下|頻率限於144百萬赫至148百萬赫及430百萬赫至440百萬赫，功率限於25瓦特以下|頻率限於144百萬赫至146百萬赫及430百萬赫至432百萬赫，功率限於50瓦特以下|頻率限於50百萬赫至50.15百萬赫、144百萬赫至146百萬赫及430百萬赫至440百萬赫，功率限於25瓦特以下
117|a1355d22d21a|業餘無線電頻率145百萬赫及433百萬赫為呼叫緊急救難頻率，任何電臺在呼叫完畢後，須改換至其他頻率工作，不得停留佔用及干擾，平時應經常守聽，俾供|B|||做為消防救難大隊之專用頻道|緊急呼叫及提供救助呼叫使用|做為個人通信之專用頻道|做為救難大隊之專用頻道
118|554bcec6ccae|當一通訊網路啟用時，你與友臺正在該頻率上通信，應如何處理？|D|||關機|加大功率以強佔頻率|持續發射讓大家都無法使用|禮貌地切換至其他頻率
119|186208eab032|若你是VHF通訊網路的主控電臺，當平時使用的頻率被其他友臺先行使用了，應如何處理？|B|||當日停止通信|避開該頻率，並於鄰近無人使用的頻率進行通信|降低功率輸出，按原計畫使用|加大功率以強佔頻率
120|1df465dbc86e|業餘無線電臺至少應有幾個控制點？|A|||一個|二個|三個|不需要
121|29b5ba264132|於業餘無線電臺執照內指定，負責控制電臺信息之傳送，以確保符合無線電規章規定之業餘無線電人員稱為|B|||管理員|控制員|作業員|頻率協調員
122|14867db18b80|由當地或當區合法業餘電臺或中繼電臺控制員共同認可之人員，擔任協調並建議該等電臺所適用之發射及接收之頻路、相關作業及技術參數之任務，以避免或減少干擾，稱為|C|||作業員|控制員|頻率協調員|管理員
123|b42ebabb12da|業餘無線電控制員執行控制作業任務之地點，稱為|A|||控制點|作業點|頻率協調點|管理點
124|74105e80f0a8|業餘無線電人員操作業餘無線電臺時，下列何種行為是被禁止的？|C|||不佔用特定業餘無線電頻率|不將電臺租予他人|使用未經指配之電臺呼號|不對其他無線電信號產生干擾
125|616d86da975b|業餘電臺之發射機件或其電源線產生之混附發射，對其他無線電通信產生妨害性干擾時|A|||應立即停止發射並予以改善|應立即要求遭干擾之電臺停止發射並予以改善|應不予理會並繼續發射|可繼續發射，至主管機關通知後始停止發射並予以改善
126|bd80b3b6813d|下列何種業餘電臺之行為是被禁止的？|D|||不對其他無線電信號產生干擾|使用主管機關核准之密語或密碼通信|不傳送不實之信號或信息|使用未經指配之頻率及電臺呼號
127|8b809fe57369|下列何種業餘電臺行為是被禁止的？|A|||從事違法通信或傳送非法信息|不從事廣播或蒐集新聞活動|不播放音樂、唱歌、吹口哨，不使用鄙俚、淫邪之語音。影像信號或爭吵之信號|不作涉及公眾電信業務或從事具有任何營利性質之通信
128|2a6a1abfcce8|業餘無線電人員操作業餘無線電臺時，下列何種行為是被禁止的？|C|||不對其他無線電信號產生干擾|不佔用特定業餘無線電頻率|將電臺租予他人|不使用未經指配之電臺呼號
129|e1e507023f4e|取得業餘無線電臺執照後，未經主管機關核准私自「擴頻」使用，例如核准頻率為144-146百萬赫，使用時卻調到148百萬赫，此行為屬|C|||合法|違反民法|違反電信法相關規定|違反刑法
130|31673310bf76|業餘電臺於初次建立通信或通信完畢時均應報名呼號，其呼號為|B|||007|主管機關指配之電臺呼號|長江1號|使用自取臺號（秘雕、孔鏘、嗶伯……）
131|8af28abe7407|未經主管機關核准，強行佔用特定業餘無線電頻率。例如：某一電臺在頻率上宣稱「這個跑道我們用很久了」以驅趕其他合法使用者，此種行徑|A|||屬違法的行為|很好，佔久了就是我們的|無所謂，沒人管|屬合法的行為
132|1d7ebece92bb|對其他無線電信號產生干擾。例如干擾其他使用者而壓空信號、放音樂等|D|||屬合法的行為|很好，佔地為王，捍衛權利|無所謂，欺過路客，顯示我神通廣大|屬違法的行為
133|e669c3130f13|下列何者屬公眾通信？|B|||航空行動通信業務|公眾行動電話、行動寬頻|航海無線電通信業務|27百萬赫市民波段通信
134|afa125b889f6|我在使用業餘電臺無意中收到公眾通信通話，|B|||我可以利用業餘電臺向大眾公佈|其內容不可以洩露、發佈或加以利用|我深以為得到許多信息而覺得偉大|我可以告訴我的女朋友表示我的神通廣大
135|16f9dba0670e|我在使用業餘無線電臺時|C|||偷聽別人使用大哥大通信|把收到之公眾通信據為己用|禁止未經核准截收非供公眾一般需用之無線電通信|利用收聽到之公眾通信內容並告之通信社加以公佈
136|c6a354d69f51|佔用業餘無線電頻率使用在開店送瓦斯、餐廳點菜、與營業車隊派車調度等都屬|A|||違反業餘無線電管理辦法行為|使用無線電不用付費，又不違反|無所謂|合法行為
137|6d0265a8a613|某一業餘無線電人員取得業餘無線電臺執照後，未經主管機關許可擅自加大功率，例如將原電臺功率由25瓦特增為50瓦特，|B|||無所謂|屬違法行為|很好，功率愈大愈好用|屬合法行為
138|b9c291b3524c|某地區一固定設置之業餘電臺禮讓路過之業餘無線行動電臺優先使用並提供協助|B|||不值得學習。|屬業餘無線電人員禮讓的表現|取笑他並繼續使用該頻段|不予理會直接加大功率示威
139|1edc4af998e2|將電臺租予他人，係|A|||屬違法的行為|屬合法的行為|政府管不著|高興就好
140|0c8849c99691|公司行號能否申請使用業餘無線電作為業務使用？|D|||可|買來直接使用即可|不用申請|不可
141|7e3ab2cf30d1|於業餘無線電播放音樂，係|A|||屬違法行為|寬宏大量的行為|屬合法行為|獨樂樂不如眾樂樂
142|06d4678785bf|違反業餘無線電管理辦法規定者，應依|D|||槍砲彈藥刀械許可及管理辦法相關規定處罰|消費者保護法相關規定處罰|氣象法相關規定處罰|電信法相關規定處罰
143|2d3482df4585|違反業餘無線電管理辦法第十六條至第十八條規定，擅自設置或使用業餘電臺，其電信器材，不問屬於犯人與否，依電信法相關規定|B|||燒毀|得沒收之|拍賣|丟棄
144|fb723ab53bf6|違反業餘無線電管理辦法第十六條至第十八條規定，擅自設置或使用業餘電臺，影響飛航安全者|D|||依妨害公務罪處罰|依偽造文書罪處罰|依贓物罪處罰|依公共安全罪加重處罰
145|2ea80e04a043|違反業餘無線電管理辦法第十六條至第十八條規定，擅自設置電臺者；或違反第四條規定擅自使用或變更無線電頻率、電功率、發射方式及電臺呼號，未干擾通信者，或違反本辦法其他規定者，依電信法相關規定|D|||處新臺幣五十萬元以上罰鍰|予以口頭警告|處新臺幣十萬元以下罰鍰|處新臺幣十萬元以上五十萬元以下罰鍰
146|6426b7e763f2|未經主管機關許可，即行設置或使用無線電器材者，應依|B|||陸海空軍刑法處罰|電信法相關規定處罰|緊急動員法處罰|刀械彈藥管制條例處罰
147|e0d2079d01bc|足使資訊傳輸獲得在各類發射所規定條件下之傳輸品質及所需速率之頻帶寬度稱為|A|||必需頻帶寬度|佔用頻帶寬度|民用頻帶寬度|指配頻帶寬度
148|1d3abe4fe5e2|以總發射平均功率為中心衰減至低於總發射平均功率至少二十六分貝處，包括發射機容許頻率漂移及杜卜勒頻率漂移之頻率帶域寬度稱為|C|||業餘頻帶寬度|指配頻帶寬度|佔用頻帶寬度|必需頻帶寬度
149|fb2ec5b7e7c8|載波遏制之程度足以使載波信號回復供解調使用之一種調幅單邊帶發射稱為|D|||遏制載波單邊帶發射|殘邊帶發射|強載波單邊帶發射|減載波單邊帶發射
150|9d5b7ed3e3e8|載波被實質遏制，於解調時不予使用之一種調幅單邊帶發射稱為|C|||強載波單邊帶發射|殘邊帶發射|遏制載波單邊帶發射|減載波單邊帶發射
151|f013dc201673|電視影像信號以|D|||減載波單邊帶發射|遏制載波單邊帶發射|強載波單邊帶發射|殘邊帶發射
152|fffce6a16519|由發射機輸出傳送到天線之功率及其天線與半波偶極天線相對增益之乘積稱為|B|||輸出功率（output power）|有效輻射功率（ERP）|輸入功率|有效全向輻射功率（EIRP）
153|f0bbb06c0614|發射或接收做為觀測電波傳播及其他相關實驗活動信號之業餘電臺稱為|D|||遙測電臺|中繼電臺|實驗電臺|示標電臺
154|37a302ca7235|利用業餘無線電傳送遠端觀測實驗信號之業餘電臺稱為|C|||示標電臺|實驗電臺|遙測電臺|中繼電臺
155|49c3e40d3661|自動轉發其他電臺信號之業餘電臺稱為|D|||示標電臺|實驗電臺|遙測電臺|中繼電臺
156|c17b1f27b904|設置於超過地面五十公里之業餘電臺稱為|A|||太空電臺|地球電臺|遙測電臺|中繼電臺
157|53d70e4c7306|設置於離地面五十公里以內，擬與太空電臺或經由其他一或數具太空上之載具與其他地球電臺通信之業餘電臺稱為|A|||地球電臺|中繼電臺|遙測電臺|太空電臺
158|06f61f3a037b|經由控制鏈路間接遙控控制之業餘電臺稱為|A|||遙控電臺|地球電臺|遙測電臺|太空電臺
159|d84fcb1c89a4|傳送無線電信號以資指揮太空電臺之起動、修正或停止作業功能之業餘電臺稱為|C|||地球電臺|遙控電臺|指揮電臺|太空電臺
160|56d150bc52a4|為符合無線電規章之規定，控制員在電臺內直接調校、控制無線電通信作業，稱為|D|||自動控制|遙控控制|離線控制|即席控制
161|f0c26e211962|為符合無線電規章之規定，控制員經由控制鏈路間接調校、控制業餘無線電通信作業，稱為|C|||即席控制|自動控制|遙控控制|離線控制
162|00098af76a60|為符合無線電規章之規定，在無人操作之控制點上，自動控制該電臺之傳送所使用之設備及程序，稱為|A|||自動控制|離線控制|即席控制|遙控控制
163|2e449a7b31bc|第三者通信指業餘電臺之控制員為他人傳送信息予何人之通信|D|||另一非業餘無線電人員|任何其他人員|公眾通信|另一業餘電臺控制員
164|4208cbefb32a|業餘無線電人員設置臨時電臺、輔助電臺、示標電臺、中繼電臺、地球電臺、太空電臺、遙控電臺、遙測電臺或指揮電臺等特殊業餘電臺時應向|D|||當地公路監理站申請|內政部申請|當地業餘無線電團體申請|主管機關申請
165|348330a6387e|業餘無線電臺執照即將屆期時，|B|||若已不想操作，應逕向主管機關申請電機封存或監燬|以上皆是|不予理會，持續使用|若要繼續使用，應於有效期屆滿前辦理換照
166|6233a484fa7c|個人進口或自製業餘無線電機僅供自用者，應向主管機關申請審驗合格|D|||即可使用|並取得廣播執照後始得使用|並取得型式認證證明後始得使用|並取得電臺執照後始得使用
167|c09229822e20|自動控制電臺僅能傳送多少百萬赫之無線打字或數據通信？|B|||10 百萬赫|超過50 百萬赫|20 百萬赫|30 百萬赫
168|cb638edcb6e0|廠商應依電信法相關規定向何單位申請許可或備查，始得產銷業餘無線電機？|C|||刑事警察局|標檢局|主管機關|經濟部
169|dc0de62d569f|業餘無線電人員取得較高等級之測試及格，原設置之業餘電臺得申請改配呼號。其呼號一經改配，原呼號該電臺|A|||不得再使用|可併同使用到大家都認識我的新呼號為止|可再使用至執照到期日|可永久使用
170|c511802bdeed|業餘電臺連接公共通信系統或供設置目的以外之用時，應符合以下法令規定？|A|||專用電信設置使用及連接公共通信系統管理辦法第四條規定|業餘無線電管理辦法|電波監理業務管理辦法|無相關法令規定
171|50ded5846382|業餘無線電人員經主管機關核發較高等級之業餘無線電人員執照時，原執照效力為何？|B|||有效。可同時持有一張以上業餘無線電人員執照|原執照失其效力|原執照效期未過仍有效|原執照有效
172|20de941e9704|業餘無線電人員設置業餘電臺，除以下電臺外，應申請架設許可，經審驗合格，取得電臺執照，始得使用？|B|||固定式業餘電臺|臨時電臺|行動式業餘電臺|特殊業餘電臺
173|2056cb30e0c2|電臺審驗不合格者，得於架設許可證有效期間內申請複驗，並以幾次為限？|A|||一次|無限次數|二次|三次
174|26b194b0144d|以下何者非業餘無線電管理辦法規定之特殊業餘電臺？|D|||中繼電臺|示標電臺|太空電臺|臨時電臺
175|fe71e5a4b474|申請設置特殊業餘電臺應檢具以下那些文件，經全國性業餘無線電團體向主管機關申請核准？|A|||特殊業餘電臺及呼號指配申請書與設置使用管理計畫書|固定式業餘電臺設置申請書|特殊業餘電臺計畫書|行動式業餘電臺執照申請書
176|5aa90bad90dd|業餘無線電人員設置設置使用臨時電臺，其使用期間為何？|C|||無時間限制|一年|六個月為限|以上皆非
177|2e3524408540|業餘電臺執照有效期間為何？業餘電臺所屬者應於電臺執照有效期間屆滿前多久向主管機關申請換照？|B|||五年；一個月內|五年；六個月起五個月內|十年；一個月內|十年；五個月內
178|4de91ddecf14|業餘電臺之業餘無線電機之輸出功率及工作頻率應符合以下法令之規定？|C|||業餘無線電管理辦法|電波監理業務管理辦法|業餘無線電機技術規範|以上皆非
179|d79f7b87108d|業餘電臺之業餘無線電機之頻率容許差度及混附發射應符合以下法令之規定？|A|||電波監理業務管理辦法|業餘無線電管理辦法|以上皆非|業餘無線電機技術規範
180|96c6d468c4d2|業餘電臺增設或變更外接射頻功率放大器或套件時，所屬者應向誰申請，經審驗合格，換發電臺執照，始得使用？|C|||當地業餘無線電團體|內政部|主管機關|經濟部
181|b0ac7bfaf997|業餘電臺之外接射頻功率放大器或套件，應符合下列何種之規定？|C|||業餘無線電管理辦法|電波監理業務管理辦法|業餘無線電機技術規範|以上皆非
182|ccd5e5f43f6b|業餘無線電人員利用業餘電臺傳送無線打字或數據時，應使用下列規定之數據碼操作模式？|A|||以上皆是|BAUDOT碼|AMTOR碼|ASCII碼
183|c266f679be1f|以下何者始能申請及從事展頻通信實驗？|D|||三等業餘無線電人員|以上皆非|一般人即可|限一等或二等業餘無線電人員
184|33babeb269ad|供展頻通信實驗之發射機輸出功率及工作頻率應為何？|C|||以上皆非|輸出功率小於一百瓦特；工作頻率四三○百萬赫以下|輸出功率不得大於一百瓦特；工作頻率四三○百萬赫以上|輸出功率大於一百瓦特；工作頻率四三○百萬赫以上
185|b62725ed14e4|展頻通信實驗應做成紀錄，並應保存幾年？|A|||一年|二年|四年|三年
186|8111be288469|為業餘無線電作業之推廣或教育活動目的，業餘無線電團體或一等、二等業餘無線電人員，經向誰申請核准後，得於活動現場，在其監督及指導下，提供業餘電臺或臨時電臺供非業餘無線電人員操作？|A|||主管機關|內政部|經濟部|當地業餘無線電團體
187|4a5076f1be92|業餘無線電人員操作業餘電臺，使用業餘無線電次要業務之頻段時，應遵守什麼規定？|D|||不應對業經指配之主要業務電臺產生妨害性干擾|須忍受合法通信之妨害性干擾|不得干擾主要業務|以上皆是
188|423450e3c6ba|頻率容許差度，在正常供應電壓下，溫度在幾℃間變化？|B|||-15℃至55℃|-10℃至50℃|-5℃至50℃|-15℃至50℃
189|7879d700cbb5|工作頻率小於30百萬赫者，電臺發射器或外接功率放大器之混附發射|D|||40 dB|38 dB|45 dB|43 dB
190|617328800abd|工作頻率為17.7吉赫以上者，混附發射依以下法令規定？|A|||電波監理業務管理辦法|以上皆非|業餘無線電機技術規範|業餘無線電管理辦法
191|3b65b97866b0|一等業餘無線電機，50百萬赫~50.15百萬赫頻段，輸出功率限幾瓦？|A|||400 瓦特以下|100 瓦特以下|200 瓦特以下|300 瓦特以下
192|7a779efcc70b|一等業餘無線電機，430百萬赫~440百萬赫頻段，輸出功率限幾瓦？|C|||400 瓦特以下|200 瓦特以下|100 瓦特以下|300 瓦特以下
193|3c7bb651a4a4|二等業餘無線電機，50百萬赫~50.15百萬赫頻段，輸出功率限幾瓦？|A|||200 瓦特以下|400 瓦特以下|300 瓦特以下|100 瓦特以下
194|0235b3647585|二等業餘無線電機，430百萬赫~440百萬赫頻段，輸出功率限幾瓦？|D|||200 瓦特以下|100 瓦特以下|10 瓦特以下|50 瓦特以下
195|550dc664b8b3|三等業餘無線電機，50百萬赫~50.15百萬赫頻段，輸出功率限幾瓦？|A|||25 瓦特以下|10 瓦特以下|2 瓦特以下|50 瓦特以下
196|270f043b78b3|三等業餘無線電機，430百萬赫~440百萬赫頻段，輸出功率限幾瓦？|C|||50 瓦特以下|10 瓦特以下|25 瓦特以下|2 瓦特以下
197|82020520a8e0|查驗外接射頻功率放大器時，應以多少瓦以上之平均射頻輸入功率驅動至其輸出功率（設計功率）達到飽和功率？|A|||50 瓦特|150 瓦特|100 瓦特|以上皆非
198|a0229a9f297e|頻率容許差度在20℃下，供應電壓在額定值之±15％內變化時，工作頻率為VHF或UHF者，其規定為何？|B|||限±2ppm內|限±5ppm內|限±3ppm內|限±4ppm內
199|8e6e6a6637f7|業餘無線電人員操作業餘電臺時，以下行為是被禁止的？|C|||不將電臺租予他人使用|不傳送不實之信號或信息|於遙控無人機利用業餘電臺傳送信號或信息|不對其他無線電信號產生干擾
200|95dabbf42fb2|非本國籍業餘無線電人員於中華民國領域內短期操作業餘電臺，經核准之作業期間規定為何？|C|||以上皆非|無時間限制|六個月為限|一年
201|58417e2d7dbf|自動控制作業之業餘電臺傳送無線打字或數據通信之頻率規定為何？|C|||以上皆非|40 百萬赫以上|50 百萬赫以上|50 百萬赫以下
202|fb70e5acc072|業餘電臺至少應有一個控制點，其傳送信息或信號時，除什麼作業外，控制員應在其中一個控制點上作業？|C|||以上皆非|遙控控制作業|自動控制作業|即席控制作業
203|98ad8cb78683|特殊業餘電臺設置者應於接獲誰之通知之日起，記錄及保存通信紀錄，並依誰之要求方式提供之？|D|||經濟部|當地業餘無線電團體|內政部|主管機關
204|aa81d427fe71|業餘電臺拆除外接射頻功率放大器或套件時，所屬者應依以下法令規定辦理，並應向主管機關申請換發電臺執照？|A|||電信管制射頻器材管理辦法|業餘無線電機技術規範|以上皆非|業餘無線電管理辦法
205|9af8e103b0f2|申請設置特殊業餘電臺所檢具設置使用管理計畫書應載明以下那些共同事項？|A|||以上皆是|電臺控制作業之運作方式及架構|通信紀錄之保存方式及保存期間等規劃|業餘無線電機具發射或兼具收發功能
206|1984c58cfaa6|申請固定式業餘電臺執照，其電臺審驗不合格者，得於架設許可證有效期間內申請複驗，並以幾次為限？|A|||一次|無次數限制|三次|二次
207|d1c4876e1124|收發信機之接收機，其不必要發射應符合以下法令之規定？|A|||低功率射頻電機技術規範|電信管制射頻器材管理辦法|以上皆非|業餘無線電管理辦法
208|865a75a49865|非本國籍業餘無線電人員經主管機關核准於中華民國領域內短期操作業餘電臺者，其臨時電臺呼號之第三字元使用為何？|A|||斜線|以上皆非|阿拉伯數字|英文字母
209|9e68c5e39d43|臨時電臺之呼號組合，若申設目的涉及紀念性質，其呼號組合亦得不受第三字元使用之限制。但以第三及第四字元使用為何？|B|||均使用英文字母為限|均使用阿拉伯數字為限|第三字元使用阿拉伯數字；第四字元使用英文字母|以上皆非
210|baaf4407772a|呼叫及緊急救難頻率規定為何，任何電臺不得停留佔用及干擾？|D|||144百萬赫及432百萬赫|以上皆非|145百萬赫及431百萬赫|145百萬赫及433百萬赫
211|a5a0fcf29df8|一、二等業餘無線電機，135.7 千赫～137.8 千赫頻段，輸出功率限幾瓦特？|D|||以上皆非|400 瓦特以下|200 瓦特以下|1 瓦特（EIRP）以下
212|b0265167966a|設備調變頻率發射之最大允許頻率偏差，頻道間隔為12.5千赫者，調變信號之頻率偏差值為何？|C|||須介於±2.0 千赫|以上皆非|須介於±2.5 千赫|須介於±3.0 千赫
213|c7080f70c882|設備調變頻率發射之最大允許頻率偏差，頻道間隔為20.0千赫者，調變信號之頻率偏差值為何？|A|||須介於±4.0 千赫|須介於±3.0 千赫|須介於±3.5 千赫|以上皆非
214|c06c3fb93006|設備調變頻率發射之最大允許頻率偏差，頻道間隔為25.0千赫者，調變信號之頻率偏差值為何？|B|||須介於±4.0 千赫|須介於±5.0 千赫|須介於±4.5 千赫|以上皆非
215|8ae05e78d3a4|工作頻率為30百萬赫～235 百萬赫者，混附發射之平均功率至少應低於主波平均功率60dB，且不超過幾瓦特？|C|||2 毫瓦特|3 毫瓦特|1 毫瓦特|以上皆非
216|ca618f34708c|工作頻率為235百萬赫~960百萬赫者，混附發射之平均功率至少應低於主波平均功率60dB，且不超過幾瓦特？|C|||15 毫瓦特|10 毫瓦特|20 毫瓦特|以上皆非
217|90cf0a1c5807|工作頻率為960百萬赫~17.7吉赫者，混附發射之平均功率至少應低於主波平均功率50dB，且不超過幾瓦特？|B|||50 毫瓦特|100 毫瓦特|以上皆非|150 毫瓦特
218|ce21d745d35a|非本國籍業餘無線電團體或人員於中華民國領域內短期操作業餘電臺，單次入境者，主管機關以核准幾次為限？|D|||無次數限制|以上皆非|二次|一次
219|ec8881a50a5c|無法於固定式業餘電臺架設許可證有效期間內完成架設者，得於期間屆滿前二個月起一個月內敘明理由，向主管機關申請展期，展期期間為幾個月，並以一次為限？|D|||四個月|二個月|八個月|六個月
1|c4341e395e1e|業餘衛星的上升通行方向(direction of ascending pass)是什麼？|B|||由西往東|由南往北|由東往西|由北往南
2|e780a528878a|業餘衛星的下降通行方向(direction of descending pass)是什麼？|B|||由西往東|由北往南|由南往北|由東往西
3|deb14e681e71|什麼是地球衛星的軌道周期？|B|||衛星從近地點運行到遠地點所花費的時間|衛星繞地球公轉一次所花費的時間|衛星軌道的最低點|衛星軌道的最高點
4|afded4dfdadc|衛星業餘無線電之模式(mode)係指下列何者?|A|||衛星上鏈及下鏈的工作頻率頻段|衛星是否在極地或赤道軌道|衛星相對於地球的方向|一種可以通過衛星中繼的信號類型
5|fc0947eaa934|衛星模式中的英文字母代號意義為何?|D|||上行鏈路和下行鏈路的傳輸功率限制|上行鏈路和下行鏈路信號極化|地面控制站的位置|上行鏈路和下行鏈路的頻率範圍
6|3d7ee6d3ea65|如果業餘衛星在模式U / V工作，會在哪個頻段接收訊號？|C|||144 百萬赫 - 146 百萬赫|50.0 百萬赫 - 50.2 百萬赫|435 百萬赫 - 438 百萬赫|29.5 百萬赫 - 29.7 百萬赫
7|a70a27aade5a|以下哪種類型的信號可以透過線性衛星轉頻器傳送？|B|||PSK and Packet|以上皆是|SSB and SSTV|FM and CW
8|c090d5f1c816|為什麼使用線性衛星轉頻器傳送的有效輻射功率需要受到限制？|D|||避免干擾陸地通聯(QSO)|防止衛星發射頻帶外信號|防止在衛星遙測中發生錯誤|避免減低其他使用者的下行鏈路功率
9|a2ad2dbddc7f|在衛星通信業務中，L頻段和S頻段指的是甚麼?|A|||23公分和13公分頻段|FM和數字儲存轉發系統|使用了其中一個邊帶|2公尺和70公分頻段
10|671299a47986|為什麼從業餘衛星接收到的信號會出現快速的重複衰落效應？|A|||因為衛星正在旋轉|由於電離層吸收|因為杜卜勒效應|由於衛星在低軌道高度
11|5fb0cab3d172|哪一種類型的天線可以使旋轉調變與法拉第旋轉的效應最小化?|D|||線性極化天線|對數週期偶極子陣列|全向性天線|圓極化天線
12|75c87e21bc64|下列哪一項是在特定時間預測衛星位置的方法？|D|||從軌道傾角減去平均異常量|從軌道傾角加上平均異常量|透過特定衛星的杜卜勒數據|用指定衛星的杜卜勒單元進行計算
13|fce15e853849|哪一種類型的衛星會停留在天空的一個位置？|B|||地磁軌道衛星|地球靜止軌道衛星(地球同步衛星, GEO)|低地球軌道衛星(LEO)|高橢圓軌道衛星(HEO)
14|762b7efee7cd|下列哪一項技術用於即時追蹤攜帶業餘無線電的氣球?|A|||APRS (自動位置報告系統, Automatic Position Reporting System)|雷達|LORAN雙曲線遠程導航系統寬頻帶壓縮|信標信號的杜卜勒頻移
15|6b1d0cc206c8|在快速掃描(NTSC)電視系統中，每秒中傳送幾個畫面?|B|||90|30|120|60
16|140fbc7cab2d|每個快速掃描(NTSC)電視畫面，有幾條水平線?|B|||60|525|1080|30
17|0438a4fc3824|在快速掃描(NTSC)電視系統中，如何產生交錯掃描圖案?|A|||在某圖場(field)掃描奇數線，下一個圖場(field)則掃描偶數線|從下到上掃描每個圖場(field)|在某圖場(field)由左至右掃描，下一個圖場(field)則由右至左掃描|同時掃描兩個圖場(field)
18|45b7fa969b84|什麼是影像訊號的空白區?|A|||當由右至左或下至上掃描移動時，關閉掃描射線(beam)|水平和垂直同步脈波的同步化|傳送黑白測試圖案|當結束傳送時，關閉掃描射線(beam)
19|6f7d7ca33784|下列何者為在快速掃描電視傳送系統中使用殘邊帶的優勢?|B|||殘邊帶提供了高頻加強，使影像銳利化|殘邊帶降低所需使用頻寬，致可採用簡單的影像感測電路|殘邊帶包含色彩資訊|殘邊帶可攜帶聲音資訊
20|af1bbb707be6|什麼是殘邊帶調變?|A|||調幅調變(AM)中一邊完整，且另一邊部分傳送|窄頻調頻調變(FM)在頻率調變於載波之前，過濾掉其中單邊之音訊|展頻調變藉由單邊帶調幅調變後，再加上調頻調變|一種調變型式其中一邊反相
21|ff81c4fa4236|在NTSC視訊中攜帶色彩資訊的成分(component)叫什麼?|B|||照度|色度|頻譜強度|色調
22|43e2e997382f|下列何者為常見伴隨業餘快速掃描電視發送音訊的方式?|A|||以上皆是|影像載波調頻|獨立VHF或UHF音訊連結|副載波調頻
23|c53ea2e89153|利用DRM解碼慢速掃描電視(SSTV)，除了有接收SSB功能之接收機及適當的電腦外，還需要什麼硬體?|C|||特別的前端限制器|特別的IF轉換器|不需其他硬體|特別的去除同步脈波的帶阻濾波器
24|a9b3e78763f3|下列何者為HF業餘頻段裡傳送DRM聲音或慢速掃描電視(SSTV)所需的頻寬?|C|||20 千赫|15 千赫|3 千赫|10 千赫
25|f6ef4ab2fbc6|慢速掃描電視(SSTV)傳送的垂直掃描間隔信號(VIS)的功用為何?|A|||辨別所使用的SSTV模式|辨別發射電臺的呼號|提供垂直同步|鎖定彩色SSTV影像的色彩振盪器
26|8290d32c6907|在HF頻帶，通常如何傳送類比慢速掃描電視(SSTV)影像?|B|||影像被轉換為相應ASCII碼表示|代表影像的不同音頻(tone)頻率係以SSB傳送|代表影像的不同音頻(tone)頻率係以PSK傳送|影像被轉換為相應Baudot碼表示
27|6bcbf5c3bb09|業餘彩色慢速掃描電視(SSTV)影像通常採用多少掃描線?|B|||30 或 60|128 或 256|60 或 100|180 或 360
28|c1cb572484b2|在業餘慢速掃描電視(SSTV)中如何將影像的亮度編碼?|A|||音頻(tone)頻率|音頻(tone)振幅|同步頻率|同步振幅
29|d7eaa2972cb1|接收到何訊號，慢速掃描電視(SSTV)的接收裝置即開始新的影像掃描行?|B|||持續時間|特定的音頻(tone)頻率|特定的音頻振幅|雙音頻訊號
30|2f1b2fccd972|何者為北美快速掃描業餘電視(ATV)電臺所使用的視訊標準?|D|||PAL|Scottie|DRM|NTSC
31|6932da4526c4|慢速掃描電視(SSTV)的訊號之所佔頻寬大約為何?|A|||3 千赫|2 百萬赫|6 百萬赫|600 赫
32|16159db5a1ef|FM ATV 常見使用下列何頻率傳輸?|C|||14.230 百萬赫|29.6 百萬赫|1262 百萬赫|3.5 百萬赫
33|05d2f471b3e3|慢速掃描電視(SSTV)在何頻率有使用限制?|A|||限制在語音操作頻段，且頻寬不可大於相同調變模式之語音頻寬|限制在7.145 百萬赫、14.245 百萬赫、 21.345 百萬赫 和 28.945 百萬赫|不可在 54 百萬赫 以上的頻率操作|無，可在所有的業餘頻率操作
34|80cd1c577219|下列有關比賽之操作何者正確?|A|||操作者即使沒有遞送通聯紀錄(log)，仍可以進行通聯|每個比賽皆需交換訊號報告|對於其他業餘使用者的干擾是無法避免的，所以此干擾可接受|與其他電臺通聯，每次發射需要發射呼號
35|820bc9439adb|以下何者為HF比賽中自我通報(self-spotting)之最佳描述?|C|||在呼叫電臺前，快速調諧頻率的自動方法|在呼叫電臺前，快速調諧頻率的手動技巧|通常禁止某人將其呼號及操作的頻率公布在通報網路 (spotting network)上的作業方式|可接受手動將電臺呼號公布在通報網路(spotting network)上的作業方式
36|601fb7308ff9|下列何頻段通常業餘無線電比賽會避免使用?|D|||2 公尺頻段|6 公尺頻段|24 公分頻段|30 公尺頻段
37|eb9829be3720|什麼類型的傳輸最常用於業餘無線電網狀網路？|D|||在10 吉赫頻帶中的多頻移鍵控 (Multiple frequency-shift keying, MFSK)|在440 百萬赫頻帶上儲存和轉發 (store and forward)|在24 吉赫頻帶中的分頻多工 (Frequency division multiplex, FDM)|在2.4 吉赫頻帶的展頻 (Spread Spectrum, SS)
38|cfa8de0231a8|DX QSL 管理者之作用為何?|D|||指派頻率給遠征通聯活動|維運網路讓多數電臺與稀有遠方電臺(DX station) 通聯|中繼發自或傳送至遠方電臺(DX station)的呼叫|處理遠方電臺的通聯證明卡的收發
39|3752930f58a6|在VHF/UHF比賽期間，在何頻帶區域可能會發現較有最高級技巧的通聯?|C|||在頻帶的中頻段，通常會在全國呼叫頻率以上25 千赫處|在每個頻帶的高頻段，通常會預留給比賽使用|在每個頻帶的弱訊號通聯段，接近呼叫頻率|在每個頻帶的中頻段，通常在全國呼叫頻率
40|c3204772845d|什麼是Cabrillo資料格式?|B|||在比賽時交換資訊的方式|傳送電子比賽紀錄的標準|比賽贊助商會議規則|最常見的比賽規則
41|58ff48f556ab|什麼類型的設備通常用於建置業餘無線電網狀網路？|B|||具有1200 鮑數據機(modem)的2公尺VHF收發機|執行客製化軟體的標準無線路由器|連接兩個獨立電腦的USB端口之間的光纜|具有9600 鮑數據機(modem)的440 百萬赫收發機
42|356360aa5433|為何有些DX電臺接收在不同的頻率?|B|||因為DX電臺發射的頻率也許其他回應的電臺不能在該頻率發射|以上皆是|分隔呼叫電臺與DX電臺|用以減少干擾，來改善操作效率
43|3f0dfe7acb6a|當在比賽或pileup，嘗試與DX電臺通聯時，你通常需要如何識別你的電|D|||僅傳送你的呼號最後兩個字母直到建立通聯|傳送你的完整呼號和地理方格|傳送DX電臺呼號三次，再接上"我是"以及自己的完整呼號三次|傳送你的完整呼號一次或兩次
44|8014f96df886|當日落數個小時後，DX電臺訊號減弱到無法於整個HF頻帶通聯時，下列何者也許可幫助再建立通聯?|C|||轉換到更高頻率的HF頻帶|等24小時後再嘗試|轉換到更低頻率的HF頻帶|等90分鐘左右，待訊號衰減情況消失
45|d9207de1c694|下列何種數位模式特別設計用於流星散射信號？|D|||WSPR|Hellschreiber|APRS|FSK441
46|a3a1bf215c2d|下列何者是製作流星散射通信的好技術？|A|||以上皆是|具有快速重複的呼號和信號報告的短傳輸|不同位置的電臺輪流傳送15秒定時序列|使用高速CW或數位模式
47|64d1eb4e4704|下列何種數位模式於月面反射通信特別有用？|A|||JT65|Olivia|PACTOR III|FSK441
48|8a751066e1a1|在業餘無線電衛星上的數位儲存轉發功能的目的為何？|D|||延遲衛星之間遙測的下載|中繼衛星之間的訊息|上傳轉頻器的操作軟體|將數位訊息儲存於衛星，以便稍後其他電臺下載
49|06b01682b9ca|低地球軌道數位衛星通常使用下列何種技術在全世界傳播信息？|D|||節點跳躍|多衛星中繼|數位中繼|儲存轉發
50|7327a31b4818|下列何者描述了建立月面反射通信的方法？|C|||儲存和轉發數位訊息|透過監測從月面反射的信標來判斷最佳傳輸時間|從每個電臺交替地進行時間同步傳輸|高速CW識別，以避免衰減
51|ac5dd34a4717|APRS(自動位置報告系統, Automatic Position Reporting System)使用下列何種通訊協定？|C|||802.11|AMTOR|AX.25|PACTOR
52|c46679103d4c|什麼類型的封包用於傳輸APRS(自動位置報告系統, Automatic Position Reporting System)信標數據？|B|||中斷|未編碼訊息|確認|連接
53|8f65bab8e0f2|在清晰的通信條件下，哪些數位模式具有最快的數據吞吐量(throughput)？|B|||AMTOR|300鮑封包|170 赫偏移，45鮑RTTY|PSK31
54|e9381aeb4900|如何使用APRS(自動位置報告系統, Automatic Position Reporting System)站來協助支援公共服務通信活動？|D|||具有緊急醫療技師的APRS站可以自動將醫療數據傳輸到最近的醫院|以上皆是|具有通用個人掃描器的APRS站可以在參與者通過檢查點時自動中繼其號碼和時間|具有GPS的APRS站可以自動發送資訊，以顯示活動期間行動電臺的位置
55|a93b058abf5c|APRS(自動位置報告系統, Automatic Position Reporting System)網路使用下列哪些數據來傳達您的位置？|C|||無線電測向頻譜分析|時間和頻率|經度和緯度|極坐標
56|4df9615b0152|JT65如何改善月面反射通信？|B|||以上皆是|它可以使用 FEC 對低於背景雜訊許多 dB 的信號進行解碼|它控制接收機；追蹤杜卜勒頻移|它提供信號，引導天線追蹤月球
57|fcf64ac22a2c|JT65通訊使用什麼類型的調變方式？|A|||Multi-tone AFSK|RTTY|IEEE 802.11|PSK
58|70c2d95e209d|下列何者是使用JT65編碼的優點？|B|||若有必要，人耳亦能輕鬆抄收|具有對非常低信噪比的信號進行解碼的能力|僅使用 65赫 頻寬|允許快速掃描電視用窄頻寬傳輸
59|5bb63b33fcc1|下列何者為 30 百萬赫以下數據傳送常見之調變型式?|C|||調變FM訊號之DTMF tone|展頻|FSK|Pulse 調變
60|0032d286fd4d|在數位模式操作中，FEC各個字母代表何意?|A|||Forward Error Correction|First Error Correction|Fatal Error Correction|Final Error Correction
61|4ba197ea52b5|JT65通訊的時序如何安排?|B|||藉由交換ACK/NAK封包|每1分鐘時段，電臺交替發射|電臺每天輪流|依月相而定
62|881c65e1625c|當FSK的交錯ellipse顯示中，其中一個ellipse忽然消失，這代表著什麼?|A|||發生選擇性衰落|接收機與想要接收的頻率有5 千赫偏差|Mark 和 Space訊號被倒置|其中一個訊號濾波器飽和了
63|97496d0a112b|下列何種數位模式不支援電腦鍵盤對電腦鍵盤(keyboard-to-keyboard)之操作方式?|D|||PSK31|MFSK|RTTY|Winlink
64|fa7be4babfdc|下列何者為常見的HF封包通訊資料傳送率?|A|||300 鮑(baud)|48 鮑(baud)|110 鮑(baud)|1200 鮑(baud)
65|421da2331e6d|適當調變之MFSK16訊號的頻寬為何?|B|||550 赫|316 赫|2.16 千赫|31 赫
66|ac8c805ab3e2|下列何種HF數位模式可用來傳送二進位檔案?|B|||Hellschreiber|PACTOR|RTTY|AMTOR
67|52a53eb16216|下列何種HF數位模式可利用可變長度的編碼來增加頻寬的效率?|B|||RTTY|PSK31|PACTOR|MT63
68|843b74905f3e|下列何種數位模式的使用頻寬最小?|A|||PSK31|300-鮑(buad) packet|170 赫偏移, 45 鮑(baud) RTTY|MFSK16
69|c0426b0b973e|Direct FSK和Audio FSK的差異為何?|A|||Direct FSK將數據訊號施加於發射機VFO上|Direct FSK使用直流耦合之資料連結|Audio FSK有較佳的頻率響應|Audio FSK可作用於訊號發射鏈中任何環結
70|875972309c4e|使用Automatic Link Enable(ALE)協定的電臺的控制方式為何?|A|||自動控制|遙控控制|ALE可用在任何控制方式|即席控制
71|613518ef264a|嘗試在無人使用的頻率與某數位模式之電臺通聯失敗，下列何者為可能的原因?|A|||以上皆是|你的發射頻率有誤|其他電臺在使用這個頻率，只是你無法聽到|該數位模式電臺不支援你使用的通訊協定之版本
72|8f0a6f500a0f|使用月面反射通信(EME)的兩個電臺之間，沿地球表面測量的近似最大間隔是多少？|D|||3,200公里，若月球在遠地點|800公里，若月球在近地點|8,000公里，若月球在近地點|19,200公里，若雙方都能看見月亮
73|0ea3dba1bd5e|什麼是月面反射通信(EME)信號振盪衰減的特徵？|D|||隨著太陽升起，信號逐漸消失|反射的頻率比發射信號低幾赫|CW 信號的音調緩慢變化|飄忽不規則的衰減
74|97e02e5e9c6d|在從事月面反射通信(EME)時，通常下列哪一個條件會產生最少的路徑損失？|A|||當月球在近地點時|當月球在遠地點時|當滿月時|當 MUF 高於 30 百萬赫 時
75|d527ede79eda|赫本(Hepburn)地圖能預測什麼？|C|||偶發性 E 層傳播|沿著冷鋒或暖鋒的雨滴散射的可能性|對流層傳播的概率|極光反射區的位置
76|e40aa2383b1c|微波信號的對流層傳播，通常伴隨著什麼天氣結構發生？|A|||暖鋒和冷鋒|灰線|精靈和噴流|閃電放電
77|ac49c887e172|下列何者是透過雨滴散射進行微波傳播必備條件？|B|||雨滴必須帶電|雨滴必須在兩個電臺的無線電範圍內|雨滴必須在 E 層內|以上皆是
78|f22c3d332fe4|能夠傳播微波信號的大氣管道通常在什麼地理特徵下形成？|A|||水體|市區|森林|山脈
79|61fa05b083f7|當流星撞擊地球大氣時，在那一個電離層形成自由電子的圓柱形區域？|D|||F1 層|F2 層|D 層|E 層
80|f78176679763|以下哪個頻率範圍最適合流星散射通信？|C|||220 百萬赫 - 450 百萬赫|10 百萬赫 - 14 百萬赫|28 百萬赫 - 148 百萬赫|1.8 百萬赫 - 1.9 百萬赫
81|9d6b01e547a3|何種類型的大氣結構可以建立微波傳播的路徑？|D|||風切|塵埃|噴射氣流|逆溫(Temperature inversion)
82|fc6fdfd09f44|微波信號的對流層傳播的典型範圍是多少？|B|||1,920 公里|160 公里到 480 公里|4,000 公里|16 公里到 80 公里
83|dbeecaa5c8da|極光生成的原因為何？|D|||低太陽黑子活躍結合對流層管道化作用|在F2 層中太陽風和范艾倫帶之間相互作用|流星雨集中在北極和南極|在E 層中來自太陽的帶電粒子與地球磁場的相互作用
84|380a5156be23|哪種發射模式最適合極光傳播？|C|||SSB|RTTY|CW|FM
85|bb9d12637e1c|從48個連續方位，天線應該指向哪個近似方位，以使用極光傳播最大化？|B|||南|北|東|西
86|9b7024c41d63|什麼是電磁波？|D|||在電磁鐵核心的交流波|由兩個彼此成直角的磁場組成的波|由兩個彼此平行成直角的電場組成的波|由彼此成直角振盪的電場和磁場組成的波
87|e3b9ba16b909|下列何者最佳描述在自由空間中行進的電磁波？|D|||能量透過具有高折射率的介質傳播|波被電離層反射折返回發射源|電場和磁場移動時變得對齊|透過改變的電場和磁場傳播能量
88|385a36f64529|什麼是圓極化電磁波？|A|||具有旋轉電場的波|繞地球的波|由環形天線產生的波|具有彎曲成圓形狀電場的波
89|26acadfe3b7f|什麼是跨越赤道傳播？|B|||在磁赤道上任意兩點之間的傳播|在磁赤道的南北大致相同距離的兩個中緯度地點之間的傳播|在同一緯度的兩個電臺之間的傳播|在兩個大陸之間沿著赤道管道的傳播
90|ae90a60c74b7|使用跨越赤道傳播的信號的最大近似範圍是多少？|D|||1,600 公里|4,000 公里|12,000 公里|8,000 公里
91|2f4b15cba5a4|每天跨越赤道傳播的最佳時間為何？|D|||早上|深夜|中午|下午或傍晚
92|4f247b3d02f4|異常波和常波(extraordinary and ordinary waves)是什麼意思？|A|||在電離層中產生的橢圓極化的獨立波|長路徑和短路徑波|折射波和反射波|與移動較短距離的常波相比，異常波描述罕見的長跳躍傳播
93|5bdbc1f12279|哪個業餘頻段通常支援長路徑傳播？|D|||6公尺到2公尺|160公尺到40公尺|30公尺到10公尺|160公尺到10公尺
94|7f860ab168f9|哪個業餘頻段最常提供長路徑傳播？|D|||80 公尺|10 公尺|6 公尺|20 公尺
95|4d9ae8b0012c|以下哪項可能導致對遠端電臺的接收信號裡聽到迴聲？|B|||流星散射|接收到的信號來自多個路徑|高D層吸收|發射頻率高於MUF
96|34b33f499732|如果無線電信號沿著白天和黑夜的分界線行進，可能發生什麼類型的HF傳播？|A|||灰線(Gray-line)|跨越赤道|長途徑|散狀E層(Sporadic-E)
97|041c55814d06|在一年的什麼時間散狀E層傳播(Sporadic-E propagation)最可能發生？|C|||大約在至點，特別是冬至|大約在分點，尤其是秋分|大約在至點，特別是夏至|大約在分點，特別是春分
98|0fc0c59214ad|形成灰線傳播的原因是什麼？|D|||在黑夜，太陽能吸收大幅下降，而大氣電離保持穩定|在中午，太陽加熱電離層，導致無線電波的折射增加|在中午，太陽加熱電離層，減少無線電波折射和MUF|在黃昏和日出，D層吸收低，而E層和F層傳播能力仍高
99|306639199fa8|在一天中的什麼時間散狀E層傳播(Sporadic-E propagation)最可能發生？|B|||傍晚|任何時候|大約日落|大約日出
100|4ce99cbf0610|弦跳傳播(chordal hop propagation)的主要特徵是什麼？|D|||橫過地磁赤道的傳播|遠離電臺之間的大圓方位傳播|信號反射回發射臺|沒有來自地面的中間反射的連續電離層反射
101|1cfd0ea0ac2a|為什麼要使用弦跳傳播(chordal hop propagation)？|C|||用於弦跳傳播的MUF比用於正常跳躍傳播低得多|大氣雜訊在弦跳傳播方向上較低|與正常跳躍傳播相比，信號沿著路徑經歷更少的損失|信號沿電離層行進得更快
102|dca83bba0299|在電離層中線性極化無線電波分裂成常波和異常波會發生什麼？|B|||它們的極化隨機改變|它們變成橢圓極化|它們變為鎖相|它們彎向磁極
103|ddf14860da2f|關於無線電通信的術語，射線追蹤是什麼？|A|||建立無線電波通過電離層的路徑模型|評估X射線的高電壓來源|電子顯示器呈現圖案的過程|從天線陣列確定輻射模式
104|8150ac9a1103|上升的A或K指數表示什麼？|A|||增加地磁場的擾動|更高程度的太陽紫外線輻射|臨界頻率的增加|減少地磁場的擾動
105|04fc588a648f|當A指數或K指數升高時，下列哪種信號路徑最有可能經歷高程度的吸收？|A|||磁極路徑(Polar paths)|散狀E層(Sporadic-E)|NVIS|跨越赤道傳播
106|9dcdf4be8d6e|Bz (B sub Z)的值代表什麼？|D|||垂直傳輸的臨界頻率|地磁場穩定性|長延遲回波的持續時間|星際間磁場的方向和強度
107|309972684cc0|什麼方向的Bz (B sub z)會使來自太陽的入射粒子導致擾亂狀態的可能性增加？|A|||南向|北向|東向|西向
108|3826b29270ff|VHF / UHF無線電地平線距離超過幾何地平線多少？|C|||大約是距離的四倍|大約是距離的50％|大約是距離的15％|大約是距離的兩倍
109|de9f00bc78d9|以下哪個描述表示最大的太陽閃燄強度？|B|||B級|X級|A級|M級
110|aed859c7da2b|太空天氣用語G5是什麼意思？|B|||中度太陽風|極端地磁風暴|減少太陽黑子數|低度的太陽活動
111|8f851985c517|X3閃燄的強度與X2閃燄相比如何？|D|||大50％|四倍大|大10％|兩倍大
112|4d1a23d89946|304A太陽參數是測量什麼？|D|||在304吉赫(GHz)的太陽輻射，與X射線閃燄等級相關|從太陽赤道的304級太陽風速度，與太陽活動相關|X射線通量與無線電通量的比率，與太陽黑子數量相關|在304埃(angstrom)的紫外線輻射，與太陽通量指數相關
113|9bb55dea752e|VOACAP軟體是要建立什麼模型？|B|||交流電流和阻抗|HF無線電傳播|交流電壓和阻抗|VHF無線電傳播
114|fa83a7a94c37|當信號頻率增加時，地波傳播的最大距離如何變化？|D|||保持不變|峰值在大約14 百萬赫|增加|減少
115|c102745c1275|什麼類型的極化最適合地波傳播？|C|||橢圓|圓|垂直|水平
116|f36a8fe7f9ee|為什麼無線電地平線距離超過幾何地平線？|C|||E層跳躍|D層跳躍|由於大氣中的密度變化而向下彎曲|由於極光折射導致的向下彎曲
117|3a583d77946d|無線電背景雜訊突然增加可能表示什麼？|B|||長路徑傳播正在發生|發生了太陽閃燄|增加跨越赤道傳播可能|流星
118|26cfc0a4af36|下列哪個參數決定數位或以電腦演算的示波器頻寬?|B|||取樣解析度|取樣頻率|輸入阻抗|輸入電容
119|4f2040ed32f2|頻譜分析儀在垂直軸和水平軸顯示下列參數?|D|||駐波和時間|駐波和頻率|射頻振幅和時間|射頻振幅和頻率
120|01ee4ba91e0d|下列哪個測試儀器是用來顯示單旁帶發射機產生的混附訊號與內調變失真?|B|||功率表|頻譜分析儀|TDR時域反射儀|邏輯分析儀
121|b0dd9853e963|下列那一項決定電腦音效卡示波器程式的頻率上限?|A|||音效卡的類比轉換成數位的轉換速度|音效卡記憶數量|介面線路的介面Q值|以上皆是
122|d8ad18d467b7|數位示波器跟類比示波器比有什麼優勢?|C|||自動讀出振幅和頻率數值|在截取軌跡後可操作時基|以上皆是|儲存軌跡作未來參考
123|065895efc933|對於數位或以電腦演算的示波器來說，什麼是混疊效應?|B|||所有訊號有直流偏移|顯示出來是假的訊號|垂直刻度調校無效|觸發假的訊號
124|5ea9cb77a5dc|使用天線分析儀測量天線駐波比(SWR)比使用駐波比電橋的優勢是什麼?|C|||以上皆是|天線分析儀自動調諧共振點|天線分析儀不需要外加射頻訊號源|天線分析儀顯示調變包絡的時間變化
125|1d72b91c41e6|下列哪個儀器測量定向天線(beam antenna)的駐波比最佳?|D|||歐姆錶|頻譜分析儀|Q值錶|天線分析儀
126|99fa3e7496c6|當使用電腦音效卡的輸入來數位化訊號時，可以數位化但不會混疊的最高信號頻率是多少?|A|||取樣率的一半|跟取樣率相同|取樣率的十分之一|取決於內部儲存資料而定
127|4c235d54c2f5|下列哪個儀器可同時顯示多個數位訊號狀態?|B|||調變監控器|邏輯分析儀|網路分析儀|位元偵錯器
128|795155f850b1|使用示波器探測棒時，下列哪個是好的使用方法?|B|||絕不使用直流耦合探測棒測量交流線路|使用探測棒時，訊號接地端盡量保持愈短愈好|絕不使用高阻抗探測棒測量低阻抗線路|以上皆是
129|851e6ede369a|當頻譜分析儀連接到發射機輸出端時，必須遵守下列哪個重要的預防步驟?|C|||使用高品質雙層同軸遮蔽線減少訊號損失|以上皆是|使連接頻譜分析儀的發射機輸出功率衰減|天線到負載端須匹配
130|f35500e8abd7|典型的示波器探測棒補償值調整方法為何?|B|||整調探測棒直到顯示的標準頻率的偏差時間是精確的|調整探測棒直到顯示的方波波形的水平部分，儘可能接近平整|調整探測棒直到顯示的直流標準電壓的電壓是精確的|調整探測棒直到顯示的高頻正弦波的振幅最大
131|517eaba8995e|計頻器的預分頻器功能的用途為何?|A|||它除以比較高的頻率訊號，因此低頻計頻器可以顯示輸入頻率|它放大低準位訊號作更精確計頻|它乘上比較高的頻率訊號，因此低頻計頻器可以顯示工作頻率|它預防低頻計頻器電路振盪
132|7fa245b2c08a|週期測量計頻器勝過直接計頻器的優點是甚麼?|B|||可直接測量FM調頻發射機的調變指數|在可比較周期內，提供改善低頻率訊號解析度|可以使用電池當電源來遙測|不需要採用昂貴的高精確度時基電路
133|de7fe430eddb|下列哪個因素影響計頻器精確度最大?|B|||輸入衰減器精確度|時基精確度|邏輯電路的溫度係數|十進位分頻器精確度
134|6a25ac749e1d|使用電橋電路測量阻抗有何優勢?|D|||不受訊號產生源頻率漂移干擾|不管在任何情況下，提供極佳的匹配|可以在史密斯圖表直接顯示結果|非常精確取得訊號原點
135|c99edead66a4|假設計頻器標明精度為+/- 1.0 PPM，讀數為146,520,000 赫，實際頻率與測量的讀數最大差值是多少？|A|||146.52 赫|165.2 赫|14.652 千赫|1.4652 百萬赫
136|4e76245cad0a|假設計頻器標明精度為+/- 0.1 PPM，讀數為146,520,000 赫，實際頻率與測量的讀數最大差值是多少？|D|||1.4652 赫|0.1 百萬赫|1.4652 千赫|14.652 赫
137|c4f71b40a729|假設計頻器標明精度為+/-10 PPM，讀數為146,520,000 赫，實際頻率與測量的讀數最大差值是多少？|D|||146.52 赫|10 赫|146.52 千赫|1465.20 赫
138|e38429add4cf|當發射機端與終端負載間連接的指向性功率表讀數為順向功率100瓦特，反向功率25瓦特時，多少功率被負載吸收？|A|||75 瓦特|100 瓦特|125 瓦特|25 瓦特
139|abafc35d4e9d|S參數的下標數目代表著甚麼？|A|||指被測量的一端口或數端口|測試期間的相對時間|頻率的測量次序|有關數據的質量
140|330eff7c82e8|好的直流電壓表具備下列的哪個特性？|C|||低磁阻輸入|低阻抗輸入|高阻抗輸入|高磁阻輸入
141|b70659d3f745|當發射機調諧到共振時，與發射機的天線饋電線串聯的射頻電流表上的電流讀數增加，所代表意義為何？|D|||可能饋線對地短路|發射機無法適當抵銷(neutralized)|天線跟饋線之間無法匹配|更多功率輸入到天線
142|f4bdf03229f8|下列哪個描述測量單旁帶發射機內調變失真方法？|D|||用二個没有諧波(non-harmonically)關係的無線電頻率調變發射機，並用頻譜分析儀觀察射頻輸出|用二個有諧波(harmonically)關係的音頻訊號調變發射機，並用功率錶峰值讀數觀察射頻輸出|用二個有諧波(harmonically)關係的音頻訊號調變發射機，並用邏輯分析儀觀察射頻輸出|用二個没有諧波(non-harmonically)關係的音頻訊號調變發射機，並用頻譜分析儀觀察射頻輸出
143|2d0129704988|如果要測量天線諧振和饋線點阻抗，請問如何連接天線分析儀？|A|||直接連接天線饋線到分析儀接頭|將天線和假負載鬆耦合到分析儀|將分析儀鬆耦合地靠近天線基座|分析儀經高阻抗變壓器連接到天線
144|eac9fb0b6261|電壓表靈敏度以歐姆/伏特表示，代表甚麼意義？|D|||當成安培計使用時，滿幅讀數(以安培為單位)除以歐姆/伏特額定值，可得到所需的分流器大小|當成電流計使用時，伏特電壓乘以歐姆/伏特額定值，可得到被測試裝置功率消耗|當成歐姆表使用時，讀數值(以歐姆為單位)除以歐姆/伏特額定值，可得到施加到電路的電壓|電壓表滿幅度的讀數乘以歐姆/伏特額定值，可得到電壓錶輸入阻抗
145|c01277c988dc|哪個S參數等同順向增益？|B|||S11|S21|S12|S22
146|93e7101f8b50|當柵陷表過度緊密耦合想要檢測的調諧電路會發生何種情況？|A|||造成不精確讀數|產生交互調變|產生內調變失真|產生諧波
147|107c7cb27421|下列哪個可以當作串聯調諧電路Q值的相對測量？|C|||阻抗跟電容抗比率|頻率的漂移|電路的頻率響應頻寬|電路諧振頻率
148|abb9a6abbce1|哪個S參數代表反射損失或駐波？|A|||S11|S12|S22|S21
149|d96aebfb03e8|校正標準射頻向量網路分析儀要用哪三個測試負載？|A|||短路電路、開路電路和50歐姆|50歐姆、75歐姆和90歐姆|短路電路、開路電路和諧振電路|用50歐姆的1/8波長、1/4波長和1/2波長的同軸電纜
150|d63ca638771a|在接收機本地振盪器部份有過大相位雜訊的影響是什麼？|C|||減低接收機靈敏度|限制接收機接收強訊號能力|導致臨近頻率強訊號干擾弱訊號的接收|減少接收機第三階內調變失真動態範圍
151|4dbef69d892b|下列接收機哪個部份可以有效消除鏡像(image)訊號干擾？|C|||窄帶中頻濾波器|陷波濾波器|前端濾波器或預先選擇器|適當調整的乘積檢波器
152|37e1558d66bf|FM 話務訊號被另一個較強的FM 話務訊號阻擋的術語稱做甚麼？|B|||交互調變干擾|捕獲效應|頻率辨別|靈敏度降低
153|b0af980b7001|如何定義接收機雜訊指數？|A|||接收機產生的雜訊與理論上最小雜訊的比率(dB)|大氣雜訊與相位雜訊比率|熱雜訊與大氣雜訊比率|雜訊頻寬(以赫茲為單位)與拒斥網路的理論頻寬的比率
154|fce99d7b8825|針對接收機的雜訊基底(noise floor)，-174 dBm/赫之數值表示什麼?|C|||1 赫頻寬接收機的雜訊指數|星際雜訊造成最小可檢測訊號|在室溫下，完美接收機輸入端的理論雜訊|最小可檢測訊號，它是接收頻率的函數
155|0a8b248492a9|關閉自動增益控制的CW接收機，其等效輸入雜訊功率密度為 -174dBm/赫，讓該接收機在400赫雜訊頻寬的音頻輸出雜訊比為0dB的未調變載波準位為何?|A|||-148 dBm|-164 dBm|-155 dBm|-174 dBm
156|2ded740f9216|接收機的MDS代表什麼？|A|||最小可識別訊號( The minimum discernible signal)|多工失真穩定性(The multiplex distortion stability)|最大可檢測頻譜(The maximum detectable spectrum)|儀表顯示靈敏度(The meter display sensitivity)
157|a86e2b28ab20|當數位接收機的輸入訊號位準超過多少會過載？|B|||最大取樣頻率緩衝區大小的一半|類比轉數位轉換器的最大計數值|最大取樣頻率的一半|類比轉數位轉換器的參考電壓
158|e98dd46d7900|在傳統HF或VHF通訊接收機的中頻設計選擇高頻率，下列那一個是這個選擇的好理由?|B|||減低漂移|較容易讓前端電路消除鏡像響應|接收機內較少零組件|改善接收雜訊指數
159|b9fb80f30638|下列那一個是業餘RTTY HF接收機選擇性的可期望值(desirable amount)?|A|||300 赫|6000 赫|100 赫|2400 赫
160|0fb43af038a6|下列那一個是業餘SSB電話接收機選擇性的可期望值(desirable amount)?|D|||4.8 千赫|4.2 千赫|1 千赫|2.4 千赫
161|11674e9658a3|在接收機中頻部分用過寬的濾波器頻寬會有甚麼不良影響?|C|||輸出偏移過衝|熱雜訊失真|聽到不想要的訊號|濾波器振鈴
162|c05e66c404b1|窄頻修平濾波器(narrow-band Roofing filter)如何影響接收機功能?|A|||藉由衰減接收頻率附近的強訊號，改善動態範圍|藉減少前端雜訊，改善靈敏度|使用低Q值電路降低振鈴，改善可識性|以上皆是
163|573140ac1970|當接收機調到14.300 百萬赫 並使用455 千赫中頻時，甚麼發射頻率可能產生鏡像響應訊號?|B|||14.445 百萬赫|15.210 百萬赫|14.755 百萬赫|13.845 百萬赫
164|f34f6ff0b3e2|通常從HF接收機連接的天線聽到的主要雜訊來源為何?|C|||接收機前端電路雜訊|感應馬達雜訊|大氣雜訊|檢測器雜訊
165|7e36066efca0|下列哪個是數位接收機類比轉數位轉換器數碼不見所導致的?|B|||過載|失真|失去靈敏度|輸出位準過量
166|bd82b5ebcd38|下列哪一項對數位接收機線性度影響最大?|C|||用於資料儲存的RAM的速度|CPU暫存器位元寬度|類比轉數位轉換器取樣位元寬度|抗混疊輸入濾波器頻寬
167|0d6db754cbd6|接收機的阻隔動態範圍是甚麼意思?|D|||介於背景雜訊和第三階截取點之間差異(dB)，它會導致一個訊號阻隔另一個|介於二個FM訊號位準之間的最小差異(dB)，它會導致一個訊號阻隔另一個|介於二訊號間最小差異(dB)，它會產生第三階內調變結果大於背景雜訊|背景雜訊和進入的訊號位準之間差異(dB)，它會造成1dB的增益壓縮
168|f8157b5f27ef|因通訊接收機動態範圍不足會導致下列描述的那二個問題?|C|||振盪器不穩定需要經常重新調諧和失去恢復相對邊帶能力|振盪器不穩定和嚴重的音訊失真|想要訊號的交互調變和因鄰近強訊號造成的鈍化(desensitization)|想要訊號的交互調變和音訊功率不足以推動喇叭
169|84f4514e7649|在二中繼電臺之間如何發生內調變干擾?|D|||當該二中繼電臺非常接近並且訊號在其一或二個發射機後級放大器造成回授|當來自發射機的訊號被經過上方的飛機同相位折射|當來自發射機的訊號被經過上方的飛機異相折射|當該二中繼電臺非常接近並且訊號混合到其一或二個發射機後級放大器
170|1f8da1a9d6eb|下列哪項可以減少或消除另一個發射機在非常接近的位置工作造成的中繼電臺的內調變干擾?|D|||C類後級功率放大器|D類後級功率放大器|在發射機和接收機之間的饋線中的帶通濾波器|發射機輸出端具妥適的終端環形器
171|e326a927c15c|當有一鄰近發射站在146.52百萬赫發射時，甚麼發射機頻率會造成接收146.70百萬赫的接收機產生內調變訊號?|B|||173.35百萬赫和139.40百萬赫|146.34百萬赫和146.61百萬赫|146.88百萬赫和146.34百萬赫|146.10百萬赫和147.30百萬赫
172|01e28e0d2b7a|混合二個或多個訊號產生不必要的訊號的術語稱做甚麼?|D|||放大器鈍化(desensitization)|相鄰頻道干擾|中和化(neutralization)|內調變干擾
173|81ae26f35ba4|當偏移頻率訊號對想要訊號造成交互調變干擾時，如何描述其最顯著影響?|B|||背景雜訊大量增加|除了想要訊號之外，還聽到偏移頻率的不必要訊號|不能再聽到想要訊號|明顯的訊號強度減少
174|0054bfef874b|在電子電路中甚麼原因造成內調變?|C|||增益太小|正回授|非線性線路或裝置元件|缺少中和化(neutralization)
175|ee1eda43e535|通訊接收機預選器(preselector)的功用為何?|C|||儲存常用頻率|提供一定範圍的自動增益控制常數|增加對不必要訊號的抑制|允許選定最佳化的射頻放大器元件
176|4cbbd0ca7a24|關於接收機性能，40dBm的第三階截止位準是什麼意思?|B|||小於40dBm的訊號不會產生一可聽見的三階內調變|一對40dBm訊號理論上會產生與輸入訊號相同位準的三階內調變|一對1mW輸入訊號會產生比輸入訊號強40dB的三階內調變|接收機可以忍受達到40dB以上的雜訊基底而不產生三階內調變
177|7978d05b84d1|與其他調變相比，為什麼特別在意接收機的三階內調變?|C|||三階截取高於其他階層|三階內調變是差的鏡像拒斥指標|在意的頻帶內的二個訊號的三階內調變也可能出現在該頻帶內|針對在意的頻帶內的每個輸入訊號，三階內調變各產生三個調變
178|72f611635ccc|在接收頻率附近的強訊號導致接收機靈敏度降低的術語是甚麼?|A|||鈍化(desensitization)|靜默(quieting)|靜噪音增益返回(rollback)|交互調變干擾
179|69b99de8f018|下列哪項導致接收機接收鈍化(desensitization)?|D|||音訊增益調的太低|音訊偏壓調的太高|靜噪音增益調整不當|相鄰頻道信號太強
180|572f5af772dc|以下哪項是減少接收機鈍化(desensitization)可能性的方法?|A|||降低接收機射頻頻寬|提升接收機中頻頻率|從快速自動增益控制切換到慢速自動增益控制|增加接收機前端電路增益
1|7ffe4bc43050|什麼會導致串聯電抗的電壓大於輸入電壓？|D|||電容|電導|電阻|共振
2|f7641d70e8aa|什麼是電路中的共振？|A|||容抗等於感抗的頻率|電抗性阻抗等於電阻性阻抗的頻率|通過電流的最低頻率|通過電流的最高頻率
3|d53872d4b509|串聯RLC電路在共振時的阻抗大小是多少？|A|||近乎等於電路電阻|近乎等於容抗|近乎等於感抗|高於電路電阻
4|bba578747ddd|並聯RLC電路在共振時的阻抗大小是多少？|D|||低於電路電阻|近乎等於感抗|近乎等於容抗|近乎等於電路電阻
5|35d08c65d69d|當串聯RLC電路共振時，輸入電流大小是多少？|D|||R/L|最小|L/R|最大
6|d43800e826f8|當並聯LC電路共振時，內部元件的流通電流大小是多少？|B|||1/(2*Pi*L*C)2|最大|最小|2*Pi*F*L
7|eabae82be7db|當並聯RLC電路共振時，輸入電流大小是多少？|D|||最大|L/R|R/L|最小
8|4da1e3fff05f|當共振時，通過串聯共振電路兩端的電流和電壓之間的相位關係是什麼？|C|||電壓超前電流90度|電壓和電流相位相差180度|電壓和電流同相|電流超前電壓90度
9|1450d6f97aa6|如何計算並聯RLC共振電路的Q值？|B|||電感或電容的電阻除以電阻|電阻除以電感或電容的電抗|電感或電容乘以電阻的電抗|電感的電抗乘以電容的電抗
10|d81c4b60dcad|如何計算串聯RLC共振電路的Q值？|D|||電感或電容乘以電阻的電抗|電感的電抗乘以電容的電抗|電阻除以電感或電容的電抗|電感或電容的電抗除以電阻
11|490e85f61762|共振頻率為7.1 百萬赫，Q為150的並聯共振電路的半功率頻寬是多少？|C|||157.8 赫|315.6 赫|47.3 千赫|23.67 千赫
12|5eaa52604dcb|共振頻率為3.7 百萬赫，Q為118的並聯共振電路的半功率頻寬是多少？|C|||218.3 千赫|436.6 千赫|31.4 千赫|15.7 千赫
13|0b3db7de5eed|在共振電路中增加Q值的影響是什麼？|C|||寄生效應最小化|相移變成無法控制|增加內部電壓和流通電流|相同性能需要更少的組件
14|d83d96a9b4f2|如果R是22歐姆、L是50微亨、C是40微微法，則串聯RLC電路的共振頻率是多少？|C|||1.78 百萬赫|22.36 百萬赫|3.56 百萬赫|44.72 百萬赫
15|ef6851bcf301|下列哪一項可以增加電感和電容的Q值？|C|||較高的自共振頻率|較低的自共振頻率|較低的損失|較低的電抗
16|a9fe931ab49e|如果R是33歐姆、L是50微亨、C是10微微法，則並聯RLC電路的共振頻率是多少？|D|||23.5 千赫|23.5 百萬赫|7.12 千赫|7.12 百萬赫
17|396ba3065e30|增加阻抗匹配電路Q值的結果是什麼？|B|||匹配範圍增加|匹配頻寬減小|匹配頻寬增加|對阻抗匹配沒有影響
18|e2c5b9ad203e|RC電路中的電容器充電到施加電壓的63.2％需要多久的時間？|C|||指數率為1|時間因素為1|一個時間常數|一個指數週期
19|b24d4095435f|RC電路中充電電容放電到其初始電壓的36.8％所需的時間是多少？|C|||放電係數為1|指數放電率為1|一個時間常數|一個放電週期
20|8eda52d4af61|當電抗轉換為電納時，電抗的相位角會發生什麼變化？|B|||相移90度|極性相反|電納相位角是電抗相位角的倒數|沒有變化
21|5c2e91cdc2eb|具有兩個220微法電容器和兩個1百萬歐電阻器的並聯電路的時間常數是多少？|D|||110秒|440秒|55秒|220秒
22|2e5d00dcc612|當電抗轉換為電納時，電抗的大小會發生什麼？|B|||相移90度|電納的大小是電抗大小的倒數|極性相反|沒有變化
23|e5743f6033d5|什麼是電納？|A|||電抗的倒數|變壓器效率的測量|磁場與電場的比率|電路的磁阻抗
24|f3a16aaaf774|如果XC為500歐姆、R為1,000歐姆、XL為250歐姆，則串聯RLC電路兩端的電壓和電流之間的相位角是多少？|B|||68.2度，電壓超前電流|14.0度，電壓滯後電流|68.2度，電壓滯後電流|14.0度，電壓超前電流
25|b72dc13a2a0a|如果XC為100歐姆、R為100歐姆、XL為75歐姆，則串聯RLC電路兩端的電壓和電流之間的相位角是多少？|B|||76度，電壓超前電流|14度，電壓滯後電流|14度，電壓超前電流|76度，電壓滯後電流
26|98bb0e128d9e|通過電容器兩端的電流和電壓之間的關係是什麼？|D|||電壓超前電流90度|電壓和電流相位相差180度|電壓和電流同相|電流超前電壓90度
27|c004e6472a9c|通過電感器兩端的電流和電壓之間的關係是什麼？|D|||電流超前電壓90度|電壓和電流同相|電壓和電流相位相差180度|電壓超前電流90度
28|73a1e34bbbc7|如果XC為25歐姆、R為100歐姆、XL為50歐姆，則串聯RLC電路兩端的電壓和電流之間的相位角是多少？|B|||14度，電壓滯後電流|14度，電壓超前電流|76度，電壓超前電流|76度，電壓滯後電流
29|4340822ac3b8|什麼是導納？|D|||場效電晶體的增益|變壓器匝數比|用於Q因子的單位|阻抗的倒數
30|01cfedf4fa32|什麼字母通常用來表示電納？|D|||Y|G|X|B
31|f8f7c868192b|在直角座標，以下哪項符號代表容抗？|C|||X|歐米茄|-jX|+jX
32|1ea270b11608|如何在極坐標中描述阻抗？|D|||實部和虛部|Y和G值|X和R值|相位角和幅度
33|ffdefaf571b1|以下哪個表示極坐標中的感抗？|B|||負相角|正相角|負實部|正實部
34|a995f4f168a9|以下哪個表示極坐標中的容抗？|A|||負相角|正實部|正相角|負實部
35|f9c13b380072|在給定頻率，用於顯示阻抗之間相位關係圖的名稱是什麼？|B|||近場圖|相量圖|維恩圖|遠場圖
36|a227d5a80039|阻抗50-j25代表什麼？|A|||50歐姆電阻與25歐姆電容電抗串聯|50歐姆電阻與25歐姆電感電抗串聯|25歐姆電阻與50歐姆電抗感抗串聯|25歐姆電阻與50歐姆電容電抗串聯
37|cdcb8d9e6e51|什麼是向量？|B|||正切函數的倒數|具有幅度和角度分量的量|正弦函數的倒數|量隨時間變化改變的值
38|ee78f37575c4|什麼坐標系統經常用於顯示電阻、感抗和/或容抗電路的相位角？|D|||法拉第網格|梅登黑德網格|橢圓坐標|極坐標
39|3dcc07015f30|當使用直角坐標來繪製電路的阻抗時，橫軸代表什麼？|D|||電抗和電阻分量的總和|電抗分量|電阻和電抗分量之間的差|電阻分量
40|a1a1db992a0c|當使用直角坐標來繪製電路的阻抗時，縱軸表示什麼？|A|||電抗分量|電阻分量|電抗和電阻分量的總和|電阻和電抗分量之間的差
41|383c92081e65|在直角坐標圖形上定義一個點的兩個數字代表什麼？|C|||切線和餘切值|大小和相位|沿水平和垂直軸的座標值|正弦和餘弦值
42|79bff6894493|如果使用直角座標系繪製電路的阻抗，並發現阻抗點落在圖形水平軸上的右側，您對電路知道什麼？|A|||它相當於一個純電阻|它包含電阻和感抗|它一定是直流電路|它包含電阻和容抗
43|a0715764d315|什麼座標系統經常用於顯示阻抗的電阻、感抗和/或容抗分量？|A|||直角座標|橢圓座標|梅登黑德網格|法拉第網格
44|96f01c084f8d|圖E5-2上的哪一點最能代表一個由400歐姆電阻和38微微法拉電容組成的串聯電路在14百萬赫時的阻抗？|B|<img src='TW_E5-2.png'/>||點2|點4|點5|點6
45|571b7d383988|圖E5-2中的哪一點最能代表300歐姆電阻和18微亨電感組成的串聯電路在3.505 百萬赫時的阻抗？|C|<img src='TW_E5-2.png'/>||點8|點7|點3|點1
46|11d1ba0b3ae6|圖E5-2上的哪一點最能代表300歐姆電阻和19微法拉電容組成的串聯電路在21.2百萬赫的阻抗？|D|<img src='TW_E5-2.png'/>||點3|點7|點8|點1
47|c90584d6b77d|圖E5-2上的哪一點最能代表由一個300歐姆電阻、一個0.64微亨電感和一個85微微法電容組成的串聯電路在24.9百萬赫的阻抗？|C|<img src='TW_E5-2.png'/>||點1|點3|點8|點5
48|2860b76064ac|在什麼應用中，半導體材料的砷化鎵優於鍺或矽？|D|||在非常低頻的射頻電路|在高電流整流電路|在大功率音訊電路|在微波電路
49|254dd7ac041d|以下哪一種半導體材料包含多餘的自由電子？|B|||雙極|N型|絕緣閘|P型
50|d05b18f06634|為什麼PN接面二極體在反向偏置(biased)時不傳導電流？|D|||只P型半導體材料可傳導電流|P型材料中的過量電洞與N型材料中的電子結合，將整個二極管轉換為絕緣體|只N型半導體材料可傳導電流|通過施加的電壓分離P型材料中的電洞和N型材料中的電子，從而拓寬空乏區
51|eafe9775d7d1|在半導體晶體結構中增加電洞的雜質原子名稱是什麼？|A|||受體雜質|N型雜質|施體雜質|絕緣體雜質
52|521e4881d1ac|雙極型電晶體的α(alpha)是什麼？|B|||基極電流相對於集極電流的變化|集極電流相對於射極電流的變化|集極電流相對於基極電流的變化|集極電流相對於閘極電流的變化
53|654b9b1b6334|雙極型電晶體的β(beta)是什麼？|B|||基極到集極的擊穿電壓|集極電流相對於基極電流的變化|電晶體的開關速度|電流增益降低到 1 的頻率
54|d6cccbec5712|下列哪一項表示矽NPN接面電晶體是偏置(biased)導通？|D|||基極對射極(base-to-emitter)電阻大約 0.6 至 0.7 歐姆|基極對射極(base-to-emitter)電壓大約 6至7 伏特|基極對射極(base-to-emitter)電阻大約 6至7 歐姆|基極對射極(base-to-emitter)電壓大約 0.6 至 0.7 伏特
55|e18a716c68ca|使基極接地的電晶體電流增益已經降低到在1 千赫時可獲得的增益的0.7倍的頻率稱為什麼？|D|||轉角(corner)頻率|α (alpha)阻滯頻率|β (beta)截止頻率|α (alpha)截止頻率
56|acb46cd4158e|什麼是空乏型場效電晶體(depletion-mode FET)？|A|||當沒有施加閘極電壓時，在源極和汲極之間表現出電流流動的場效電晶體|沒有通道的任何場效電晶體|當沒有施加閘極電壓時，在源極和汲極之間沒有電流流動的場效電晶體|電洞是主要載體的任何場效電晶體
57|687064ac2bb1|在圖 E6-2，N通道雙閘極金屬氧化物半導體場效電晶體(MOSFET)的符號是什麼？|D|<img src='TW_E6-2.png'/>||2|5|6|4
58|2d1438a9a486|在圖 E6-2，P通道接面場效電晶體的符號是什麼？|D|<img src='TW_E6-2.png'/>||6|3|2|1
59|40f0bda39173|為什麼許多金屬氧化物半導體場效電晶體(MOSFET)在閘極上具有內部連接的稽納二極管(Zener diode)？|A|||減少閘極絕緣被靜電放電或過高電壓擊穿的機會|為正確的閘極的反向偏壓提供參考電壓|保護基板免受過高的電壓|保持閘極電壓在規格範圍內，防止MOSFET過熱
60|a2fc0d430865|CMOS是什麼的縮寫？|C|||共模式振盪系統 (Common Mode Oscillating System)|共模有機矽 (Common Mode Organic Silicon)|互補金屬氧化物半導體 (Complementary Metal-Oxide Semiconductor)|互補雲母氧化矽 (Complementary Mica-Oxide Silicon)
61|3e8341d23528|場效電晶體的閘極直流輸入阻抗與雙極電晶體的直流輸入阻抗的比較？|C|||場效電晶體具有低輸入阻抗，雙極電晶體具有高輸入阻抗|它們都是低輸入阻抗|場效電晶體具有高輸入阻抗，雙極電晶體具有低輸入阻抗|它們都是高輸入阻抗
62|9e46216923a5|哪種半導體材料的最外電子層包含額外電洞？|D|||雙極型|超導型|N型|P型
63|cc4603fd1c47|在N型半導體材料中的主要的電荷載體是什麼？|D|||自由質子|電洞|自由中子|自由電子
64|61c7679ce5bf|場效電晶體的三個端子的名稱是什麼？|B|||射極、基極、集極|閘極、汲極、源極|閘極1、閘極2、汲極|射極、基極1、基極2
65|d022d1aaa668|稽納(Zener)二極體最有用的特性是什麼？|B|||在變化電壓的條件下產生恆定電流降|在變化電流的條件下產生恆定電壓降|負電阻區|隨施加電壓變化的內部電容
66|9b573e55aff1|與普通矽二極體相比，當用作電源整流器時，肖特基(Schottky)二極體的重要特性是什麼？|B|||增強的載體保留(retention)時間|較小的順向電壓降|更高的逆向擊穿電壓|控制的逆向崩潰電壓
67|7d96a58d1940|什麼特殊類型的二極體能夠放大和振盪？|B|||接觸面|隧道(Tunnel)|點接觸|稽納(Zener)
68|9fc2befa36a0|什麼類型的半導體被設計用作壓控電容器？|B|||稽納(Zener)二極體|變容(Varactor)二極體|隧道(Tunnel)二極體|矽控(silicon-controlled)整流器
69|eac027d557cb|PIN二極體的什麼特性使其可作為RF開關或衰減器？|C|||極高的逆向擊穿電壓|能夠消散大量的功率|大的本質材料區|逆向偏壓時控制其順向電壓降
70|b5fe1926cee1|以下哪一種是熱載體二極體(hot-carrier diode)的常見用途？|D|||作為FM產生器中的平衡混頻器|作為自動頻率控制電路中的可變電容|作為電源中的恆定電壓參考|作為VHF / UHF混頻器或檢波器
71|08af3f7067a7|當接面二極體由於過大的電流而失效時，失效機制是什麼？|C|||順向電壓不足|逆向電壓過高|接面溫度過高|電荷載體耗盡
72|a3156be47106|下列何者係描述某種半導體二極體？|A|||金屬 - 半導體接面|CMOS場效|電解整流器|熱離子發射二極體
73|b42bd495da60|點接觸二極體(point contact diodes)的常見用途是什麼？|C|||作為高壓整流器|作為恆壓源|作為RF檢測器|作為恆流源
74|b7d540d25748|在圖E6-3中，那一個是發光二極體的符號？|C|<img src='TW_E6-3.png'/>||7|6|5|1
75|a9052df0a5b0|如何利用PIN二極體來控制RF信號的衰減？|C|||射頻耦合電容器的電容|次諧波泵(pump)信號|順向直流偏置電流|逆向電壓大於RF信號
76|1c9fd44d670b|PIN二極體常見用途是什麼？|D|||作為恆壓源|作為恆流源|作為高壓整流器|作為RF開關
77|c7638b120ef6|LED發光需要什麼類型的偏置？|D|||感應偏置|零偏置|逆向偏置|順向偏置
78|898e1c17b45e|比較器的遲滯功能是什麼？|B|||允許比較器用於交流輸入信號|防止輸入雜訊引起不穩定的輸出信號|增加靈敏度|引起輸出連續改變狀態
79|7bcabe5aaf57|當比較器的輸入信號準位超過臨界值(threshold)時會發生什麼？|A|||比較器改變其輸出狀態|IC輸入可能損壞|反饋迴路變得不穩定|比較器進入鎖定狀態
80|73a38ac1b7dd|什麼是三態邏輯？|C|||由Tri-State Devices製造的專有邏輯|低功率邏輯設計工作在3伏特|具有0、1和高阻抗輸出狀態的邏輯|利用三元數學的邏輯
81|1a0bd83bdf0a|三態邏輯的主要優點是什麼？|D|||高速運算|更高效的算術運算|低功耗|能夠將許多設備輸出連接到共用匯流排
82|c4e20ee08790|CMOS邏輯與TTL比的優點是什麼？|C|||差分輸出能力|免受靜電放電損壞|較低的功耗|較低的失真
83|e37a8e9f3d40|為什麼CMOS數位積體電路對輸入信號或電源的雜訊具有高抗擾性？|D|||在CMOS電路設計中使用較大的旁路電容器|輸入信號更強|輸入交換臨界值(switching threshold) 約為電源電壓的兩倍|輸入交換臨界值(switching threshold) 約為電源電壓的一半
84|34f8e1f8f454|下列那一項最適切描述上拉或下拉電阻？|A|||連接到正或負電源線的電阻器，用在輸入或輸出為開路時建立電壓|連接到運算放大器輸出的電阻器，僅當邏輯輸出為假時才起作用|確保振盪器頻率不會隨著時間推移而變低的電阻器|鍵控電路中的電阻器，用於減少按鍵點擊
85|11561f0a8dad|在圖E6-5中，什麼是NAND gate的圖例符號？|D|<img src='TW_E6-5.png'/>||4|3|1|2
86|dcc6f297ce46|什麼是可程式邏輯元件（PLD）？|D|||用在電路設計期間模擬邏輯功能的演算法|用於測試數位邏輯積體電路的可程式設備|控制工業設備的元件|單個積體電路中的邏輯閘和電路的可程式集合
87|f7f06d331314|在圖E6-5中，NOR gate的圖例符號是什麼？|A|<img src='TW_E6-5.png'/>||4|3|1|2
88|40d22ff6c8cc|在圖E6-5中，NOT operation（反向器）的圖例符號是什麼？|C|<img src='TW_E6-5.png'/>||6|2|5|4
89|ffcba618085d|什麼是BiCMOS邏輯？|C|||基於鉍CMOS的邏輯系列|基於雙金屬半導體的FET邏輯系列|使用雙極性和CMOS電晶體的積體電路邏輯系列|每個封裝具有兩個CMOS電路的邏輯
90|cdaf3d4ba31f|以下哪項是BiCMOS邏輯的優點？|C|||其簡單性導致比標準CMOS便宜得多|以上皆是|它具有CMOS的高輸入阻抗和雙極性電晶體的低輸出阻抗|它完全免受靜電損傷
91|752c344226d8|在邏輯電路中使用可程式閘陣列(Programmable Gate Array)（PGA）的主要優點是什麼？|D|||以上皆是|PGA包含其自身的內部電源|許多類似的閘(similar gates)比混合不同類型的閘(mixture of gate types)更便宜|可以在單個積體電路中建立複合邏輯功能
92|becb39d64e82|若使用電感指數(AL)是每100圈40毫亨利的環形鐵粉磁蕊，要得到5毫亨利的電感器需要繞幾圈?|A|||35 圈|141 圈|79 圈|13 圈
93|ab662889c80d|甚麼是石英晶體的等效電路?|D|||動態電感和內阻串聯，再與動態電容及一個代表電極和雜散(stray)電容的電容器並聯|動態電容、動態電感和內阻與一個代表電極和雜散(stray)電容的電容器全部並聯|動態電容、動態電感和內阻與一個代表電極和雜散(stray)電容的電容器|動態電容、動態電感和內阻三者串聯，再與一個代表電極和雜散(stray)電容的分流(shunt)電容器並聯
94|97e14ac7dbb5|下列何者是壓電效應?|B|||有光照射時導電性會增加|加上電壓時會使材料產生形變|有光照射時會產生電能|加上磁場時會使材料產生形變
95|9f063bdaa6a0|哪種材料常用於可變電感器的棒狀磁蕊?|D|||聚苯乙烯和聚乙烯|鈷和鋁|鐵氟龍和塑鋼|鐵氧體和銅
96|50c3383eb1ba|電感器使用鐵氧蕊而不是鐵粉蕊的理由是甚麼?|B|||環形鐵氧蕊通常具有較小的初始導磁率|環形鐵氧蕊通常用較少的圈數即可產生所需電感量|環形鐵氧蕊通常較容易使用在表面黏著技術中|環形鐵氧蕊有較佳的溫度穩定性
97|4febfdb1b0c7|什麼磁蕊材料的性質決定了環形電感器的電感量?|C|||熱阻抗|反應性|導磁率|電阻
98|c9994b7d1aca|針對所用頻率選用正確磁蕊材料的環形磁蕊電感器可用頻率範圍是多少?|A|||從低於 20 赫 到 300 百萬赫 左右|從 10 赫 左右到不高於 3,000 千赫|從大約 100 千赫到至少 1,000 吉赫|從幾 千赫 到不高於 30 百萬赫
99|d213cec353eb|電感器使用鐵粉蕊而不是鐵氧蕊的理由是甚麼?|B|||鐵粉蕊通常用較少的圈數即可產生所需電感量|鐵粉蕊通常可在較大電流下維持其特性|鐵粉蕊通常用較細的線徑即可產生相同的電感量|鐵粉蕊通常具有較大的初始導磁率
100|8f8dd6c8ec3e|電晶體高頻(HF)放大器輸入和輸出端常用甚麼元件作為特高頻(VHF)及超高頻(UHF)寄生振盪的抑制器?|A|||磁珠|矽鋼環型磁鐵|電解電容|巴特沃斯濾波器
101|45bf10a13673|電感器使用環形磁蕊代替螺線管磁蕊主要優點是甚麼?|B|||環形磁蕊具有較低的Q特性|環形磁蕊會將絕大多數磁場限縮在其材質中|環形磁蕊比較容易將磁能耦合至其他元件|環形磁蕊展現較佳磁滯特性
102|308cceaf2957|若使用電感指數(AL)是每1,000圈523毫亨利的磁蕊，要得到1毫亨利的電感器需要繞幾圈?|B|||4 圈|43 圈|229 圈|2 圈
103|d78c62107c13|鐵氧體磁蕊電感器磁飽和的定義是甚麼?|C|||電感器線圈過耦合|相鄰的電感器變成過耦合|已超過電感器磁蕊儲存磁能力|電感器電壓過高產生電弧
104|5bf70d100fdb|引發電感器自諧振的主要原因是什麼?|B|||感應反沖|匝間電容|集膚效應|非線性磁滯
105|5a3fec0390d9|哪一種棒狀材料插入線圈中間時會減少其電感量?|D|||鐵粉|陶瓷|鐵氧體|銅
106|ca5f160a01d3|變壓器次級圈不接負載時初級圈的電流叫甚麼?|A|||磁化電流|直接電流|穩定電流|勵磁電流
107|b9f46bc6952c|接在變壓器次級圈用來吸收瞬間尖峰電壓的電容器名稱是甚麼?|D|||截波電容|微調電容|回授電容|緩衝電容
108|d16dde45bf3f|為何慣用的阻抗匹配變壓器要避免磁飽和?|B|||射頻電納會增加|產生諧波和失真|磁通量會隨著頻率增加|導致導磁率暫時改變
109|88173e797bda|關於電荷耦合元件(CCD)下列何者為正確?|B|||CMOS類比到數位轉換器|把類比訊號取樣，然後逐級的從輸入傳送到輸出|相位移隨著頻率快速改變|使用在電池充電電路裡
110|71177c4636c4|下列哪一種元件封裝是通孔式安裝?|C|||球柵陣列|帶引線的塑料晶元載體|雙排接腳|小外型電晶體
111|5185cba94eea|下列材料使用在單晶元微波積體電路 (MMIC)內，何者可以提供最高的工作頻率?|C|||氮化矽|二氧化矽|氮化鎵|矽
112|55e8737f2aab|使用單晶元微波積體電路 (MMIC)的電路，最常用的輸入和輸出阻抗是多少?|B|||10 歐姆|50 歐姆|450 歐姆|300 歐姆
113|8599f96afb99|下列哪一項可以視為典型低雜訊超高頻(UHF)前置放大器的雜訊指數?|A|||2 dB|-10 dB|44 dBm|-20 dBm
114|8e232d304dca|單晶元微波積體電路 (MMIC)的哪一特點使它成為特高頻(VHF)到微波頻段電路的最佳選擇?|B|||控制柵極所控制的屏極電流|可控制的增益、低雜訊指數及在特定頻率範圍內具有恆定的輸入及輸出阻抗|在有其他強訊號出現情況下，仍然可以從單一訊號中擷取資訊的能力|近乎無限大的增益、極高的輸入阻抗和極低的輸出阻抗
115|f4093d6fa95c|下列哪種方式常用於建構一個以單晶元微波積體電路 (MMIC)為主的微波放大器?|B|||點對點式|微帶式|平面式|波峰焊接式
116|7457de836391|通常如何將電源供應器的電壓供給一般的單晶元微波積體電路 (MMIC)?|D|||MMIC運作時無須偏壓|直接接到VCC接腳|經由電容及RF抗流圈接到放大器的輸入接腳|經由電阻及(或)RF抗流圈接到放大器的輸出接腳
117|4cd4da4cab4f|下列哪一個元件封裝方式最適合使用在高頻(HF)以上的頻率範圍?|C|||軸向接腳|TO-220|表面黏著|徑向接腳
118|2b77bfba6787|無接腳元件直接焊在PC板上的封裝技術是哪個?|B|||帶狀引線|表面黏著|直焊式|虛擬引線安裝
119|b7b40a909da3|積體電路(IC)使用DIP封裝的特點是甚麼?|B|||低漏電雙層絕緣的封裝|雙排接腳對稱封裝(Dual In-line Package)|每一封裝內有兩片晶元(Dual In Package)|安裝成直接倒置位置
120|75e9835541dc|為何高功率射頻放大器IC和電晶體通常使用陶瓷封裝?|B|||加強對光的靈敏度|散熱性較佳|提供一個低通頻率響應|高電壓隔離能力
121|8889a34fd352|光電導率是甚麼?|B|||光能到電動能的轉換|半導體受光照射時增加的電導率|半導體受光照射時降低的電導率|電動能到光能的轉換
122|8647543b7cc9|當受光照射時，光電導材料的電導率有什麼變化?|D|||減少|維持不變|變得不穩定|增加
123|46f1fdd3ef46|光隔離器或光耦合器一般的組態是甚麼?|D|||鏡頭和光電倍增管|調頻式氦氖雷射|調幅式氦氖雷射|LED和光電晶體
124|824882870f05|光電效應是甚麼?|B|||暴露於光照射下的電壓到電流轉換|光到電能的轉換|電能到機械能的轉換|電池在室外使用時的放電傾向
125|7d836b44433b|下列哪一個描述是光軸編碼器?|A|||用圖案輪盤來遮斷光源以檢知控制器的旋轉的裝置|藉由旋轉光源來產生RTTY訊號的裝置|以類比到數位轉換來測量光束強度的裝置|用於加密太空船控制訊號的數位加密裝置
126|2a9823c38373|哪一種材料受光電導的影響最大?|A|||結晶半導體|重金屬|一般金屬|液態半導體
127|8bbc3c5926ce|甚麼是固態繼電器(SSR)?|D|||用電晶體去驅動繼電器線圈的繼電器|被動式延遲線|用脈波來控制其開與關的機械式繼電器|使用半導體實現機電式繼電器功能的元件
128|4905f0e00d8c|為何光隔離器常用在120V AC切換的固態電路中?|C|||光隔離器可以消除在控制電路中的反射光效應|光隔離器可以在控制電路和電力電路間提供低阻抗連接|光隔離器可以在控制路和被切換的電路間提供高度的電氣隔離效果|光隔離器可以在控制電路和電力電路間提供阻抗匹配
129|7e361cbbc8d1|光電池的效率是指甚麼?|C|||在全照明下，開路電壓除以短路電流|有效回收期|光轉換成電流的相對分數|射頻輸出功率除以直流輸入功率
130|5cf77fe06eeb|最常用來產生電力的太陽電池是哪一種?|A|||矽|氧化銅|硫化鎘|硒
131|2dbb1757b2cb|矽光電池在全照明下，其開路電壓大約是多少?|C|||12 伏特|1.5 伏特|0.5 伏特|0.1 伏特
132|394608cdbaff|當光照射在光電池上時，何者吸收了光能?|C|||質子|光子|電子|電洞
133|dcb695a880f8|甚麼是液晶顯示器(LCD)?|C|||用以決定發射機或接收機頻率的單元|顯示石英晶體振盪器基頻的石英晶體振盪器的新型替代品|使用液態結晶體和極化濾波器為材料，加上電壓就變成不透明的一種顯示器|利用發光液體使得在昏暗光線下也能維持明亮的顯示器
134|decdc12b459d|關於液晶顯示器(LCD)下列何者為正確?|D|||以上皆是|在高環境亮度下不易觀看|只能顯示文數字符號|透過偏光鏡片可能不易觀看
135|abdf52c803e4|那一個是雙穩態電路？|B|||時脈|正反器|及閘|或閘
136|a965402ce238|什麼是十進制計數數位IC的功能？|B|||每一個輸入脈衝產生十個輸出脈衝|每十個輸入脈衝會產生一個輸出脈衝|將兩個十進位數相加|將解碼的十進位數顯示於七段LED 顯示裝置上
137|2a0cb8af6d38|下述那個可以將脈衝序列的頻率除以2？|C|||互斥或閘|乘法器|正反器|或閘
138|68d43d7e8325|要將訊號的頻率除以4時，需要多少個正反器？|C|||1|3|2|4
139|f6e0315df7b5|下述那一個電路不需要外部時脈仍可在兩個狀態間交替變換？|A|||非穩態多諧振盪器|T型正反器|單穩態多諧振盪器|J-K 型正反器
140|4f3e149fe99f|單穩態多諧振盪器的特徵是什麼？|A|||瞬間切換到相反的二進制狀態，然後在設定時間後，它就返回到它的原始狀態|保持恆定的輸出電壓，不管輸入電壓是如何的變化|產生一個在1和0之間振盪的連續方波|以0或1的狀態來存儲一位元的資料
141|b973dc239e0f|什麼是 NAND 閘所執行邏輯運算？|B|||只有當所有輸入端為邏輯“1”時，輸出端產生邏輯“1”|只有當所有輸入端為邏輯“1”時，輸出端產生邏輯“0”|只有當所有端為邏輯“0”時，輸出端產生邏輯“0”|當部份但不是所有的輸入端都是邏輯“1”時，輸出端產生邏輯“0”
142|5ef8b440ec32|什麼是 OR 閘所執行邏輯運算？|A|||如果任何的輸入端或所有的輸入端為邏輯“1”時，輸出端產生邏輯“1”|如果所有輸入端為邏輯“1”，輸出端產生邏輯“0”|如果所有輸入端為邏輯“0”，輸出端產生邏輯“1”|當所有輸入端都是邏輯“1”時，輸出端產生邏輯“0”
143|a272d5773447|什麼是藉由 互斥NOR 閘所執行的邏輯運算？|B|||只有當所有輸入端為邏輯“0”時，輸出端產生邏輯“0”|如果任何單個輸入端為邏輯“1”，輸出端產生邏輯“0”|只有當所有輸入端為邏輯“1”時，輸出端產生邏輯“1”|如果任何單個輸入端為邏輯“1”，輸出端產生邏輯“1”
144|fb2bcb862633|什麼是真值表？|B|||表示運算放大器的高邏輯狀態的邏輯符號表|數位元件輸入與相對應輸出的列表|表示運算放大器邏輯狀態的邏輯符號表|當數位元件輸出為真時，用來顯示邏輯狀態的圖
145|83609e849ddf|什麼類型的邏輯將“1”定義為高電壓？|C|||負邏輯|自信的邏輯|正邏輯|反向邏輯
146|b178590f7c14|什麼類型的邏輯將“0”定義為高電壓？|C|||自信的邏輯|反向邏輯|負邏輯|正邏輯
147|98f33b175c7d|AB類放大器在操作時，其信號周期為何？|D|||為180度|小於180度|全周期|大於180度但小於360度
148|5bc49335ecb5|什麼是D類放大器？|B|||為高效率使用漂移模式FET的放大器|使用交換(Switching)技術展現高效率的放大器|使用差分放大器以改善線性度的低功率放大器|倍頻放大器
149|6e4f1e160d2f|以下哪個元件構成D類放大器電路的輸出？|A|||濾除交換(Switching)信號的低通濾波器|補償低頻下的低增益的高通濾波器|提高線性度的溫度補償負載電阻器|防止交換瞬變造成損壞的匹配的負載電阻器
150|c2b43b37cff4|通常A類共射極放大器的偏壓會設定在負載線的那個位置？|A|||大約是在飽和值和截止值的中間|偏壓電阻等於負載電阻的點|在負載線與零偏壓電流曲線相交的點|負載線與電壓軸相交的地方
151|6cdd75a72d95|如何防止RF功率放大器中不必要的振盪？|A|||安裝寄生振盪抑制器及/或中和(neutralize)某級|調整輸入和輸出以獲得最大功率|在輸出濾波器中使用反相器|調整某級的SWR至最大
152|f52ee931dd1d|以下哪種放大器類型可減少或消除偶次諧波？|D|||C類|Push-push|AB類|Push-pull
153|106b19d21e2b|當使用C類放大器放大單邊帶電話信號時，可能出現以下哪種情況？|B|||信號反轉|信號失真和頻寬過大|提高整體清晰度|減少互調
154|ef44f6e73611|如何中和(neutralized)RF射頻功率放大器？|A|||將輸出的一部份180度反相反饋到輸入|將輸出的同相分量反饋到輸入|增加驅動功率|降低驅動功率
155|ff2730b6d950|在調諧輸出電路使用Pi網路的真空管RF功率放大器時，以下哪一項描述調整負載和調諧電容器的方法？|C|||將負載電容器調整至最小屏極電流，同時交替調整調諧電容器以獲得最大允許屏極電流|將調諧電容器設為最大電容，並調整負載電容器至最小允許屏極電流|調整調諧電容器至最小屏極電流，並調整負載電容器至最大允許屏極電流|將負載電容器設為最大電容，並調整調諧電容器至最小允許屏極(plate current)電流
156|c85014fbf658|在圖E7-1中，元件R1和R2的目的是什麼？|B|<img src='TW_E7-1.png'/>||自我偏壓|固定偏壓|反饋|負載電阻器
157|9f785cab478e|在圖E7-1中，元件R3的目的是什麼？|A|<img src='TW_E7-1.png'/>||自我偏壓|輸出負載電阻器|固定偏壓|射極旁路
158|a1f835d70104|圖E7-1所示，是什麼類型的放大器電路？|B|<img src='TW_E7-1.png'/>||射極隨耦器|共射極|共基極|共集極
159|75cd14fc6b1f|在圖E7-2中，元件R的目的是什麼？|D|<img src='TW_E7-2.png'/>||集極負載|固定偏壓|電壓調節|射極負載
160|a79e00f0617b|為什麼交換式放大器效率比線性放大器高？|C|||交換式放大器在較高的電壓運作|線性放大器具有高增益，導致較高的諧波含量|功率電晶體大部份時間處於飽和或截止，導致低功耗|交換式放大器使用Push-pull電路
161|19d8d8fe0d43|在雙極性電晶體放大器中防止熱失控(runaway)的一種方法是什麼？|C|||中和|以上皆是|使用與射極串聯的電阻器|選擇具有高β的電晶體
162|ddc9bed675ab|線性功率放大器中，內調變(inetrmodulation)會產生什麼影響？|A|||混附信號的傳輸|效率低|產生寄生振盪|以上皆是
163|8943e2375431|線性功率放大器中，為什麼關心奇次內調變而非偶次內調變？|C|||因為它們保持旁邊帶，因此導致多個重複信號|因為它們反轉旁邊帶導致失真|因為在頻率上它們相對接近想要信號|因為在頻率上它們相對遠離想要信號
164|8f5f83a3a575|共柵級(grounded-grid)放大器的特性是什麼？|A|||低輸入阻抗|高功率增益|高燈絲電壓|低頻寬
165|7ce87764b511|低通濾波器Pi網路的電容器和電感器如何配置於網路的輸入和輸出之間？|B|||兩個電感器在輸入和輸出之間作串聯，並將電容器連接於兩個電感器和接地端之間|電容器連接在輸入和接地端之間，另一個電容器連接在輸出和接地端之間，並將電感器連接在輸入和輸出之間|電感器連接在輸入和接地端之間，另一個電感器連接在輸出和接地端之間，並將電容器連接在輸入和輸出之間|兩個電容器在輸入和輸出之間作串聯，並將電感器連接於兩個電容器和接地端之間
166|ac98743629de|以下哪項是串聯電容器和並聯分流電感器的T網路的屬性？|B|||低通濾波器|高通濾波器|帶通濾波器|陷波濾波器
167|cdf476a8ee24|對於真空管發射機的最後一級放大器和天線之間的阻抗匹配，Pi-L網絡與常規Pi網絡比有什麼優勢？|D|||更大的變換範圍|較高的效率|較低的損耗|更好的諧波抑制
168|112aabf1ab55|阻抗匹配電路如何將複數(complex)阻抗轉變為電阻阻抗？|D|||引入負阻抗來抵消阻抗的電阻部分|負載電阻代替網路電阻，電抗與電阻匹配|引入互導(transconductance) 來抵消阻抗的電抗部分|抵消阻抗的電抗部分，並將電阻部分改變到所需的值
169|bbbf94946fcc|在通帶(passband)中具有漣波和尖銳截止(sharp cutoff)是描述哪種濾波器類型？|C|||被動運算放大器濾波器(passive op-amp filter)|主動LC濾波器(active LC filter)|切比雪夫濾波器(Chebyshev filter)|巴特沃斯濾波器(Butterworth filter)
170|4a9f53c444ed|橢圓濾波器的顯著特徵是什麼？|A|||在阻帶(stopband)中具有一個或多個非常尖銳截止的陷波(notch)|具有最小阻帶(stopband)漣波的漸進通帶(passband)衰減|具有極端阻帶(stopband)漣波的漸進通帶(passband)衰減|在其通帶(passband)上的絕佳平坦響應，具有逐漸圓形的阻帶(stopband)角
171|2d9c27b7bd40|在接收SSB傳輸時，您將使用什麼樣的濾波器來衰減載波信號干擾？|B|||Pi網路濾波器|陷波濾波器|帶通濾波器|全通濾波器
172|6ff2dc8ca0d2|以下哪個因素在幫助確定晶體梯形濾波器的頻寬和響應形狀方面具有最大影響？|A|||各個晶體的相對頻率|施加到石英晶體的DC電壓|通過濾波器的信號幅度|濾波器前面的RF級增益
173|cd9148f85d3e|什麼是用於HF接收機IF級的Jones濾波器？|B|||強調鏡像響應的特殊濾波器|可變頻寬晶格濾波器|去除脈衝雜訊的濾波器|自動陷波濾波器
174|1458b9db8efb|以下哪種濾波器是用於2公尺中繼臺雙工器的最佳選擇？|A|||空腔濾波器|晶體濾波器|L-C濾波器|DSP濾波器
175|3501edfb5b4e|以下哪項濾波器網路名稱，相當於在輸入和輸出用兩個電感器串聯和電容器分流背對背連接兩個L網路？|D|||Pi-L|Omega|Cascode|Pi
176|0319e57bdc03|哪一個描述說明了用於將真空管最後一級放大器與50歐姆不平衡輸出匹配的Pi-L網路？|C|||反相器負載網路|所有元件都與接地相隔離的匹配網路|在輸出端有一個額外的串聯電感的Pi網路|只有三個獨立元件的網路
177|c7d0b42c721d|與單個電感器和單個電容器組成的L匹配網路相比，Pi匹配網路的優點是什麼？|B|||L網路不能執行阻抗變換|Pi網路的Q可以根據所選擇的元件值而變化|Pi網路有較少的元件|Pi網路設計用於平衡的輸入和輸出
178|f8ca1d1fa4c1|在接收機IF濾波器中，那種模式受非線性相位響應的影響最大？|C|||流星散射|單邊帶語音|數位數據|視訊
179|30b9036e6b16|什麼是晶格濾波器(crystal lattice filter)？|B|||用交錯的石英晶體製成的電源供應器的濾波器|利用石英晶體製成具窄頻寬及陡裙邊特性的濾波器|由四個以1千赫間隔共振的石英晶體製成的音訊濾波器|利用石英晶體製成具寬頻寬及淺裙邊特性的濾波器
180|59d221ad8243|線性電子穩壓器的特性是什麼？|A|||改變控制元件的傳導性以保持恆定的輸出電壓|不需傳輸電晶體|控制元件佔空比(duty cycle)與線路或負載條件成比例|以斜坡電壓作為其輸出
181|0d62b81e7d81|開關電子穩壓器的特性是什麼？|A|||改變受控裝置的佔空比(duty cycle)以產生恆定的平均輸出電壓|會在輸出端輸出斜坡電壓|通常比線性穩壓器效率低|控制元件電阻的改變與線路電壓或負載電流成正比
182|96974ddfc38a|什麼元件通常用來作為線性穩壓器中的穩定參考電壓？|A|||稽納二極體|變容二極體|隧道二極體|矽控整流器
183|8e4b534d8a57|下列哪種類型的線性穩壓器通常能最有效地利用初級電源？|A|||串聯穩壓器|串聯電流源|分流穩壓器|分流電流源
184|cee42fecd9a0|下列哪種類型的線性穩壓器在未穩壓電源上施加恆定負載？|D|||恆定電流源|串聯穩壓器|分流電流源|分流穩壓器
185|28b8e996e1e4|圖E7-3所示電路中Q1的目的是什麼？|D|<img src='TW_E7-3.png'/>||為D1提供電流|提供負反饋以改善調節|為電壓源提供恆定的負載|增加穩壓器的電流處理能力
186|c4dfc0cd03a0|圖E7-3所示電路中C2的目的是什麼？|D|<img src='TW_E7-3.png'/>||作輸出的平滑濾波器(brute force filter)|在嗡嗡聲頻率下自諧振|為Q1提供固定的直流偏置|旁路(bypass)D1的嗡嗡聲(hum)
187|4945b4e317fa|什麼類型的電路如圖E7-3所示？|B|<img src='TW_E7-3.png'/>||射極接地放大器|線性穩壓器|開關穩壓器|射極跟隨器
188|9d1b7bf7b199|太陽能發電系統使用充電控制器的主要原因是什麼？|C|||匹配日夜充電率|防止電池充電不足|防止由於過充電造成的電池損壞|在電池放電期間控制電解質液面高度
189|0e42d4ee9433|高頻開關型高壓電源供應器比傳統電源供應器更便宜、重量更輕的主要原因是什麼？|C|||使用大功率因數補償電容器從交流電週期的未使用部分創建自由功率|反相器(inverter)設計不需要任何輸出濾波|高頻的反相器(inverter)設計使用更小的變壓器和濾波器元件就可得到等效功率輸出|使用二極體橋式整流器增加輸出
190|b9ed991bbe98|串聯類比穩壓器控制什麼電路元件來保持恆定的輸出電壓？|D|||開關電感|誤差放大器|參考電壓|傳輸電晶體
191|a9eac1ba99e0|類比穩壓器的最小電壓差（drop-out voltage）是多少？|A|||維持調節所需的最小輸入到輸出電壓|額定負載下輸出電壓可能下降的最大量|額定功耗的最小輸入電壓|輸入電壓在其指定範圍內變化時，輸出電壓下降的最大量
192|d37f77039272|計算串聯線性穩壓器功耗的公式是什麼？|D|||輸入電壓乘以輸入電流|輸出電壓乘以輸出電流|輸入電壓除以輸出電流|輸入與輸出的電壓差乘以輸出電流
193|ae9920cab728|在傳統非穩壓電源供應器中“洩放電阻器(bleeder resistor)”的目的為何？|B|||平衡低壓燈絲繞組|改善輸出電壓調節|提高輸出電流量|減少電源供應器產生的廢熱
194|3e0fe6a2d371|高壓電源供應器中的“啟動(step-start)”電路的目的是什麼？|C|||允許遠程控制電源供應器|為降低功率的應用提供雙電壓輸出|允許濾波器的電容器逐漸充電|補償輸入電源電壓的變化
195|9636d7f86a15|當幾個電解濾波電容器串聯連接以增加電源供應器的濾波電路的工作電壓時，為什麼在每個電容器上連接電阻器？|D|||當電源供應器關閉時，提供安全洩放器來對電容器放電|盡可能均衡每個電容器上的電壓降|提供最小負載電流來減少輕負載時的電壓偏移|以上皆是
196|d928e033c89e|以下哪項可用於產生FM模式的語音傳送？|B|||後級放大器上的電抗調變器|振盪器上的電抗調變器|振盪器上的平衡調變器|音訊放大器上的平衡調變器
197|db7d04e16218|電抗調變器的功能是什麼？|C|||藉由使用電性上可變電感或可變電容來產生AM信號|藉由使用電性上可變電阻來產生AM信號|藉由使用電性上可變電感或可變電容來產生PM信號|藉由使用電性上可變電阻來產生PM信號
198|20cfae91b359|類比相位調變器的功能為何？|D|||藉由改變放大器諧振電路的調諧以產生AM信號|藉由改變麥克風前置放大器的調諧以產生PM信號|藉由改變麥克風前置放大器的調諧以產生AM信號|藉由改變放大器諧振電路的調諧以產生PM信號
199|8510f0dcace2|什麼方式可以產生單邊帶語音信號？|A|||藉由在濾波器之後使用平衡調變器|藉由在混頻器之後使用電抗調變器|藉由在混頻器之後使用迴路調變器|藉由DSB信號來驅動乘積檢波器
200|ba946fb4619d|FM發射機可以加什麼電路用來提升音訊頻率的高頻部份？|D|||音頻預分頻器( audio prescaler)|解加強網絡( de-emphasis network)|外差消除器 ( heterodyne suppressor)|預加強網絡( pre-emphasis network)
201|36252c408e80|為什麼FM通信接收機一般都會使用解加強( de-emphasis)？|D|||消除三階失真|提高效率|減少脈衝雜訊接收|為了相容於使用相位調變的發射機
202|8df2a990fd4d|無線電通信中“基頻”的術語是什麼意思？|B|||發射機或接收機涵蓋的最低頻帶|用以調變信號的頻率成分|發射信號的未調變頻寬|FM發射器中的基本振盪器頻率之倍數，以增加偏差和載波頻率
203|3aa6bd9e51ae|出現混頻器電路輸出的主要頻率是什麼？|B|||原來頻率的兩倍和四倍|兩個輸入頻率與其相加與相減後之頻率|輸入頻率的 1.414倍和0.707倍|輸入頻率的和、差和平方根
204|ed8e166a5021|當過多的信號能量在混頻器電路時，會發生什麼事？|D|||產生拍頻|發生自動限制|發生混頻器模糊(blanking)|混頻器產生混附
205|b1f6740256b7|二極體檢測器功能為何？|C|||稽納電壓的擊穿|感測二極體中電抗相對於頻率的變化|將RF信號進行整流和濾波|在二極體的過渡區域中混合具有雜訊的信號
206|18f5e4d86d39|哪種類型的檢波器用於解調SSB信號？|C|||鑑頻器|相位比較器|乘積檢波器|相位檢波器
207|9bfb2f562722|什麼是FM接收機中的頻率鑑頻器？|C|||自動頻率切換電路|用於過濾兩個緊密相鄰信號的電路|用於檢測FM信號的電路|FM產生電路
208|fd450f90b571|直接數位轉換應用於軟體定義無線電(SDR)的涵義是什麼？|B|||在接收器操作期間，軟體從源始代碼轉換為目標代碼|輸入RF信號由類比數位信號轉換器(ADC)做數位化，不是用本地振盪器信號混合|使用交換混頻器直接從RF輸入產生I和Q信號|輸入的RF被轉換為用於壓控振盪器的控制電壓
209|ba6e81868372|什麼樣的數位信號處理音訊濾波器用於從接收的SSB信號中去除不必要的雜訊？|B|||希爾伯特變換濾波器(Hilbert-transform filter)|適應濾波器|相位反轉濾波器|晶格濾波器
210|c97f80f34b54|使用什麼類型的數位信號處理濾波器可產生SSB信號？|B|||橢圓濾波器|希爾伯特變換濾波器(Hilbert-transform filter)|陷波濾波器|適應濾波器
211|b006d95d3bbd|使用數位信號處理產生SSB信號的常見方法是什麼？|A|||合併具有正交相位關係的信號|頻率合成器去除不必要的邊帶|模擬石英晶體濾波器特性|混頻產物轉換為電壓並由加法器電路減去
212|74a264451daa|為能夠準確地再現信號，類比信號被類比數位轉換器(ADC)採樣的頻率為何？|C|||類比信號最高頻率的四倍速率|與類比信號最高頻率相同的速率|類比信號最高頻率的兩倍速率|類比信號最高頻率的一半速率
213|7d7cfed61467|類比數位轉換器(ADC)在1 毫伏特(millivolt)解析度下，採樣1伏特( volt)範圍的信號所需的最小位元數是多少？|C|||6位|8位|10位|4位
214|763faa03c21d|快速傅立葉轉換(Fast Fourier Transform)可以執行什麼功能？|B|||將8位元數據轉換為16位元數據|將數位信號從時域轉換到頻域|將類比信號轉換為數位形式|將數位信號轉換為類比形式
215|c684899cccd5|關於數位濾波器的抽取功能是什麼？|D|||去除不顯著的位元|衰減信號|將數據轉換為二進制代碼十進制形式|去除樣品數以降低有效採樣率
216|ee9fe4c2becf|為什麼在數位抽取濾波器中需要抗混疊濾波器(AAF)？|C|||使抽取器的響應達到峰值，從而提高頻寬|消除採樣頻率，以避免採樣誤差|去除高頻信號，否則這些信號將被再產生為較低頻率|去除低頻信號，以排除對DC恢復的需要
217|80fb17833361|接收機類比數位轉換的什麼特性決定了直接數位轉換軟體定義無線電(SDR)的最大接收頻寬？|B|||採樣寬度（以位元為單位）|採樣率|採樣時序相位雜訊|處理器延遲
218|28cbcbce9048|在沒有大氣或熱雜訊的情況下，什麼決定SDR的最小可檢測信號準位？|A|||參考電壓準位和採樣寬度（以位元為單位）|採樣時序相位雜訊|缺少代碼和抖動|數據存儲傳輸速率
219|1918eb0acff4|I和Q信號用什麼數位處理，以恢復基頻調製訊息？|A|||快速傅立葉轉換(Fast Fourier Transform)|抽取|信號調節|正交混合
220|7af794f342bf|數位信號處理濾波器中分接頭(taps)的功能是什麼？|A|||為濾波器演算法提供增量信號延遲|產生基頻信號的選擇點|提供除錯軟體的存取|減少過量信號壓力準位
221|147b20c5fde2|下列哪一個會允許數位信號處理濾波器產生更尖銳的濾波器響應？|B|||更高的數據速率|更多分接頭(taps)|雙精度數學程序|複合相量表示
222|869d010efb09|有限脈衝響應（FIR）濾波器與無限脈衝響應（IIR）數字濾波器比的優點？|A|||FIR濾波器將信號的所有頻率分量延遲相同的量|FIR濾波器可以更快地回應脈衝|以上皆是|對於給定範圍的通帶衰減要求，FIR濾波器更容易建置
223|6b15b2071b36|現有數位信號的採樣率如何調整為3/4因子？|D|||將每個樣本值乘以3/4因子|每個輸入值加3，並從每個輸出值中減去4|以3/4因子更改增益|插值3的因子，然後抽取4的因子
224|fe3c0e8d715d|I / Q調變中的字母I和Q代表什麼？|D|||非活動(inactive)和靜止(quiescent)|瞬時(instantaneous)和抑制(quenched)|瞬時(instantaneous)和準穩定(quasi-stable)|同相(in-phase)和正交(quardature)
225|52b87ce3a92a|何者為積體電路運算(OP)放大器的典型輸出阻抗？|B|||1000 歐姆|非常低|100 歐姆|非常高
226|93d1df0bf863|什麼是濾波器的漣波(ringing)效應？|B|||因為長時間延遲所造成的迴響|不想要的振盪被加入想要的信號中|在頻率範圍中的信號有部分相互抵消|減少高頻響應
227|a3177c7f02d5|何者為積體電路運算(OP)放大器的典型輸入阻抗？|B|||100 歐姆|非常高|非常低|1000 歐姆
228|a85b7125cac3|運算(OP)放大器的輸入補償電壓是什麼意思？|C|||OP放大器的輸出電壓減掉輸入電壓|在開路條件下，OP放大器在輸入端點間的電位|讓開路輸出電壓為零伏時，所需要的輸入電壓差值|OP放大器的輸出電壓與立即隨後狀態的輸入電壓間的差值
229|b225c68118af|在多階的運算(OP)放大器所組成的RC音訊濾波器電路，如何能避免不必要的漣波與音訊的不穩定性？|A|||同時限制增益及Q值|限制增益但增加Q值|限制Q但增加增益|同時增加增益及Q值
230|2bff12479ca7|下列何者為最適合運算(OP)放大器主動濾波器的使用？|B|||在接收機的輸入端當作高通濾波器使用以阻擋RFI|在接收機中作為音訊濾波器|使用在發射機及傳輸線間的低通濾波器|用於讓電源供應器的輸出變得較為平順
231|160e73313e21|在圖E7-4的電路，當R1=10歐姆, RF=470 歐姆時，可以預期電壓增益的大小為多少？|D|<img src='TW_E7-4.png'/>||24|94|0.21|47
232|e7282f20a592|理想運算放大器的增益會隨著頻率如何變化？|B|||隨著頻率增加而呈線性遞增|不會因頻率變化而有所影響|隨著頻率增加而呈對數遞減|隨著頻率增加而呈線性遞減
233|ff746b0aae59|在圖E7-4的電路，當R1=1,000 歐姆, RF=10,000 歐姆, 以及輸入端為直流0.23伏特時，輸出端電壓為何？|C|<img src='TW_E7-4.png'/>||-0.23 伏特|2.3 伏特|-2.3 伏特|0.23 伏特
234|339243d3fe38|在圖E7-4的電路，當R1=1,800 歐姆, RF=68 仟歐姆時，電壓增益的絕對值為何？|B|<img src='TW_E7-4.png'/>||0.03|38|1|76
235|e3fbc439ee06|在圖E7-4的電路，當R1=3,300 歐姆, RF=47 仟歐姆時，電壓增益的絕對值為何？|D|<img src='TW_E7-4.png'/>||28|7|0.07|14
236|eee629cedd96|什麼是積體電路運算放大器？|B|||數位音訊放大器的特性由放大器外部元件所控制|有著非常高的輸入阻抗及非常低輸出阻抗的一個高增益、直接耦合差動放大器|用於增加頻率調變的業餘訊號的平均輸出，到達合法的極限值的放大器|使用在特高頻及微波頻段下的RF放大器
237|f648a6f7f7a9|在業餘無線電設備中使用的三種振盪器電路是什麼？|D|||皮爾斯(Pierce)、芬納(Fenner)和貝納(Beane)|塔夫脫(Taft)、皮爾斯(Pierce)和負反饋電路|塔夫脫(Taft)、哈特利(Hartley)和皮爾斯(Pierce)|考畢茲(Colpitts)、哈特利(Hartley)和皮爾斯(Pierce)
238|fb2c8bec90e6|以下哪一個描述麥克風傳聲(microphonic)？|C|||由麥克風電纜上的RF連接座引起的失真|一種用於放大麥克風信號的積體電路|由機械振動引起振盪器頻率變化|由振盪器過度加載麥克風
239|7558fc58419f|如何在哈特利(Hartley)振盪器中提供正反饋？|C|||經由中和電容器|經由鏈接耦合|經由分接頭(Tapped)線圈|經由電容分壓器
240|7a5960c4d5fc|如何在考畢茲(Colpitts)振盪器中提供正反饋？|B|||經由分接頭(Tapped)線圈|經由電容分壓器|經由鏈接耦合|經由中和電容器
241|58850a482db5|如何在皮爾斯(Pierce)振盪器如何提供正反饋？|A|||經由石英晶體|經由中和電容器|經由分接頭(Tapped)線圈|經由鏈接耦合
242|0d1332217ce8|在VFO模式中通常使用以下哪些振盪器電路？|D|||Armstrong 和 deForest|Pierce 和 Zener|負反饋和平衡反饋|Colpitts 和 Hartley
243|71737f034ffa|如何減少振盪器的麥克風傳聲(microphonic)響應？|B|||僅將振盪器用於CW和數位信號|將振盪器電路的周圍以機械隔離|消除振盪器電源上的雜訊|使用NP0電容器
244|5d1f9a1dd73d|以下什麼元件可用於減少晶體振盪器中的熱漂移？|C|||環形電感器|無感電阻器|NP0電容器|線繞電阻器
245|9ee6f7ad2884|什麼類型的頻率合成器電路使用相位累加器、查表法、數位類比轉換器和低通抗混疊濾波器？|D|||二極體交換矩陣合成器|混合合成器|鎖相迴路合成器|直接數位合成器
246|1dac6484f92c|直接數位頻率合成器的查表法中包含什麼訊息？|A|||表示正弦波輸出的振幅值|壓控振盪器和輸出波形之間的相位關係|儲存在無線電記憶體中的合成器頻率限制和頻率值|參考振盪器和輸出波形之間的相位關係
247|8848188bbd53|直接數位合成器的主要頻譜雜訊是什麼？|C|||奈奎斯特(Nyquist)限制雜訊|寬帶雜訊|離散頻率的混附訊號|數位轉換雜訊
248|031d87d24b37|為確保晶體振盪器提供由晶體製造商指定的頻率，以下哪一項必須做？|A|||給晶體提供指定的並聯電容|在指定電壓下偏壓晶體|在指定電流下偏壓晶體|給晶體提供指定的並聯電感
249|94d989c80063|以下哪項是用於提供微波發射和接收所需的高精度和穩定振盪器的技術？|C|||使用銣(rubidium)穩定參考振盪器|使用溫度控制的高Q介電諧振器|以上皆是|使用GPS參考信號
250|b3125e550ff9|什麼是鎖相迴路電路(phase-locked loop circuit)？|B|||由比率檢測器、電抗調變器和壓控振盪器組成的電子伺服迴路|由相位檢測器、低通濾波器、壓控振盪器和穩定參考振盪器組成的電子伺服迴路|由具有差分輸入的精密推挽放大器組成的電子電路|類似單穩態多諧振盪器的電子電路
251|9f366f9e0ed0|以下何者功能可以由鎖相迴路執行？|C|||寬頻的AF和RF功率放大|光伏轉換和光耦合|頻率合成和FM解調|比較兩個數位輸入信號和數位脈衝計數器
252|f6d6fe9b2e5b|顯示方波(square wave)是由正弦波加上所有的奇(odd)次諧波組成，其過程的名稱是什麼？|C|||向量分析|差分分析|傅立葉(fourier)分析|數值分析
253|9b4b4d936c9f|何謂全向性天線？|C|||用以測量大地電導率的接地式天線|與八木天線相似的水平極化天線|天線增益參考的理論天線|將信號指向地球的太空船天線
254|77217b58a2b0|什麼天線在任何方向沒有增益？|C|||1/4波長垂直天線|八木天線|全向性天線|半波偶極天線
255|b4f46e9254fb|為什麼我們需要知道天線的饋電點阻抗？|C|||用以計算天線的前後比|用以測量發射天線的近場輻射密度|做阻抗匹配以將饋線駐波比降到最小|用以計算天線的前側比
256|5b7ca78e1413|下列何種因素可能影響到天線饋電點電阻？|A|||天線高度、導線長度/直徑比以及附近導電物體位置|發射機上的天線調諧器的設定值|太陽黑子的活動及開始通信的時間|饋線長度
257|64bc6297a26e|天線系統的電阻包含什麼？|B|||輻射電阻加上空間阻抗|輻射電阻加上歐姆電阻|輻射電阻加上傳輸電阻|饋線電阻加上輻射電阻
258|55a925297fdf|當天線增益增加時，天線的波束寬度會如何變化？|C|||不特別受干擾|呈算術增加|減少|呈幾何增加
259|df5aef31fcb0|何謂天線增益？|D|||天線輻射功率與發射機輸出功率的比|正向與反向的訊號比|後級放大器增益減去饋線損耗|天線在最強輻射方向與參考天線的輻射信號強度比
260|e7c39bd4c1b9|何謂天線的頻帶寬度？|A|||天線符合性能需求的頻率範圍|從天線元件末端延伸出來的兩個假想線間的角度|天線長度除以天線元件數|半功率輻射點間的角度
261|303ec5829f7f|如何計算天線效率？|A|||(輻射電阻/總電阻) x 100%|(有效輻射功率/發射機輸出功率) x 100%|(輻射電阻/傳輸電阻) x 100%|(總電阻/輻射電阻) x 100%
262|9c16fb5a607f|下列何種方法能夠增加1/4波長垂直接地天線的效率？|A|||安裝良好的輻射系統|同軸電纜屏蔽與接地相隔離|縮短輻射天線元件|減少輻射天線元件的直徑
263|3a21eb7dffdc|下列何種因素決定在3百萬赫～30百萬赫頻帶工作的垂直接地天線的地面衰減？|D|||天線與發射機間的距離|駐波比|訊號發射角度|土地的導電性
264|f3b292cf45ab|與具有超過全向性天線6 dB增益的1/2波長偶極天線相比，該天線的增益多少？|D|||6.0 dB|8.15 dB|2.79 dB|3.85 dB
265|cdce2efc823c|與具有超過全向性天線12 dB增益的1/2波長偶極天線相比，該天線的增益多少？|D|||12.5 dB|6.17 dB|14.15 dB|9.85 dB
266|de89520de116|何謂天線的輻射電阻？|B|||天線必須加以克服才能輻射訊號的大氣中的電阻|消耗從天線輻射出去相同能量的電阻數值|天線元件與饋線的耗損的總和|天線的比阻抗
267|d172c243e64e|對有7 dB增益偶極天線、2 dB饋線損失、2.2 dB雙工器損失以及150瓦特發射機的中繼電臺來說，有效輻射功率為何？|D|||78.7 瓦特|1977 瓦特|420 瓦特|286 瓦特
268|9ed6bd76ec29|對有10 dB增益偶極天線、4 dB饋線損失、3.2 dB雙工器損失、0.8 dB環形器損失以及200瓦特發射機的中繼電臺來說，有效輻射功率為何？|A|||317 瓦特|126 瓦特|2000 瓦特|300 瓦特
269|c77f76ec6fe1|對有7 dB增益普通天線、2 dB饋線損失、2.8 dB雙工器損失、1.2 dB環形器損失以及200 瓦特發射機的中繼電臺來說，有效輻射功率為何？|C|||159 瓦特|63.2 瓦特|252 瓦特|632 瓦特
270|4133643cb0a4|同時考慮到所有的增益及損失，下列何者描述了電臺功率輸出？|D|||半功率頻寬|視在功率|功率因素|有效輻射功率
271|c4769f244dfa|圖E9-1所示之天線輻射場型中，3dB波束寬度為何?|A|<img src='TW_E9-1.png'/>||50度|25度|30度|75度
272|f1db36a747db|圖E9-1所示之天線輻射場型中，前後比為何?|A|<img src='TW_E9-1.png'/>||18 dB|24 dB|14 dB|36 dB
273|c2222093bf60|圖E9-1所示之天線輻射場型中，主側瓣比為何?|D|<img src='TW_E9-1.png'/>||24 dB|18 dB|12 dB|14 dB
274|463da1293f20|當指向性天線工作在設計頻段內不同頻率時，會發生以下何種情況?|D|||電場與磁場場型可能反轉|元件間的間距可能超過限度|饋電點阻抗可能變為負值|增益可能隨頻率而改變
275|4849fe4af37d|在圖E9-2超過實際地面的天線輻射場型為何?|B|<img src='TW_E9-2.png'/>||極化|仰角|方位角|輻射電阻
276|eeb5c4475e7a|圖E9-2之天線輻射場型，峰值響應仰角為何?|B|<img src='TW_E9-2.png'/>||45度|7.5度|25度|75度
277|9a4115e3e07e|以相同功率驅動具指向性增益之天線與全向性天線，兩者之總輻射量差異為何?|C|||指向性天線之總輻射量隨增益增加而增加|指向性天線之總輻射量因其前後比而變強|相同|全向性天線之輻射量比指向性天線高2.15dB
278|ffc4743ea7f9|在特定平面，指向性天線的約略波束寬度如何決定?|A|||觀察比訊號強度最強的位置低3dB的兩處，並計算兩者角度差|測量天線前方與側邊波瓣的訊號強度比|測量以天線元件末端所連成的兩條虛擬線之夾角|測量天線前方與後方波瓣的輻射強度比
279|96d37de50555|常運用何種電腦程式技術建立天線模型?|B|||圖形分析(Graphical analysis)|動差法(Method of Moments)|互阻抗分析(Mutual impedance analysis)|以實際特性微分
280|0ad2789d996b|動差分析法之原理為何?|D|||將導線以一連串之點建構模型，每個點在空間中的位置不同|將導線以一連串之線段建構模型，每一線段有不同之電壓值|將導線以單一正弦波之電流產生器建構模型|將導線以一連串之線段建構模型，每一線段有相同的電流值
281|ff1a7ba1bcbe|如將天線模型之線段數量減少至每個半波長10段的原則以下，有何缺點?|A|||計算之饋電點阻抗可能不正確|設計結果將偏向輻射諧振能量|天線在機械結構上會不穩定|無法準確建構地面導電性模型
282|43ac7b4b8f76|天線之遠場為何?|C|||電離層中天線所輻射之能量不會被折射之區域|天線所輻射之場強被反射物體阻礙之區域|天線輻射場型之形狀與距離無關之區域|天線所輻射之能量經過一定時間後會消耗之區域
283|33f6301d18de|建構天線模型軟體所稱之NEC為何者之縮寫?|C|||National Electrical Code|Next Element Comparison|Numerical Electromagnetic Code|Numeric Electrical Computation
284|16802d6eda46|以建構模型軟體評估新設計天線的細節，可獲得什麼資訊?|C|||駐波比對頻率圖|天線增益|以上皆是|遠場之仰角與方位角極化圖
285|626edd86c127|圖E9-2所示之天線輻射場型中，前後比為何?|C|<img src='TW_E9-2.png'/>||15 dB|24 dB|28 dB|3 dB
286|dc00116f36e9|圖E9-2所示之天線輻射場型中，在前方有幾個仰角波瓣?|D|<img src='TW_E9-2.png'/>||7|3|1|4
287|03e5913cdd1d|兩個1/4波長的垂直天線相距1/2波長且以180度之相位差輸入時，其天線輻射場型為何?|B|||心型|8字型，且其方向與天線陣列之軸向一致|8字型，且其長邊與天線陣列之軸向垂直|無方向
288|199904ec69f0|兩個1/4波長的垂直天線相距1/4波長且以90度之相位差輸入時，其天線輻射場型為何?|C|||無方向|8字型，且其長邊與天線陣列之軸向垂直|心型|8字型，且其端射方向與天線陣列之軸向一致
289|595e3d0e5d39|兩個1/4波長的垂直天線相距1/2波長且以同相輸入時，其天線輻射場型為何?|B|||心型|8字型，且其長邊與天線陣列之軸向垂直|無方向|8字型，且其端射方向與天線陣列之軸向一致
290|85f05eeb090c|當終端無封閉之長導線天線的導線長度增加時，其輻射場型會發生什麼情況?|A|||波瓣將與導線方向更為一致|前後比減少|波瓣將與導線更為垂直|垂直角度增加
291|24812ec4170c|什麼是OCFD天線?|A|||饋電點約在距其中一末端1/3處，且具有4:1之平衡-不平衡轉換器，可使用於多頻段的偶極天線|運用8相濾波器之8頻段偶極天線|運用正交控制頻率分集之可遠端控制諧振之偶極天線|利用單向極化達成頻率分集之多頻段偶極天線
292|bd661bbb0393|終端電阻對菱形天線的效果為何?|A|||將輻射場型由雙向改為單向|將天線元件上的駐波反射回發射機|減少地面耗損|將輻射場型由水平極化改變為垂直極化
293|02c1e53a667c|雙導線摺疊偶極天線中心之饋電點阻抗大約是多少?|A|||300 歐姆|72 歐姆|450 歐姆|50 歐姆
294|a18eead3c7a1|什麼是摺疊式偶極天線?|A|||由1個波長的導線形成非常細迴路組成的偶極天線|設計為具有順向增益的偶極天線|長度為4分之1波長之偶極天線|接地平面天線
295|734915d3ebdd|什麼是G5RV天線?|C|||以短路的同軸電纜作為發射元件並以4:1平衡-不平衡轉換器饋入的寬頻段偶極天線|由多個迴路所構成的相位陣列天線|經由特定長度之裸線傳輸線使用同軸電纜與平衡-不平衡轉換器饋入的多頻段偶極天線|多頻段陷波天線
296|81bbdfb0211f|以下何者描述Zepp天線?|C|||具有經由改變定相線以快速改變最大輻射方向能力的垂直天線陣列|由拉鍊線(zip cord)製成的天線|由終端饋入的偶極天線|常用於衛星通訊的全向性天線
297|397615f3c5aa|垂直極化天線架設於海水上及岩石地表上，其遠場的仰角場型有何不同?|A|||低角度輻射增加|高、低角度輻射皆增加|高角度輻射增加|低角度輻射減少
298|b2a92005b4d8|以下何者描述擴展的雙重Zepp天線?|C|||由終端饋入的摺疊偶極天線|由使用管徑精準內縮之鋁製管構成的寬頻垂直天線|由中心饋入的1.25倍波長天線(2個同相的5/8波長元件)|利用2個撐桿架高的攜帶式天線
299|be866c4c5761|垂直天線架設於非理想地面的主要影響為何?|C|||改變匹配網路的阻抗角|駐波比增加|減少低角度的輻射|減少天線在輻射部分的損耗
300|5624c0286074|水平極化天線架設於山丘旁與平坦地面，其性能有何差異?|D|||水平波束寬度在下坡方向會減少|主波瓣的發射角在下坡方向會增加|水平波束寬度在上坡方向會增加|主波瓣的發射角在下坡方向會減少
301|6ce2f92f8072|當水平極化的3元件波束天線距地面高度改變時，其輻射場型如何改變?|B|||水平波束寬度隨高度而減少|主波瓣的發射角隨著高度增加而減少|水平波束寬度隨高度而增加|主波瓣的發射角隨著高度增加而增加
302|26fc41785f06|當操作頻率變為兩倍時，理想拋物線型碟型天線的增益會如何變化？|B|||增益會變為原來的0.7倍|增益增加6 dB|增益增加3 dB|增益沒有任何改變
303|9fbcee0d1406|如何使線性極化八木天線產生圓極化波？|B|||將兩個八木天線放置在同條線上，並在驅動元件饋入相位差180度的波|將兩個八木天線彼此垂直，並在驅動元件相同點饋入相位差90度的波|堆疊兩個八木天線並饋入同相的波，以形成由平行平面中各自元件構成的陣列|堆疊兩個八木天線並饋入相位差90度的波，以形成由平行平面中各自元件構成的陣列
304|8e4fbdf1042d|高Q負載線圈應該放在哪裡，讓縮短的垂直天線的衰減最小化？|A|||接近天線垂直幅射器的中心|在天線垂直幅射器上越低越好|離發射機越近越好|在電壓波結上
305|94adaacd84c4|為什麼行動式HF天線的負載線圈應該有較高的電抗電阻比(電抗：電阻)？|C|||為了去除諧波|為了把衰減最大化|為了把衰減最小化|為了把Q最小化
306|681d2250789b|下列何者為多頻帶陷波天線(multiband trapped antenna)的缺點？|B|||訊號常被中和(neutralized)|可能發射諧波|在低頻時具有強指向性|發射諧波與基波的能力相等
307|0ee52b3a8d4c|經由使用負載線圈以縮短天線時，頻寬會如何變化？|B|||頻寬變得扁平|頻寬變窄|沒有變化|頻寬變寬
308|08be4806bb60|下列何者是在縮短的HF垂直天線的頂端加上負載的好處？|C|||較好的結構強度|較低的Q|提升輻射效率|較高的衰減
309|adb82d77e38d|當天線的Q增加時，會發生下列何種變化？|D|||增益變小|駐波比頻寬增加|饋線上會有更大的共模電流|駐波比頻寬縮小
310|e2d773945f97|在行動式HF天線上，負載線圈的功能是什麼？|D|||減少Q|增加駐波比頻寬|減少衰減|抵銷電容電抗
311|661716d802e1|當操作頻率降低時，固定長度行動式HF天線的底部饋點阻抗會產生何種變化？|B|||輻射阻抗增加，電容電抗降低|輻射阻抗降低，電容電抗增加|輻射阻抗增加，電容電抗增加|輻射阻抗降低，電容電抗降低
312|278d9cf0806d|下列那一種導體最適合用於把電臺射頻接地系統的衰減最小化？|A|||寬的扁平銅條|具有電阻的線，例如高壓線|10或12AWG的不鏽鋼電纜|由6~7條18AWG導線所編成的電纜
313|3b66783735c6|下列何者提供電臺最佳的射頻接地效果？|C|||透過扼流圈電氣短路連接至互連的3~4支接地棒|電氣短路連接至金屬水管|電氣短路連接至互連的3~4支插入地面下的接地棒|50歐姆電阻器連接至地面
314|ea60aed213cd|當八木天線被設計成單獨前方具有最大增益時，通常會發生什麼事？|C|||駐波比減少|頻率響應在整個頻帶上加寬|前後比減少|前後比增加
315|514d46e2ed3f|經由線路連接到元件中心兩側相隔部分波長的位置上的驅動元件，來將較高阻抗傳輸線路與較低阻抗天線匹配的系統是什麼 ?|C|||伽馬匹配系統|歐米茄匹配系統|增量(delta)匹配系統|存根(stub)匹配系統
316|d3889d0ae8c3|經由饋入驅動元件的中心及相隔部分波長的中心一側，使不平衡饋線與天線匹配的系統名稱是什麼？|A|||伽馬匹配系統|存根(stub)匹配系統|增量(delta)匹配系統|小量(epsilon)匹配系統
317|e435be16a5fe|使用與饋線上饋入點或其附近的點並聯連接的傳輸線段的匹配系統名稱是什麼？|A|||存根(stub)匹配系統|增量(delta)匹配系統|伽馬匹配系統|歐米茄匹配系統
318|1c95ead0efdb|在伽馬型天線匹配網路中串聯電容器的目的是什麼？|B|||在饋線和天線之間提供直流隔離|抵銷匹配網路的感抗|提供抑制陷波以防止諧波輻射|將天線阻抗變換到更高的值
319|25af92367ee1|3元件八木天線中的驅動元件必須如何調整，才能使用髮夾匹配系統？|C|||驅動元件電抗必須是電感性的|驅動元件的輻射電阻必須高於傳輸線的特性阻抗|驅動元件電抗必須是電容性的|驅動元件共振必須低於工作頻率
320|3d1fc8fb7d6f|3元件八木天線髮夾匹配系統的等效總常數網路為何？|A|||並聯電感器|串聯電容器|Pi-L網路|Pi網路
321|13cee68a2d8e|什麼名詞最能說明在不匹配的傳輸線路的負載端的相互作用？|D|||特性阻抗|速度因子|介電常數|反射係數
322|a9d50eeef2c2|以下哪個測量值是不匹配傳輸線的特徵？|C|||介電常數大於1|反射係數大於1|SWR大於1：1|SWR小於1：1
323|7bb8e43dcd0c|下列匹配系統中的哪一個是將50歐姆同軸電纜饋線連接到接地塔的有效方法，以便用作垂直天線？|A|||伽馬匹配系統|以上皆是|雙火箭筒匹配系統|髮夾匹配系統
324|505ae6bb1a8b|下列哪一個是將100歐姆饋入點阻抗匹配到50歐姆同軸電纜饋線的有效方法？|B|||將300歐姆雙引線的1/4波長開路存根(stub)與同軸饋線並聯連接到天線|在天線端子和50歐姆饋入電纜之間串聯插入1/4波長的75歐姆同軸電纜傳輸線|將75歐姆電纜的1/2波長短路存根(stub)與50歐姆電纜並聯連接到天線|在天線端子和50歐姆饋入電纜之間串聯插入1/2波長的300歐姆雙芯引線
325|8ea450881b83|當天線和饋線的阻抗未知時，將饋線與VHF或UHF天線匹配的有效方法是什麼？|D|||在天線和饋線之間使用50歐姆1：1平衡-不平衡轉換器|在天線饋入端子上連接並聯諧振LC網路|在天線饋入端子上連接串聯諧振LC網路|使用通用存根(stub)匹配技術
326|823229f6507b|當與具有多個驅動元件的天線一起使用時，定相線的主要目的是什麼？|D|||允許單頻帶天線在其他頻帶操作|防止反射功率沿著饋線向下傳回及引起發射機的諧波輻射|確保天線具有低角度輻射場型|確保每個驅動元件與其它驅動元件協同工作，以產生想要的天線場型
327|f06cd4291cfd|Wilkinson分配器的用途是什麼？|A|||用於在兩個50歐姆負載之間平均分配功率，同時保持50歐姆輸入阻抗|用於從低阻抗源饋入高阻抗天線|用於從高阻抗源饋入低阻抗負載|劃分發射機信號的工作頻率，以便可以在較低的頻帶上使用
328|23d4123d409b|傳輸線的速度係數是多少？|C|||傳輸線的特性阻抗與終端阻抗的比值|同軸電纜屏蔽指數|傳輸線中的波的速度除以真空中的光速|傳輸線中的波的速度乘以真空中的光速
329|a7456144d411|下列哪一項決定了傳輸線的速度係數？|B|||終端阻抗|傳輸線使用的介電材料|線長|中心導體電阻率
330|4731b8087b8d|為什麼同軸電纜傳輸線的物理長度比其電氣長度短？|A|||電氣信號在同軸電纜中比在空氣中移動更慢|平行饋線中的浪湧阻抗較高|同軸電纜中的集膚效應較不明顯|平行饋線中的特性阻抗較高
331|2f936d15d0c5|具有固態聚乙烯電介質的同軸電纜的典型速度係數是多少？|D|||0.30|2.70|0.10|0.66
332|51075b857399|在14.1百萬赫，電氣上1/4波長長度的固體聚乙烯電介質同軸傳輸線的物理長度大約是多少？|A|||3.5 公尺|0.2 公尺|20 公尺|2.3 公尺
333|af24dad57e9b|在14.1百萬赫，電氣上半波長長度的空氣絶緣平行導體傳輸線的物理長度大約是多少？|D|||71 公尺|15 公尺|20 公尺|10 公尺
334|e192d8d80593|在50百萬赫，梯形線與小直徑同軸電纜（如RG-58）間的差異在哪？|C|||較低速度係數|反射係數較小|較低的損耗|更高的SWR
335|bb01fcbd6441|信號通過傳輸線的實際速度與真空中光速的比值是什麼？|B|||駐波比|速度係數|特性阻抗|浪湧阻抗
336|56d2e2dc3caa|在7.2百萬赫，電氣上1/4波長長度的固體聚乙烯電介質同軸傳輸線的物理長度大約是多少？|C|||24 公尺|50 公尺|6.9 公尺|10 公尺
337|9be664ae5a35|當傳輸線在遠端短路時，1/8波長傳輸線對發射機呈現什麼阻抗？|C|||電容電抗|與傳輸線的特性阻抗相同|電感電抗|與後級發射機的輸入阻抗相同
338|d318524f9456|當傳輸線在遠端開路時，1/8波長傳輸線對發射機呈現什麼阻抗？|A|||電容電抗|與傳輸線的特性阻抗相同|電感電抗|與後級發射機的輸入阻抗相同
339|0cab7717f1a0|當傳輸線在遠端開路時，1/4波長傳輸線對發射機呈現什麼阻抗？|D|||與發射機的輸入阻抗相同|與傳輸線的特性阻抗相同|非常高的阻抗|非常低的阻抗
340|27843b9fd05e|當傳輸線在遠端短路時，1/4波長傳輸線對發射機呈現什麼阻抗？|D|||與傳輸線的特性阻抗相同|非常低的阻抗|與發射機輸出阻抗相同|非常高的阻抗
341|ae98f90d88d8|當傳輸線在遠端短路時，1/2波長傳輸線對發射機呈現什麼阻抗？|D|||非常高的阻抗|與發射機的輸出阻抗相同|與傳輸線的特性阻抗相同|非常低的阻抗
342|ad2a7fb02ed2|當傳輸線在遠端開路時，1/2波長傳輸線對發射機呈現什麼阻抗？|A|||非常高的阻抗|非常低的阻抗|與發射機的輸出阻抗相同|與線路的特性阻抗相同
343|5c0067a2740e|假設所有其他參數相同，下列哪一項是泡沫電介質同軸電纜和固體電介質電纜之間的顯著差異？|C|||泡沫電介質具有較低的安全工作電壓限制|泡沫電介質每單位長度具有較低的損耗|以上皆是|泡沫電介質具有較高的速度係數
344|467ad3ca30d0|以下那一項可以使用史密斯圖來計算？|C|||天線輻射場型|無線電傳播|傳輸線的阻抗|輻射電阻
345|d440045de402|史密斯圖中使用什麼類型的座標系統？|A|||電阻圓圈和電抗圓弧|電壓線和電流弦線|電壓圓圈和電流圓弧|電阻線和電抗弦線
346|3a0dc24d314f|通常使用史密斯圖來確定以下哪項？|D|||波束指向和輻射場型|三角函數|衛星方位角和仰角軸承|傳輸線路中的阻抗和SWR值
347|b52269a94676|構成史密斯圖的圓圈和圓弧代表是什麼？|C|||電壓和阻抗|電阻和電壓|電阻和電抗|電抗和電壓
348|942607fd97a3|圖E9-3中顯示了什麼類型的圖表？|D|<img src='TW_E9-3.png'/>||仰角輻射場型圖|方位角輻射場型圖|自由空間輻射方向圖|史密斯圖
349|67a8ce32b7e2|在圖E9-3所示的史密斯圖上，電抗圓弧終止的大外圓名稱是什麼？|D|<img src='TW_E9-3.png'/>||阻抗軸|極軸|主軸|電抗軸
350|12ce9e0e979b|在圖E9-3所示的史密斯圖上，顯示的直線是什麼？|D|<img src='TW_E9-3.png'/>||電抗軸|電流軸|電壓軸|電阻軸
351|349737373159|史密斯圖的標準化程序？|B|||就電阻軸重新分配電抗值|就主中心重新分配阻抗值|就電抗軸重新分配電阻值|就電抗軸重新分配主中心
352|d623019bab28|在解決問題的程序中，以下何者經常被添加到史密斯圖？|C|||天線長度圓圈|輻射場型圓圈|駐波比圓圈|同軸長度圓圈
353|7a2ae9c5fbae|史密斯圖上的圓弧代表什麼？|B|||頻率|具有恆定電抗的點|具有恆定電阻的點|SWR
354|57f909fa48bb|如何校準史密斯圖上的波長刻度？|C|||傳輸線電氣上頻率的分數|天線電氣上波長的分數|傳輸線電氣上波長的分數|天線電氣上頻率的分數
355|447e55f23674|當建構Beverage天線時，以下哪些因素應納入於設計中，以在想要的頻率中實現良好的性能？|D|||應該配置為四邊迴路|總長度不得超過1/4波長|必須安裝在離地面1波長以上|應該是一個或多個波長長度
356|ec228da05e5d|對於低頻（160公尺和80公尺）接收天線，下列何者為真？|A|||大氣雜訊很高，以致在偶極天線上的增益不重要|低損耗同軸電纜傳輸線對於良好的性能非常重要|它們必須架高在地面上至少1/2波長，以獲得良好的方向性|以上皆是
357|961e55af651c|使用屏蔽式環型天線進行測向有什麼優點？|B|||會自動消除行動安裝的點火雜訊|靜電平衡於大地，能給出更好的零點|消除強帶外信號引起的跟蹤誤差|允許電臺在不提供位置的情況下進行通信
358|8391bb822417|用於測向的線環型天線的主要缺點是什麼？|D|||僅在VHF頻帶上是實用的|在所有方向上接收同樣良好|是不可旋轉的|有雙向場型
359|b3c805832a2f|什麼是測向的三角測量方法？|B|||固定接收電臺描繪出三個信號源的方向|使用數個不同接收位置的天線指向來定位信號源|固定接收電臺使用三個不同的天線來描繪出信號源位置|使用來源天波的幾何角度來確定其位置
360|57c2ff914271|為什麼建議在供測向的接收機上使用射頻衰減器？|B|||減少由天線場型零點引起的接收信號的損耗，從而增加靈敏度|防止接收器因過載而難以偵測峰值或零點|縮小接收信號的頻寬以提高雜訊比|補償全向性天線的影響，從而提高方向性
361|36321789aee1|感應天線的功能是什麼？|C|||增加測向天線陣列的靈敏度|提供消除多路徑信號的分集接收|修改測向天線陣列的場型以在一個方向上提供零點|允許測向天線以不同的垂直角接收信號
362|0c38bf4994d9|以下哪一項描述了接收環形天線的結構？|D|||小線圈緊緊纏繞在環形鐵氧體磁芯上|經由電感線圈耦合到饋線的垂直天線|大圓極化天線|一匝或多匝導線纏繞成大開路線圈(open coil)的形狀
363|e6b0bc316401|如何提高多匝接收環形天線的輸出電壓？|D|||經由增加環形中的線匝數和減少環形結構面積|經由在相反方向上纏繞相鄰匝|經由降低環形屏蔽的磁導率|經由增加環形中的線匝數或環形結構面積或兩者
364|b5ffd2b82728|心形場型天線的什麼特性對於測向有用？|D|||非常尖銳的峰值|高輻射角|寬頻響應|非常尖銳的信號零點
1|a733693ea94f|外部接地或接地棒的主要功能是什麼？|A|||防雷|減少設備之間的射頻電流|減少RFI對電話和家庭娛樂系統的影響|減少接收的噪聲
2|6ff741602f18|當在鄰居家評估你的電臺的無線電波暴露等級時，你必須怎麼做？|D|||確保電臺的信號小於可控制環境內的MPE限制|你只需要評估自己的設備的暴露水平|告訴你的鄰居你的測試結果|確保電臺的信號小於非控制環境的MPE限制
3|a37776ae771c|以下哪一個是可用來估計業餘無線電臺產生的射頻場(RF Fields)是否在允許的MPE限制內的實用方法？|C|||使用已校準的天線分析儀|使用計算機加上史密斯圓圖方程式來計算射頻場|使用天線建模程序計算可到達位置的場強|以上皆是
4|ca8ada6503a5|當評估某地點具有多臺發射機同時操作發生過度暴露情形時，那一臺發射機的操作者和電臺執照持有者，應該負責減輕過度暴露情況？|B|||只有最強大的發射機|在可到達位置產生大於MPE限制值5％(含)以上的每一臺發射機|工作週期大於50％的每臺發射機|只有商用發射機
5|0657fbfb59a5|在業餘無線電頻段使用微波的潛在危險是什麼？|D|||微波是電離輻射|極高的頻率能量可以損壞天線結構的接頭|微波經常通過電離層反射達到遠距離的傳播|通常使用的高增益天線可能導致高的暴露等級
6|f6dd4d0f2b58|為什麼有各別的電場（E）和磁場（H）的MPE限制？|C|||電場和磁場輻射強度峰值可以發生在不同的位置|身體對來自電場和磁場的電磁輻射皆會反應|以上皆是|地面反射和散射使場阻抗隨位置變化
7|472127b03480|如何檢測來自緊急發電機的一氧化碳的危險等級？|B|||可以使用任何普通的煙霧探測器|只能使用一氧化碳檢測器|氣體的淡黃色外觀|氣味
8|bb09b5d9031a|SAR在測量什麼？|A|||當暴露於射頻電磁場時，能量被身體吸收的速率|信號放大等級|從固定地形反射的無線電波場能量的速率|人體的合成孔徑比
9|dcec24936cd4|哪些絕緣材料通常用來做某些電子設備的熱導體，如果破碎或粉碎成顆粒後被意外吸入，是有劇毒的？|B|||氧化鋅|氧化鈹|六氟化鈾|雲母
10|901d59a4d0fd|什麼樣的有毒材料可能出現在一些電子元件中，例如高電壓電容器和變壓器？|B|||聚乙烯|多氯聯苯|聚四氟乙烯|多晶矽
11|84516674d1e9|使用高功率的UHF或微波發射機可能會導致以下哪種傷害？|D|||高壓電放電引起的聽力損失|從冷卻系統吸入臭氧氣體|高磁場導致血液凝固|暴露在超過MPE限制的射頻場造成身體局部加熱
12|3c338a4fb78d|假設設備已連接到接地棒，如果您接觸在HF頻段上發射的設備時，受到RF灼傷，可能的問題是什麼？|C|||絕緣電線用於地線|接地棒共振|地線在該頻率上具有高阻抗|扁線編織而非圓形線用於地線
13|6350c27057f5|射頻能量可以影響人體組織的方式是什麼？|A|||加熱身體組織|導致血球數量下降到危險的程度|導致輻射中毒|冷卻身體組織
14|df7e56530e3b|在估計射頻信號是否超過最大允許暴露量時，以下哪些性質很重要？|B|||頻率|以上皆是|工作週期|功率密度
15|2224642ef251|如何確定所屬的電臺符合我國的射頻暴露量規定？|C|||使用衞福部訂定的射頻暴露量計算方式|使用經校準的設備測量場強|以上皆是|使用電腦模型計算
16|791aaf132af7|射頻輻射暴露量的「時間平均」是什麼意思？|C|||暴露的總時間|射頻輻射對身體有任何長期效應的平均時間|在一定時間內總射頻暴露量的平均值|發射機在特定24小時內所產生的平均功率
17|38e631758a66|如果所屬電臺的射頻能量經評估，其輻射量超過允許限制，應該如何處理？|A|||採取防止人類過度暴露於射頻電磁場的措施|以上皆是|得到鄰居的書面許可，得在一般民眾的最大允許曝露量限制值之上操作|向NCC申請許可
18|6a8d509c1352|安裝地面天線時應該採取什麼預防措施？|B|||高度應限制在3公尺內|應該安裝在一般民眾無法觸及之處|不應安裝在潮濕的地方|不應安裝在高於人可以達到之處
19|98b3894e0e41|發射機工作週期對評估射頻暴露，有什麼影響？|D|||低工作週期發射機可免於射頻暴露評估要求|較高的發射機工作週期允許更大的短期暴露量|高工作週期發射機可免於射頻暴露評估要求|較低的發射機工作週期允許更大的短期暴露量
20|e4dada827ed6|可以使用什麼類型的儀器來精確測量射頻電磁場？|A|||具有校準天線的校準强場計|具有信號强度計的接收機|具有高穩定性晶體標記產生器的示波器|具有峰值讀取功能的駐波比測量器
21|981f2f7f78ed|如果評估顯示鄰居可能從定向天線的主波瓣接收到超過射頻輻射的允許限制值，那麼應該做什麼？|A|||採取確保天線不會指向鄰居方向的預防措施|做一個鄰居清晰可見警告標誌|使用具有較高前後比的天線|換用具有更高增益的非極化天線
22|d2481b7a062e|安裝室內發射天線，應採取什麼預防措施？|A|||確保在使用區域不超過最大允許暴露限制|沿著牆壁邊緣放置天線，以減少寄生輻射|確保天線已正確屏蔽|將天線置於靠近操作位置，以最小化饋線輻射
23|7bbb6d8d8922|對天線進行調整或維修時，應採取什麼預防措施？|C|||佩戴輻射徽章|以上皆是|關閉發射機並斷開饋線|確保執行者和天線結構均接地
24|7a0df5023d28|在使用交流220 伏特單相電源設備時，四條連接線中的哪些電線應連接|A|||只要連結帶電壓的那兩條線|要連接所有電線|只要連結地線|只要連結零線
25|42fab6c83453|可以安全使用於達20安培連續電流的電路，其最小導線尺寸該為多少？|D|||AWG第8號|AWG第16號|AWG第20號|AWG第12號
26|443109602884|下列哪種尺寸的保險絲或斷路器，適於使用AWG 14號線的電路？|D|||100 安培|60 安培|30 安培|15 安培
27|cc4dd902e9e2|以下哪項是不將汽油發動機置於使用區域的主要原因？|D|||缺少足夠燃燒的氮氣|發動機扭力過大的危險|缺乏足夠燃燒的氧氣|一氧化碳中毒的危險
28|35902b7c7308|以下哪種情況會導致接地故障斷路器（GFCI）斷開設備的120或240伏特交流電源？|C|||電流從一個或多個電壓承載線流到中性線|電壓承載線上的過高電壓|電流從一個或多個電壓承載線直接流到地線|以上皆是
29|71368a675911|為什麼每個電臺設備的金屬外殼都必須接地？|B|||防止內部短路時保險絲熔斷|確保危險電壓不會出現在機箱上|確保中性線接地|防止信號過載
30|e7c48045b43e|使用安全帶或吊帶攀爬鐵塔時，應該遵守下列哪一項？|C|||不要後靠並僅依賴安全帶來支撐體重|以上皆是|確認安全帶的額定載重是否符合攀爬者的重量，並確認安全帶仍在允許的使用期限內|確保所有重型工具牢固地固定在安全帶D形環上
31|5f337e59d390|任何人準備爬上帶有電氣電力設備的鐵塔，應該做什麼？|A|||確保所有相關供電的電路已鎖定並標記|使塔的底座不接地|以上皆是|通知電力公司將有人在塔上工作
32|91d840afb603|為什麼焊接接頭不能使用於塔底連接到接地棒系統的電線？|D|||焊料的電阻太高|焊劑會防止低電導率連接|焊料具有太高的介電常數，以致無法提供足夠的雷電保護|焊接接頭可能被雷擊的熱量破壞
33|49ab70bc88f8|以下哪一項是鉛錫焊料的危險？|B|||焊料中的錫可能「冷流」導致電路短路|接觸焊料後，如未能將手洗淨，鉛會污染食物|高電壓可能導致鉛錫焊料突然分解|射頻能量會將鉛轉化為有毒氣體
34|f8cb7157628b|以下哪項是防雷接地的良好做法？|C|||必須粘接到所有埋在地下的水管和瓦斯管線|避雷接地必須連接到所有未接地的接線|必須與所有其他防雷接地線粘接在一起|接地線上的彎曲部分必須盡可能做成直角
35|9fcbe210fdf0|電源連鎖(interlock)的目的是什麼？|A|||確保機櫃打開時，移除危險電壓|設備過熱時，關閉設備|產生過大的電壓時，使電源關閉|防止對電路進行未經授權的更改，使製造商的保修失效
36|223b2e2f63ef|在用緊急發電機供電給你的房子時，你必須做什麼？|C|||以上皆是|確保所有避雷接地均已斷開|斷開公共電源之輸入|確保發電機未接地
37|35b0abcded74|緊急發電機之安裝以下哪項是對的？|A|||發電機應位於通風良好的區域|發電機必須與地絕緣|燃料應儲存在發電機附近，以便在緊急情況下快速加油|以上皆是
1|331897ac4ca6|何為集膚效應(skin effect)？|A|||當RF 頻率增加，RF電流越集中在導體的表面|熱能效應導致導體的阻抗增加|當RF 頻率減少，RF電流越集中在導體的表面|熱能效應導致導體的阻抗減少
2|e9bb12667892|為什麼在VHF或更高頻的電路中，使用的元件的引線要盡可能短？|B|||為了要增加熱傳導的時間常數|為了減少不必要的感抗|以上皆是|為了延長元件壽命
3|947bb2b7e0e0|何為微波線(Microstrip)？|C|||在微波電路中，為了減低時間延遲而焊接在印刷電路板上的短同軸線|使用於低功耗應用的微型同軸線|接地層(ground plane)上方的精密印刷導體，提供固定阻抗連接微波頻率|由並排導線所組成的輕量傳輸線
4|286982f784f0|為何在微波頻率裡的連接線需要盡量短？|C|||可增加抵銷(neturalizing)阻抗|因為地面反射效應|可以減少沿著連接線的相位移|為了減少雜訊係數
5|452dd160ca75|哪個寄生的(parasitic)特性隨著導體長度而增加？|B|||導磁性|感抗|展延性|介電常數
6|192b0f616767|磁場方向與其導體中的電流方向呈何種關係？|A|||以「左手定律」所決定的方向|跟電流同方向|跟電流反方向|所有方向都有
7|d998a7388815|什麼決定了在導體周圍的磁場強度？|C|||電流對阻抗的比率|阻抗除以電流|流經導體的電流量|導體的直徑
8|f45dc4ea1a56|什麼樣的能量儲存在電磁場或靜電場中？|C|||機械能|熱動能|電位能|動能
9|c698215ef728|如果電路使用理想的電感、電容，則交流電路的無功(reactive)功率會發生什麼情形？|B|||在電路中會產生熱|能量會不斷地在電場、磁場中交換，但不會損耗|會如動能般損耗在電路中|能量會在電感性、電容性組成的場域中損耗
10|a5bb70799ebe|若交流電路中的電壓、電流不同相位時，如何計算真實功率？|B|||視在功率除以功率因數|視在功率乘以功率因數|無功(虛)功率除以功率因數|無功(虛)功率乘以功率因數
11|7399bd2a676a|在R-L電路中，電壓與電流的相角為60度時，功率因數為何？|B|||0.866|0.5|1.73|1.414
12|c1a4c1471f68|如果輸入電壓100VAC，4安培，功率因數為0.2時，消耗多少功率？|A|||80 瓦特|50 瓦特|400 瓦特|2000 瓦特
13|9847ce7668a8|某個電路由100歐姆的電阻串接一個理想的100歐姆感抗所組成，當1安培直流電通過這個串接的電路時，這電路消耗多少功率？|B|||70.7 瓦特|100 瓦特|200 瓦特|141.4 瓦特
14|4396ff2b507a|什麼是無功(虛)功率？|A|||沒有瓦特數、無法產生功率|電路Q值所消耗的功率|消耗在電感線中阻抗的功率|因為電容所洩漏的功率損失
15|676df3d70ba9|在R-L電路中，電壓與電流的相角為45度時，功率因數為何？|C|||0.866|1.0|0.707|0.5
16|e399e17f7349|在R-L電路中，電壓與電流的相角為30度時，功率因數為何？|D|||1.73|0.577|0.5|0.866
17|7e6f0bfdafeb|如果輸入電壓200VAC，5安培，功率因數為0.6時，消耗多少功率？|C|||1000 瓦特|1600 瓦特|600 瓦特|200 瓦特
18|0d62246aeba9|如果視在功率為500VA，功率因數為0.71時，消耗多少功率？|A|||355 瓦特|252 瓦特|1.42 毫瓦特|704 瓦特
19|e5fdf9f3d7f2|什麼類型的波，其上升時間明顯快於其下降時間（反之亦然）？|C|||餘弦波|方波|鋸齒波|正弦波
20|e55542776e0f|傅立葉(Fourier)分析顯示什麼類型的波，由給定基頻的正弦波加上其所有諧波組成？|A|||鋸齒波|正弦波|方波|餘弦波
21|b750adff029e|關於類比數位轉換器(analog to digital converters)，什麼是“抖動”？|A|||在輸入信號添加少量雜訊，以更精確地表示隨時間變化的訊號|由不規則量化步進大小(step size)引起的誤差|通過隨機跳過樣本抽取的方法|轉換器不能產生信號表示值的異常情況
22|c077cdac7f43|什麼是測量複雜波形的RMS電壓的最精確方法？|D|||使用網格傾斜儀|使用吸收波長計|用D'Arsonval計測量電壓|測量已知電阻器中的加熱效應
23|25a838014808|典型單邊帶電話信號的PEP與平均功率的近似比值是多少？|C|||1比1|100比1|2.5比1|25比1
24|eaf70e02593a|什麼決定了單邊帶電話訊號的PEP與平均功率比？|A|||調變訊號的特性|調變訊號的頻率|載波抑制的程度|放大器增益
25|bf6bbb83dabd|為什麼直接或快閃轉換類比數位轉換器(Analog to Digital Converter)對軟體定義無線電(SDR)有用？|C|||不受序列編碼的影響降低了混附響應|以上皆是|非常高的速度允許對高頻數位化|非常低的功耗降低頻率漂移
26|f619ae0ffad2|具有8位元解析度的類比數位轉換器(Analog to Digital Converter)可以編碼多少階？|A|||256|256除以輸入放大器的增益|8|8乘以輸入放大器的增益
27|2d3abccae596|數位類比轉換器( Digital to Analog Converter)與低通濾波器結合使用的目的是什麼？|B|||降低輸入頻寬以提高有效解析度|消除因離散類比位準產生所引起的輸出諧波|藉由從輸入中刪除序列代碼以提高精確度|以上皆是
28|25cb73071931|使用數位波形可傳送什麼類型的資訊？|C|||視訊|數據|以上皆是|語音
29|808d53e6376d|使用數位訊號傳送相同的資訊比使用類比訊號，有什麼優點？|C|||數位訊號產生和檢測所需要電路較不複雜|以上皆是|可多次重建(regenerated)數位訊號而沒有錯誤|數位訊號始終佔用較窄的頻寬
30|9295644c9cc4|以下哪種方法通常用於將類比訊號轉換為數位訊號？|C|||諧波重建(Harmonic regeneration)|位準轉換(Level shifting)|逐次抽樣(Sequential sampling)|相位反轉(Phase reversal)
31|db48aa9315e8|無線電中RF載波頻率偏移與其對應的FM語音訊號調變頻率的比率，稱為什麼?|B|||安靜指數|調變指數|FM壓縮度|調變百分比
32|2faa4943b0bf|相位調變發射的調變指數如何依RF載波頻率而改變?|C|||RF載波頻率增加，調變指數減少|RF載波頻率增加，調變指數增加|與RF載波頻率無關|調變指數依RF載波頻率的均方根而變
33|bf36fcbbc1e3|當調變頻率為1,000赫時，載波頻率的雙邊任一邊最大頻率偏移為3,000 赫的FM語音訊號的調變指數為多少?|A|||3|3,000|0.3|1,000
34|3f1bbcaa25ec|當調變頻率為2 千赫時，載波頻率有最大正或負6 千赫的頻率偏移的FM語音訊號的調變指數為多少?|D|||6,000|1/3|2,000|3
35|db9118ce049c|當最大調變頻率為3千赫時，載波頻率有最大正或負5千赫擺動的FM語音訊號的偏異比率為多少?|C|||0.6|0.167|1.67|60
36|b0b96ce851da|當最大調變頻率為3.5千赫時，載波頻率有最大正或負7.5千赫擺動的FM語音訊號的偏異比率為多少?|C|||47|0.214|2.14|0.47
37|984434f6fc3a|正交分頻多工(OFDM)技術用在何種型式的業餘通訊?|C|||正交分頻多工訊號不允許被用在業餘頻段|月面反射通聯(EME)|高速數位模式|極小功率通聯
38|9ae2d77019c3|下列何者描述正交分頻多工?|A|||在選定的頻率使用次載波頻率以避免碼際(intersymbol)干擾的數位調變技術|使用傅立葉轉換的頻寬壓縮技術|慢速、窄頻傳輸的數位模式|非諧波相關頻率之調頻技術
39|5353777a7d2f|偏異比率(deviation ratio)所指為何?|D|||最高音訊調變頻率與平均音訊調變頻率的比率|載波中心頻率與音訊調變頻率的比率|音訊調變頻率與載波中心頻率的比率|最大載波頻率偏移與最高音訊調變頻率的比率
40|8b01de198b9b|什麼是分頻多工(FDM)?|A|||兩或多組資訊流結合成基頻，再加以調變發射機|發射訊號以預先設定之速率在頻帶間跳動|兩或多組資訊流合併為數位結合器，再以脈衝位置調變發射|發射訊號分割為資訊封包
41|7733ee18eddb|什麼是數位分時多工(TDM)?|D|||兩或多組訊號被正交調變以增加頻寬效率|藉由傳送次載波的傳輸時間使兩或多組資料流分享相同的頻道|在調頻發射機中，兩或多組資料流被分配至離散的次載波|兩或多組訊號被安排分享資料傳輸的離散時槽(time slots)
1|062065524252|通常可藉由使用接收機雜訊消除器以減少接收機的哪種類型雜訊？|B|||以上皆是|引擎點火系統(ignition)的雜訊干擾|超外差的雜訊干擾|大自然的雜訊干擾
2|abe7c0a7e07c|通常可藉由DSP雜訊濾波器以減少接收機的哪種類型雜訊？|D|||大自然的雜訊干擾|來自電源線的雜訊干擾|引擎點火系統(ignition)的雜訊干擾|以上皆是
3|31c9f0635c07|接收機雜訊消除器可去除想要信號中的哪個？|A|||橫跨寬頻帶上的信號|具有尖銳峰值頻率分布的信號|僅出現在單一個IF中頻電路的信號|所有IF中頻電路固定位準的信號
4|c6ef25c5efe5|如何抑制汽車交流發電機產生的感應和輻射干擾雜訊？|B|||在接收機的直流電源引線串聯安裝濾波電容器和在交流發電機引線(field lead)安裝隔離電容器|接收機的電源引線直接連接到電池，並在交流發電機引線安裝同軸電容器|在接收機的電源引線串聯安裝高通濾波器，且在交流發電機引線並聯安裝低通濾波器|在兩個引線上安裝雜訊抑制電阻器和隔離電容器
5|23d5ddea6730|如何抑制電動馬達的雜訊？|B|||在電動馬達供電的電路中使用接地故障電流斷電器|在電動馬達電源引線串聯安裝強力交流濾波器|在電動馬達電源引線串聯安裝旁路電容器|在電動馬達電源引線串聯安裝高通濾波器
6|2cb74676a916|什麼是大氣層產生靜電的主要原因？|B|||太陽射頻能量發射|雷電風暴|地磁風暴|流星雨
7|17d38237aaf3|你如何檢測是否你家中的電源線產生雜訊干擾？|C|||用頻譜分析儀觀察交流電源線的電壓|用示波器觀察交流電源線的波形|藉由關閉交流電源線主斷路器開關，並用電池操作的無線電接收機收聽|用區域型反射計檢查電源線的電壓
8|48e98f223a7a|在無線電天線附近的電氣線路會感應到什麼類型的信號？|B|||交流電源線頻率的諧波|無線電發射機頻率的共模信號|有電氣火花的信號|交流電源線頻率的差模信號
9|655ddb23f3f0|當使用IF雜訊消除器時，會發生什麼不想要的影響？|B|||接收信號的音頻頻寬可能會被壓縮|即使符合發射標準的鄰近信號，也可能顯得過寬|不能再解調FM信號|接收在語音範圍中的音訊時，也許會有迴音的效果
10|6a63c834fd4b|觸摸控制電氣設備引起干擾的共同特性是什麼？|C|||干擾信號聽起來像AM接收機上的交流聲或在SSB或CW接收機上的載波被60赫調變的交流聲|干擾信號的寬度可以是數千赫，並且通常以有規則的周期重複，橫跨HF頻帶|以上皆是|干擾信號可能緩慢漂移，橫跨HF頻譜
11|de9a49821c5b|如果你在一個或多個MF或HF業餘無線電頻帶內聽到本地AM廣播電臺信號的組合，這種現象其最可能的原因是 ?|D|||您正在接收來自遠處站臺的天波信號|廣播電臺正在發送過度的調變信號|您的電臺接收器IF中頻放大器級有故障|附近有腐蝕的金屬接頭，正混合並再輻射該廣播電臺信號
12|4c88ab403f4f|在CW通訊時，使用某些類型自動DSP陷波濾波器的缺點是？|A|||DSP濾波器在去除干擾信號期間，同時消除想要接收的信號|接收的CW信號被DSP時脈頻率所調變|任何通過DSP系統的附近信號將壓過所要接收的信號|DSP濾波器振鈴(ringing)時，將完全消除CW字符之間的空間(space)
13|1f3d76c93bee|無線電接收機在間隔一段時間就產生大聲噪音或嗡嗡的交流電干擾的原因為何？|D|||恆溫控制裝置中的電弧接點所產生的干擾|附近照明或廣告看板顯示器故障所產生的干擾|附近住宅區內住家的門鈴或門鈴變壓器故障所產生的干擾|以上皆是
14|c18e1cd540f8|有什麼類型的電氣信號干擾可能因附近操作的個人電腦引起的？|D|||在每間隔幾秒鐘瞬間的點擊雜訊|在您的無線電接收機的音訊輸出中含有大量交流聲|一種含有聲音的雜訊脈衝持續的出現和消失|在特定頻率有不穩定的調變或無調變的信號出現
15|15b3579b444c|以下哪一項可能會導致屏蔽電纜輻射或接收干擾？|A|||電纜線的隔離屏蔽和主導體上的共模電流|電纜線上隔離編織屏蔽材料的使用|將所有接地連接到一個共同點，在屏蔽上有差動電流產生|在電纜線屏蔽兩端用低電感接地連接法
16|6ab553d19486|何種電流會在無隔離屏蔽的多芯電纜導線上均勻流動？|A|||共模電流|返回電流|僅無功電流|差模電流
17|707508eaba26|前向錯誤修正(FEC)是如何實現?|B|||由預先設定好之演算法來改變發射訊號的頻率偏移|用傳送額外的資料來檢測及修正傳輸錯誤|伴隨資料字元傳送特別的演算法給接收電臺|由接收電臺重複三個字元的每一區段
18|0440a2f50d80|數位傳送的符碼率(symbol rate)定義為何?|D|||電臺與電臺通聯時，每秒攜帶的字元數|在訊息封包中的控制字元數|訊息中每位元的傳送期間|傳送信號的波形變化載送資訊率
19|4f95edb24bb2|當執行相位偏移調變(PSK, phase shift keying)時，為何最有利的是將相移置於RF載波的交插0點?|D|||改善載波壓縮|較容易用傳統非同步檢測器作解調變|以上皆是|在特定的模式下，此將可作到最小傳送頻寬
20|67014f2fc650|以下何技術可用來最小化PSK31信號的頻寬需求?|A|||使用正弦函式資料脈衝|Zero-sum字元編碼|使用梯形函式資料脈衝|Reed-Solomon字元編碼
21|7368093f721b|每分鐘13字組的摩式(Morse)電碼傳送需要多大頻寬?|C|||大約 26 赫|大約 104 赫|大約 52 赫|大約 13 赫
22|76ecc0bc4477|170赫的頻率偏移, 300鮑的ASCII碼傳送需要多少頻寬?|D|||0.3 千赫|1.0 千赫|0.1 赫|0.5 千赫
23|67136621f8e5|4,800赫的頻率偏移, 9,600 鮑的ASCII碼FM傳送需要多少頻寬?|D|||5.76 千赫|9.6 千赫|4.8 千赫|15.36 千赫
24|a8e8d298b843|ARQ如何作到錯誤修正?|D|||特別的多項式碼提供自動修正|特別的二進位碼提供自動修正|假如發現錯誤，多餘的資料會被取代|假如發現錯誤，會要求重傳
25|f91690bf64f8|前後相鄰的字元只改變一位元的數位編碼方式叫什麼?|B|||延伸二進位編碼十進位交換碼|Gray碼|二進位編碼之十進位碼|Excess 3碼
26|fda94aae7675|數位通訊中以多位元傳送符號時，使用Gray code的優點為何?|B|||有較多可能的狀態而不是單純的二進位|有助於錯誤偵測|增加安全性|比單純的二進位有更佳的解析度
27|947e71b22f66|符碼率(Symbol rate)和鮑(Baud)率之間的關係為何?|B|||鮑只使用在RTTY|相同|鮑是符碼率的2倍|符碼率只用在封包通訊
28|8c11649808c5|為什麼接收的展頻信號能抗干擾？|A|||在接收機中抑制不使用展頻算法的信號|如果接收機檢測到干擾，它將發信號通知發射機改變頻率|展頻發射機使用高功率可使其信號不容易過載|接收機都配置數位消除器
29|dd7a442d2bd5|什麼展頻通信技術使用高速二進制位元流(bit stream)以使RF載波相位偏移？|B|||跳頻|直接序列|二進制相位偏移調變|相位壓縮展頻
30|482fe17a0be1|跳頻的展頻技術如何工作？|C|||如果接收機檢測到干擾，它將發信號通知發射機等待頻率乾淨|偽隨機二進制位元流用於在特定序列中非常快速地RF載波的相位偏移|在特定序列下，發射信號的頻率非常快速地改變，接收電臺也使用相同的序列|如果接收機檢測到干擾，它將發信號通知發射機改變頻率
31|8d3e23419b7e|極短的上升或下降時間對CW信號的主要影響是什麼？|B|||限制數據速率|產生電鍵點擊|更難複製|產生RF諧波
32|13533458a8da|減少電鍵點擊的最常見方法是什麼？|A|||增加鍵控波形的上升和下降時間|發射機輸出端的高通濾波器|發射機輸出端的低通濾波器|減少鍵控波形的上升和下降時間
33|fe8d0cbe23e8|以下哪項表示可能的AFSK信號（如PSK或MFSK）過調變？|B|||高反射功率|強的ALC活動|快速信號衰減|在較高頻帶產生諧波
34|7281dc349e35|什麼是AFSK信號過調變的常見原因？|A|||傳輸音訊位準過高|重試次數過多|在數據機的位元錯誤|接地迴路
35|d150e69fd904|什麼參數可能說明輸入位準過高會導致AFSK信號失真？|B|||重複請求速率（RRR）|內調失真（IMD）|信號雜訊比|鮑(Baud)
36|d79979de2156|對於閒置的PSK信號，什麼被認為是良好的最小IMD位準？|D|||-20dB|+ 15dB|+ 10dB|-30dB
37|82dffee80857|Baudot數位編碼和ASCII之間有什麼區別？|A|||Baudot每個字符使用5個位元，ASCII使用7或8; Baudot使用2個字符作為字母數字移位代碼，ASCII沒有字母/數字移位代碼|Baudot每個字符使用4個位元，ASCII使用7或8; Baudot使用1個字符作為字母數字移位代碼，ASCII沒有字母/數字移位代碼|Baudot每個字符使用7個位元，ASCII使用8位; Baudot沒有字母/數字移位代碼，ASCII使用2個字母/數字移位代碼|Baudot每個字符使用6個位元，ASCII使用7或8; Baudot沒有字母/數字移位代碼， ASCII使用2個字母/數字移位代碼
38|dcc9d703df8d|使用ASCII碼進行數據通信有什麼優點？|B|||它的每個字符比任何其他代碼包含較少的資訊位元|可以傳輸大寫和小寫文字|它包括內置的錯誤修正|它使用一個字符作為移位代碼發送數字和特殊字符