1|二等電臺可以使用下列哪些頻帶？|B|||160、60、40與10 公尺|160、30、17、15、12與10 公尺|160、60、30、17、12與10 公尺|60、20、17與12 公尺
2|下列哪個頻帶禁止使用話務操作？|B|||160 公尺|30 公尺|12 公尺|17 公尺
3|下列哪個頻帶禁止發射影像？|D|||160 公尺|20 公尺|12 公尺|30 公尺
4|下列哪個業餘頻帶只能在特定頻道通訊，而非使用整個頻帶？|A|||12 公尺|60 公尺|11 公尺|75 公尺
5|下列哪個頻率是二等電臺在40公尺頻帶可用的部份？|A|||7.200 百萬赫|7.500 百萬赫|40.500 百萬赫|40.200 百萬赫
6|下列哪個頻率是二等電臺在160公尺話務頻帶可用的部份？|D|||4,005 千赫|3,900 千赫|1,975 千赫|1,875 千赫
7|下列哪個頻率是二等電臺在20公尺話務頻帶可用的部份？|B|||14,405 千赫|14,305 千赫|14,605 千赫|14,505 千赫
8|下列哪個頻率是二等電臺在80公尺頻帶可用的部份？|A|||3,560 千赫|1,855 千赫|2,560 千赫|3,650 千赫
9|下列哪個頻率是二等電臺在15公尺頻帶可用的部份？|D|||24,900 千赫|18,155 千赫|14,250 千赫|21,300 千赫
10|下列哪個頻率是二等電臺控制員可以使用的？|D|||28.020 百萬赫|28.350 百萬赫|28.550 百萬赫|以上皆是
11|當二等電臺不被允許使用特定頻帶的話務部份時，哪個話務區段部份通常是可允許使用的？|D|||頻帶的下段（較低頻率）|7.3百萬赫以下頻率的上段與14.150百萬赫以上頻率的下段|7.3百萬赫以下頻率的下段與14.150百萬赫以上頻率的上段|頻帶的上段（較高頻率）
12|當NCC規定的頻帶在業餘業務為次要使用時，須遵守下列何者規定？|A|||業餘電臺在不對主要使用者造成有害干擾時允許使用|業餘電臺只在緊急情況下被允許使用該頻帶|業餘電臺在每天的特定時段使用，而主要使用者可以使用24小時|業餘電臺使用一個頻率之前，先記錄主要服務的呼號
13|當二等業餘電臺在30公尺頻帶操作時，如果受到主要業務電臺干擾時，如何處理是恰當的？|B|||向NCC檢舉該干擾|停止自己的發射或是移至無干擾的頻率|試圖聯絡該電臺並要求他停止干擾|增加發射功率以克服干擾
14|控制員持有NCC核發的二等電臺允許操作的頻帶是ITU的哪個區域？|D|||1區|以上皆可|2區|3區
15|業餘電臺所架設的天線離地面多少高度以上，須設置航空色標及標識燈具?|B|||9 公尺|60 公尺|100 公尺|30 公尺
16|示標電臺(Beacon)遵守下列何者規定?|C|||頻率由國家示標電臺組織指定|頻率須定期上網公布|相同電臺位置於相同頻帶僅能發射一個示標信號|示標電臺不須自動控制
17|根據NCC規定，示標電臺的作用是什麼?|C|||確認網路頻率|傳送公共利益有關的布告欄給業餘電臺|觀察傳播與接收狀況|自動確認中繼臺
18|何時業餘電臺可以對公眾轉傳廣播內容?|C|||廣播內容須獲得官方緊急救難單位許可|以上皆是|廣播內容與大眾安全直接相關而且無其他通訊方式可用時|由NCC許可
19|業餘電臺何時可以傳送音樂?|A|||載人太空船轉傳的附帶部分時|頻率高於1,215百萬赫的傳輸時|不產生混附發射即可傳送|不是故意即可
20|業餘電臺何時可傳達密碼?|C|||在宣布通訊緊急時|個人例行訊息傳送時|NCC特准時|控制太空電臺時
21|業餘電臺使用縮寫或程序信號的限制是什麼?|B|||僅Q簡語可用|對訊息的意義不會產生混淆不清即可|只准用「10編碼」|不准使用
22|如何依業餘無線電實務選擇發射頻率?|B|||發射前先監聽有無他人正在使用|以上皆是|頻率與模式須符合執照權限|符合業餘無線電頻帶規劃
23|業餘電臺何時可傳送與金錢相關或營利內容?|B|||物品小於新臺幣6,000元即可|業餘電臺之間討論用於電臺的設備轉讓，而且不是常規買賣時|任何狀況皆不可|無其他通信方式可用時
24|示標電臺(Beacon)之最大功率為何?|C|||100 瓦特|200 瓦特|600 瓦特|1,500 瓦特
25|業餘電臺操作方式若無NCC相關規定時應如何？|A|||符合「良好工程規範」與「良好業餘無線電實務」|以上皆是|要符合業餘無線電操作傳統|要符合IARU規定
26|業餘電臺操作方式不在業餘無線電管理辦法規定時，誰可判定業餘電臺是否符合「良好工程規範」與「良好業餘無線電實務」?|A|||NCC|IEEE|控制員|ITU
27|業餘電臺使用10.140百萬赫之最大功率為何?|C|||2,000 瓦特|1,000 瓦特|200 瓦特|1,500 瓦特
28|二等業餘電臺在12公尺頻段最大發射功率為何?|B|||50 瓦特|600 瓦特|相當半波偶極發射100瓦特之功率|200 瓦特
29|業餘電臺在20公尺頻段使用USB之最大頻寬為何?|B|||1.8 千赫|2.8 千赫|3 千赫|5.6 千赫
30|在業餘頻帶發射機使用功率的通用準則是?|B|||對其他電臺不產生干擾的功率|使用可以通訊的最低功率|14.000至14.150百萬赫不超過200瓦特|有效輻射功率不超過1,500瓦特
31|二等業餘電臺在28百萬赫頻帶的最大發射機功率限制為何？|C|||1,500 瓦特|100 瓦特|600 瓦特|200 瓦特
32|二等業餘電臺在1.8百萬赫頻帶的發射機功率限制為何?|A|||600 瓦特|400 瓦特|1,500 瓦特|200 瓦特
33|在20公尺頻段使用RTTY或是數據傳輸的最大符碼率限制為何?|A|||300 Baud|56 kBaud|1,200 Baud|19.6 kBaud
34|在28百萬赫以下使用RTTY或數據傳輸的最大符碼率限制為何?|B|||19.6 kBaud|300 Baud|56 kBaud|1,200 Baud
35|在70公分頻段使用RTTY或數據傳輸的最大符碼率限制為何?|B|||300 Baud|56 kBaud|1,200 Baud|19.6 kBaud
36|在10公尺頻段使用RTTY或數據傳輸的最大符碼率限制為何?|B|||19.6 kBaud|1,200 Baud|56 kBaud|300 Baud
37|在2公尺頻段使用RTTY或數據傳輸的最大符碼率限制為何?|A|||19.6 kBaud|1,200 Baud|300 Baud|56 kBaud
38|業餘電臺在什麼條件下，可以傳送第三方訊息?|A|||與我國訂有互惠協定|第三方不使用英語|第三方具有業餘執照|第三方非我國公民
39|10公尺中繼臺何時可轉發三等業餘無線電人員執照控制員發射的2公尺信號?|B|||任何情況皆不可|只有10公尺中繼電臺控制員具有一等的人員執照時才可以|只有電臺在10公尺的部分獲有特殊暫時授權才可以|只有NCC宣佈緊急通訊的一般狀態才可以
40|業餘電臺控制員於何種狀況時，須採取特定措施以避免干擾別人?|C|||使用展頻通訊時|當業餘頻帶為次要使用時|以上皆是|針對緊急救難頻率不停留佔用
41|除了緊急與災難訊息，何種國外第三方訊息禁止轉傳?|C|||非IARU會員國即禁止|ITU第二區國家|除非二國有互惠協定，否則禁止|ITU第一區國家
42|未取得業餘人員執照者經由業餘電臺控制員在場與國外業餘電臺通聯的要求是什麼?|A|||雙方國家訂有第三方通訊互惠規定時|電臺操作者有二等人員執照時|使用英語溝通|以上皆是
43|電臺互相確認通聯時應使用何種語言?|B|||聯合國承認之語言|只有英語|用於通聯之語言|英語、西班牙語、法語或德語
44|什麼情形才可以從事業餘無線電作業？|C|||不須經主管機關測試及格，只須取得業餘無線電人員執照|只須經主管機關測試及格，不須取得業餘無線電人員執照|須經主管機關測試及格，並取得業餘無線電人員執照|不須經主管機關測試及格，亦不須取得業餘無線電人員執照
45|取得業餘無線電人員執照後，可以做下列什麼操作？|C|||即可用於卡車行車調度之用|即可用於客運車行車調度之用|以上皆非|即可用於遊覽車行車調度之用
46|運輸業(含客運車、砂石車、遊覽車等)司機或隨車人員考取業餘無線電人員執照，亦不得於車上做行車業務使用，違反規定者，依電信法第67條之1第3項規定處的罰鍰為新臺幣1萬元以上、多少元以下？|B|||10萬元|5萬元|7萬元|3萬元
47|下列頻段何者為三等業餘無線電人員可以使用頻率範圍|B|||138-140 百萬赫|144-146 百萬赫|140-142 百萬赫|154-156 百萬赫
48|下列頻段何者為三等業餘無線電人員可以使用頻率範圍|B|||440-442 百萬赫|430-440 百萬赫|450-452 百萬赫|420-422 百萬赫
49|外國人欲於中華民國領域內從事業餘無線電作業的途徑有|D|||經我國業餘無線電人員測試及格，並取得業餘無線電人員執照，得借用具業餘無線電臺執照之業餘無線電臺操作使用|取得我國居留權及業餘無線電人員執照，得逕向主管機關申設業餘無線電臺，經審驗合格，取得電臺執照後|已取得國外業餘無線電人員執照，依業餘無線電管理辦法第四十一條規|以上皆是
50|業餘無線電人員從事業餘無線電活動時|B|||只須維持自身的合法性|應本互相尊重之精神共同監督之|因屬業餘性質，可任意為之|只須互相尊重，不須共同監督
51|我國業餘無線電人員資格分為|C|||一個等級|不分等級|三個等級|二個等級
52|那一等級之業餘無線電人員測試須進行摩氏電碼術科測試|D|||都需要測試|三等業餘無線電人員|二等業餘無線電人員|都不需要測試
53|一等業餘無線電人員測試題組為無線電規章與相關法規13題、無線電通訊方法15題、無線電系統原理15題、無線電相關安全防護3題、電磁相容性技術2題、射頻干擾的預防與排除2題，共計50題，測試及格至少應答對多少題？|A|||40 題|25 題|32 題|15 題
54|二等業餘無線電人員測試題組為無線電規章與相關法規12題、無線電通訊方法12題、無線電系統原理10題、無線電相關安全防護2題、電磁相容性技術2題、射頻干擾的預防與排除2題，共計40題，要測試及格至少應答對多少題？|B|||10 題|32 題|25 題|15 題
55|三等業餘無線電人員測試題組為無線電規章與相關法規13題、無線電通訊方法13題、無線電系統原理6題、無線電相關安全防護1題、電磁相容性技術1題、射頻干擾的預防與排除1題，共計35題，要測試及格至少應答對多少題？|C|||10 題|15 題|25 題|20 題
56|業餘無線電人員自測試及格日起，多久以內向主管機關申請業餘無線電人員執照|D|||一個月|一星期|三年|一年
57|參加一等業餘無線電人員測試之條件為何？|C|||持有三等業餘無線電人員執照且設置三等業餘無線電臺達一年以上者|持有二等業餘無線電人員執照且設置三等業餘無線電臺達一年以上者|持有二等業餘無線電人員執照且設置二等業餘無線電臺達一年以上，同時業餘無線電人員及電臺執照均需在有效期間內。|持有三等業餘無線電人員執照且設置三等業餘無線電臺達二年以上者
58|業餘無線電人員測試及格後，要向誰申請核發業餘無線電人員執照？|B|||當地公路監理站（所）|主管機關|當地業餘無線電團體|內政部
59|業餘無線電人員參加業餘無線電人員二等測試及格，可以申請那一等級的業餘無線電人員執照？|C|||三等|不能申請|二等|一等
60|非業餘無線電人員參加業餘無線電人員測試及格，可以申請那一等級的業餘無線電人員執照？|C|||不能申請|一等|三等|二等
61|二等業餘無線電人員要參加一等業餘無線電人員測試時，其二等業餘無線電臺設置已達具備|C|||一年以下|六個月以下|一年以上|三個月以下
62|王大明在未取得業餘無線電人員執照下，參加二等業餘無線電人員測試及格後，發現先前三等業餘無線電人員測試及格已超過一年，他可以申請什麼業餘無線電人員執照？|D|||三等|一等|二等|不能申請
63|王大明在未取得業餘無線電人員執照下，參加二等業餘無線電人員測試不及格，發現先前三等業餘無線電人員測試及格仍在一年內，他可以申請什麼業餘無線電人員執照？|C|||二等|一等|三等|不能申請
64|業餘無線電人員執照有效期間為|B|||五年|十年|三年|七年
65|一人可同時持有幾張業餘無線電人員執照|A|||一張|四張|二張|三張
66|業餘無線電人員執照有效期間為十年，應於期限屆滿前六個月起五個月內向誰申請換發執照？|C|||當地公路監理站（所）|當地業餘無線電團體|國家通訊傳播委員會|內政部
67|業餘無線電團體指|A|||依人民團體法成立，從事業餘無線電活動之團體|依電信法成立，從事業餘無線電活動之團體|依廣電法成立，從事業餘無線電活動之團體|依有線電視法規定成立，從事業餘無線電活動之團體
68|業餘無線電機係屬|B|||PHS（數位式低功率無線電話）|電信管制射頻器材|電信終端設備|低功率射頻無線電機
69|業餘無線電管理辦法所規範之輻射指|C|||以熱能形式向外流動之能量|以核能形式向外發射之能量|以無線電磁波形式向外流動之能量|以高能量粒子形式向外發射之能量
70|業餘無線電管理辦法所規範之發射指|A|||由無線電臺所產生之輻射或其輻射產物|以光波形式向外流動之能量|以高能量粒子形式向外發射之能量|以熱能形式向外流動之能量
71|業餘無線電管理辦法所定義之發射機為|B|||可發射任何物質之機器|具有將電能轉換為電磁輻射能輸出之機器|可發射光線之機器|可發射火箭之機器
72|一等業餘無線電人員得申請設置|D|||二等或三等業餘電臺|船舶無線電臺|三等業餘電臺|一等、二等或三等業餘電臺
73|二等業餘無線電人員得申請設置|A|||二等或三等業餘電臺|一等業餘電臺|一等、二等或三等業餘電臺|船舶無線電臺
74|三等業餘無線電人員得申請設置|D|||二等或三等業餘電臺|廣播電臺|船舶無線電臺|三等業餘電臺
75|某未取得業餘無線電人員執照之軍中報務士|C|||得申請設置二等或三等業餘電臺|得申請設置三等業餘電臺|不得申設業餘無線電臺|得申請設置一等、二等或三等業餘電臺
76|軍中報務士可以申請換發那等級的業餘無線電人員執照？|A|||不得申請|三等|一等|二等
77|某未取得業餘無線電人員執照之高級電信工程人員|C|||得申請設置一等、二等或三等業餘電臺|得申請設置二等或三等業餘電臺|不得申設業餘無線電臺|得申請設置三等業餘電臺
78|高級電信工程人員執照可以申請換發那等級的業餘無線電人員執照？|C|||一等|三等|不得申請|二等
79|持有漁船無線電對講機執照可以申請換發那等級的業餘無線電人員執照？|A|||不得申請|二等|三等|一等
80|具何種資格之外國人於取得業餘無線電人員執照後，得比照本國業餘無線電人員申設業餘電臺|B|||參加我國舉辦之業餘無線電研討會|取得我國居留證明|取得我國簽證|取得我國大學學位
81|固定式業餘電臺|C|||不得申請設置備用無線電機|得未經主管機關核可，當作中繼使用|除特殊業餘電臺及臨時電臺外，一人以設置一座為原則|僅限設置一部
82|U/VHF頻段行動式業餘電臺，按一機一照辦理，其輸出功率不得超過|A|||25 瓦特|20 瓦特|35 瓦特|30 瓦特
83|U/VHF頻段業餘電臺，其輸出功率超過幾瓦特即需固定設置？|B|||35 瓦特|25 瓦特|30 瓦特|20 瓦特
84|50百萬赫頻段以下之業餘電機，其輸出功率在幾瓦特以下得申請行動式業餘無線電臺？|C|||60 瓦特|100 瓦特|50 瓦特|75 瓦特
85|50百萬赫頻段以下之業餘無線電機，其輸出功率在幾瓦特以上需申請固定式業餘電臺？|D|||75 瓦特|100 瓦特|60 瓦特|50 瓦特
86|三等業餘無線電人員在使用U/VHF頻段之行動式業餘電臺時，在電臺功能允許下，得採何種發射方式？|A|||以上皆是|電報發射|電話發射|影像發射
87|業餘無線電人員得先操作業餘頻段專用收信機，於熟悉業餘無線電通信實務後|C|||不必申請異動，即可逕行增設發信設備|再申請註銷增設發信設備|再申請設置無線電臺|再申請異動增設發信設備
88|三等業餘無線電人員操作業餘電臺時，在電臺功能允許下可採何種發射方式|D|||電話|數據|影像|以上皆是
89|違反業餘無線電管理辦法第六條有關業餘無線電人員之規定者，應依電信法相關規定處新臺幣一萬元以上多少元以下罰鍰？|D|||二萬元|四萬元|三萬元|五萬元
90|業餘無線電人員申請固定式業餘電臺架設時，應填具業餘電臺設置申請書一份，並檢附業餘無線電人員執照影本及業餘無線電機認證證明等文件，向下列那單位申請？|C|||內政部|當地公路監理站（所）|主管機關|當地業餘無線電團體
91|業餘無線電人員向主管機關申請設置固定式業餘電臺時，所領得之架設許可證有效期間為|D|||五年|一年|三個月|六個月
92|業餘無線電人員於取得固定式業餘電臺架設許可證後，應於架設許可證有效期間內完成架設，並於完成後，向下列那一單位申請審驗？|D|||內政部|當地公路監理站（所）|當地業餘無線電團體|主管機關
93|業餘無線電人員申請行動式業餘電臺執照時，應填具行動式業餘無線電臺執照申請書一份，並檢附業餘無線電人員執照影本及備妥業餘無線電機，向下列那一單位申請核發行動式業餘電臺執照？|A|||主管機關|當地公路監理站（所）|內政部|當地業餘無線電團體
94|業餘無線電人員向主管機關申請固定式業餘電臺架設架設時，應檢附什麼資料？|A|||以上皆是|業餘無線電人員執照影本|固定式業餘電臺設置申請書|採經型式認證合格之業餘無線電機架設者，應檢附業餘無線電機型式認證證明或文件影本：採非經型式認證電機者，檢附相關技術規格資料影本等
95|業餘電臺執照有效期間為5年，執照所有人應於期限屆滿前6個月起5個月內，向下列那一單位申請換發執照？|C|||當地業餘無線電團體|當地公路監理站（所）|主管機關|內政部
96|業餘無線電機設備或固定式業餘電臺設置地點變更時|B|||應向內政部申請異動|應填具電臺異動申請書，向主管機關申請，經審驗合格，換發電臺執照後，始得使用|應通知當地戶政事務所變更原始登記事項後使用|不必申請即可逕行變更使用
97|業餘電臺設置天線不得違反內政部、國防部、交通部會銜發布之航空站飛行場助航設備四周|D|||禁止、限制開發辦法之規定|禁止、限制輻射辦法之規定|禁止、限制發射辦法之規定|禁止限制建築物及其他障礙物高度管理辦法之規定
98|為避免危及公共安全，業餘電臺設置之天線結構應與高壓電線保持安全距離，下列那種情形，應具有航空色標及標識燈具|D|||天線高度超過地平面 10 公尺者|天線高度超過地平面 30 公尺者|天線高度超過海平面 60 公尺者|天線高度超過地平面 60 公尺者
99|業餘電臺呼號之第一字元使用英文字母Ｂ，呼號之第二字元優先由英文字母Ｍ、Ｎ、Ｏ、Ｐ、Ｑ、Ｕ、Ｖ、Ｗ及Ｘ內選配，呼號之第三字元使用一個阿拉伯數字，除了數字０外，其他數字用以代表|D|||業餘電臺之所有人|業餘電臺所在之省份|業餘電臺所在之國家|業餘電臺所在之縣、市
100|業餘無線電臺之呼號，由電信監理資訊系統自動產生|B|||得指配特定呼號予非業餘無線電人員|任何人員皆不得要求指配特定呼號|必要時得敘明理由要求指配特定呼號|任何人員皆得要求指配特定呼號
101|業餘無線電人員取得較高等級之資格後，原設置之業餘電臺|D|||得申請增配呼號|不得申請改配呼號|於設置地點變更時，始得申請改配呼號|得申請改配呼號，惟原呼號不得再使用
102|某業餘無線電臺之呼號為 BX2A，表示該電臺為設置於中華民國|A|||臺北地區之業餘中繼電臺|臺北地區之三等業餘電臺|苗栗、臺中地區之二等業餘電臺|離島地區之二等業餘電臺
103|某業餘無線電臺之呼號為 BV9P，表示該電臺為設置於中華民國|A|||離島地區之特殊業餘電臺|苗栗、臺中地區之三等業餘電臺|臺北地區之業餘中繼電臺|臺北地區之一等業餘電臺
104|某業餘無線電臺之呼號為 BV5VA，表示該電臺為設置於中華民國|B|||臺北地區之一等業餘電臺|彰化、南投、雲林地區之一等業餘電臺|臺北地區之特殊業餘電臺|離島地區之二等業餘電臺
105|某業餘無線電臺之呼號為 BX7AA，表示該電臺為設置於中華民國|B|||彰化、南投、雲林地區之二等業餘電臺|高雄地區之一等業餘電臺|離島地區之二等業餘電臺|臺北地區之一等業餘電臺
106|某業餘無線電臺之呼號為 BV8AAA，表示該電臺為設置於中華民國|C|||離島地區之二等業餘電臺|屏東、花蓮、臺東地區之三等業餘電臺|高雄地區之一等業餘電臺
107|某業餘無線電臺之呼號為 BX4AAA，表示該電臺為設置於中華民國|D|||屏東、花蓮、臺東地區之三等業餘電臺|高雄地區之一等業餘電臺|離島地區之三等業餘電臺|苗栗、臺中地區之二等業餘電臺
108|某業餘無線電臺之呼號為 BV3AAA，表示該電臺為設置於中華民國|C|||苗栗、臺中地區之一等業餘電臺|屏東、花蓮、臺東地區之二等業餘電臺|桃園、新竹地區之三等業餘電臺|離島地區之三等業餘電臺
109|某業餘無線電臺之呼號為 BV6WAD，表示該電臺為設置於中華民國|B|||離島地區之三等業餘電臺|嘉南地區之三等業餘電臺|屏東、花蓮、臺東地區之一等業餘電臺|桃竹地區之二等業餘電臺
110|某業餘無線電臺之呼號為 BX1AAA，表示該電臺為設置於中華民國|D|||桃竹地區之一等業餘電臺|離島地區之三等業餘電臺|嘉南地區之三等業餘電臺|基宜地區之二等業餘電臺
111|業餘電臺於語音通信時，呼號應使用|A|||英語或國際無線電規則規定之英語識別代字|國語|國語或臺語或英語|國語或臺語
112|業餘無線電人員在其資格等級以上之業餘電臺作業時，得以所在電臺之呼號作業。若在較低等級之電臺作業時，則應於所在電臺之呼號後以甚麼符號字元分隔再加上作業人員本人之電臺呼號，予以識別|D|||分號|空白|逗點|斜線
113|業餘電臺於初次建立通信或通信完畢時，均應報明呼號，通信中每隔多少時間或更短期間應報呼號一次|B|||二十分鐘|十分鐘|四十分鐘|三十分鐘
114|可放大射頻功率，不屬發射機原始設計內之組件，但可與發射機連結使用而加大發射之輸出功率之裝置稱為|A|||外接射頻功率放大器|減波器|射頻增幅器|龜殼花
115|業餘電臺設備之輸出功率及工作頻率|A|||應符合我國業餘無線電機技術規範之規定|應符合日本國郵政省業餘無線電技術規範之規定|應符合美國聯邦通信委員會之業餘無線電技術標準|無任何規範
116|在業餘無線電管理辦法所採用之發射功率計量方法有|D|||輸出功率（output power）|輸入功率|輸出功率及有效輻射功率（ERP）二種|輸出功率、有效輻射功率及等效全向輻射功率（EIRP）三種
117|業餘無線電機屬？|D|||刀械彈藥管制器材|不需電臺執照之電信管制射頻器材|烹飪器材|需電臺執照之電信管制射頻器材
118|業餘無線電人員購買業餘無線電機後，下列何者正確？|D|||加大功率使用|租予他人使用|購買後即可使用|經審驗合格發給執照，始得使用
119|三等業餘無線電人員使用頻率範圍及發射功率之規定為|D|||頻率限於144百萬赫至146百萬赫及430百萬赫至432百萬赫，功率限於50瓦特以下|頻率限於144百萬赫至148百萬赫及430百萬赫至440百萬赫，功率限於25瓦特以下|頻率限於144百萬赫至148百萬赫及430百萬赫至440百萬赫，功率限於50瓦特以下|頻率限於50百萬赫至50.15百萬赫、144百萬赫至146百萬赫及430百萬赫至440百萬赫，功率限於25瓦特以下
120|業餘無線電頻率145百萬赫及433百萬赫為呼叫緊急救難頻率，任何電臺在呼叫完畢後，須改換至其他頻率工作，不得停留佔用及干擾，平時應經常守聽，俾供|A|||緊急呼叫及提供救助呼叫使用|做為救難大隊之專用頻道|做為消防救難大隊之專用頻道|做為個人通信之專用頻道
121|當一通訊網路啟用時，你與友臺正在該頻率上通信，應如何處理？|B|||加大功率以強佔頻率|禮貌地切換至其他頻率|關機|持續發射讓大家都無法使用
122|若你是VHF通訊網路的主控電臺，當平時使用的頻率被其他友臺先行使用了，應如何處理？|A|||避開該頻率，並於鄰近無人使用的頻率進行通信|降低功率輸出，按原計畫使用|加大功率以強佔頻率|當日停止通信
123|業餘無線電臺至少應有幾個控制點？|B|||不需要|一個|二個|三個
124|於業餘無線電臺執照內指定，負責控制電臺信息之傳送，以確保符合無線電規章規定之業餘無線電人員稱為|B|||頻率協調員|控制員|作業員|管理員
125|由當地或當區合法業餘電臺或中繼電臺控制員共同認可之人員，擔任協調並建議該等電臺所適用之發射及接收之頻路、相關作業及技術參數之任務，以避免或減少干擾，稱為|D|||控制員|管理員|作業員|頻率協調員
126|業餘無線電控制員執行控制作業任務之地點，稱為|A|||控制點|頻率協調點|作業點|管理點
127|業餘無線電人員操作業餘無線電臺時，下列何種行為是被禁止的？|A|||使用未經指配之電臺呼號|不佔用特定業餘無線電頻率|不對其他無線電信號產生干擾|不將電臺租予他人
128|業餘電臺之發射機件或其電源線產生之混附發射，對其他無線電通信產生妨害性干擾時|B|||應不予理會並繼續發射|應立即停止發射並予以改善|應立即要求遭干擾之電臺停止發射並予以改善|可繼續發射，至主管機關通知後始停止發射並予以改善
129|下列何種業餘電臺之行為是被禁止的？|C|||使用主管機關核准之密語或密碼通信|不傳送不實之信號或信息|使用未經指配之頻率及電臺呼號|不對其他無線電信號產生干擾
130|下列何種業餘電臺行為是被禁止的？|A|||從事違法通信或傳送非法信息|不作涉及公眾電信業務或從事具有任何營利性質之通信|不從事廣播或蒐集新聞活動|不播放音樂、唱歌、吹口哨，不使用鄙俚、淫邪之語音。影像信號或爭吵之信號
131|業餘無線電人員操作業餘無線電臺時，下列何種行為是被禁止的？|D|||不對其他無線電信號產生干擾|不佔用特定業餘無線電頻率|不使用未經指配之電臺呼號|將電臺租予他人
132|取得業餘無線電臺執照後，未經主管機關核准私自「擴頻」使用，例如核准頻率為144-146百萬赫，使用時卻調到148百萬赫，此行為屬|D|||合法|違反刑法|違反民法|違反電信法相關規定
133|業餘電臺於初次建立通信或通信完畢時均應報名呼號，其呼號為|B|||使用自取臺號（秘雕、孔鏘、嗶伯……）|主管機關指配之電臺呼號|007|長江1號
134|未經主管機關核准，強行佔用特定業餘無線電頻率。例如：某一電臺在頻率上宣稱「這個跑道我們用很久了」以驅趕其他合法使用者，此種行徑|D|||很好，佔久了就是我們的|屬合法的行為|無所謂，沒人管|屬違法的行為
135|對其他無線電信號產生干擾。例如干擾其他使用者而壓空信號、放音樂等|A|||屬違法的行為|屬合法的行為|很好，佔地為王，捍衛權利|無所謂，欺過路客，顯示我神通廣大
136|下列何者屬公眾通信？|A|||公眾行動電話、行動寬頻|航空行動通信業務|航海無線電通信業務|27百萬赫市民波段通信
137|我在使用業餘電臺無意中收到公眾通信通話，|B|||我可以利用業餘電臺向大眾公佈|其內容不可以洩露、發佈或加以利用|我可以告訴我的女朋友表示我的神通廣大|我深以為得到許多信息而覺得偉大
138|我在使用業餘無線電臺時|A|||禁止未經核准截收非供公眾一般需用之無線電通信|偷聽別人使用大哥大通信|利用收聽到之公眾通信內容並告之通信社加以公佈|把收到之公眾通信據為己用
139|佔用業餘無線電頻率使用在開店送瓦斯、餐廳點菜、與營業車隊派車調度等都屬|C|||合法行為|無所謂|違反業餘無線電管理辦法行為|使用無線電不用付費，又不違反
140|某一業餘無線電人員取得業餘無線電臺執照後，未經主管機關許可擅自加大功率，例如將原電臺功率由25瓦特增為50瓦特，|A|||屬違法行為|無所謂|很好，功率愈大愈好用|屬合法行為
141|某地區一固定設置之業餘電臺禮讓路過之業餘無線行動電臺優先使用並提供協助|B|||取笑他並繼續使用該頻段|屬業餘無線電人員禮讓的表現|不予理會直接加大功率示威|不值得學習
142|將電臺租予他人，係|B|||屬合法的行為|屬違法的行為|高興就好|政府管不著
143|公司行號能否申請使用業餘無線電作為業務使用？|A|||不可|買來直接使用即可|可|不用申請
144|於業餘無線電播放音樂，係|B|||寬宏大量的行為|屬違法行為|屬合法行為|獨樂樂不如眾樂樂
145|違反業餘無線電管理辦法規定者，應依|C|||槍砲彈藥刀械許可及管理辦法相關規定處罰|消費者保護法相關規定處罰|電信法相關規定處罰|氣象法相關規定處罰
146|違反業餘無線電管理辦法第十六條至第十八條規定，擅自設置或使用業餘電臺，其電信器材，不問屬於犯人與否，依電信法相關規定|C|||燒毀|拍賣|得沒收之|丟棄
147|違反業餘無線電管理辦法第十六條至第十八條規定，擅自設置或使用業餘電臺，影響飛航安全者|A|||依公共安全罪加重處罰|依贓物罪處罰|依妨害公務罪處罰|依偽造文書罪處罰
148|違反業餘無線電管理辦法第十六條至第十八條規定，擅自設置電臺者；或違反第四條規定擅自使用或變更無線電頻率、電功率、發射方式及電臺呼號，未干擾通信者，或違反本辦法其他規定者，依電信法相關規定|C|||予以口頭警告|處新臺幣十萬元以下罰鍰|處新臺幣十萬元以上五十萬元以下罰鍰|處新臺幣五十萬元以上罰鍰
149|未經主管機關許可，即行設置或使用無線電器材者，應依|A|||電信法相關規定處罰|陸海空軍刑法處罰|緊急動員法處罰|刀械彈藥管制條例處罰
150|足使資訊傳輸獲得在各類發射所規定條件下之傳輸品質及所需速率之頻帶寬度稱為|C|||民用頻帶寬度|佔用頻帶寬度|必需頻帶寬度|指配頻帶寬度
151|以總發射平均功率為中心衰減至低於總發射平均功率至少二十六分貝處，包括發射機容許頻率漂移及杜卜勒頻率漂移之頻率帶域寬度稱為|C|||必需頻帶寬度|業餘頻帶寬度|佔用頻帶寬度|指配頻帶寬度
152|載波遏制之程度足以使載波信號回復供解調使用之一種調幅單邊帶發射稱為|D|||遏制載波單邊帶發射|殘邊帶發射|強載波單邊帶發射|減載波單邊帶發射
153|載波被實質遏制，於解調時不予使用之一種調幅單邊帶發射稱為|A|||遏制載波單邊帶發射|殘邊帶發射|強載波單邊帶發射|減載波單邊帶發射
154|電視影像信號以|A|||殘邊帶發射|強載波單邊帶發射|遏制載波單邊帶發射|減載波單邊帶發射
155|由發射機輸出傳送到天線之功率及其天線與半波偶極天線相對增益之乘積稱為|C|||輸入功率|輸出功率（output power）|有效輻射功率（ERP）|有效全向輻射功率（EIRP）
156|發射或接收做為觀測電波傳播及其他相關實驗活動信號之業餘電臺稱為|C|||實驗電臺|中繼電臺|示標電臺|遙測電臺
157|利用業餘無線電傳送遠端觀測實驗信號之業餘電臺稱為|B|||中繼電臺|遙測電臺|示標電臺|實驗電臺
158|自動轉發其他電臺信號之業餘電臺稱為|B|||示標電臺|中繼電臺|遙測電臺|實驗電臺
159|設置於超過地面五十公里之業餘電臺稱為|B|||遙測電臺|太空電臺|中繼電臺|地球電臺
160|設置於離地面五十公里以內，擬與太空電臺或經由其他一或數具太空上之載具與其他地球電臺通信之業餘電臺稱為|C|||太空電臺|中繼電臺|地球電臺|遙測電臺
161|經由控制鏈路間接遙控控制之業餘電臺稱為|C|||地球電臺|太空電臺|遙控電臺|遙測電臺
162|傳送無線電信號以資指揮太空電臺之起動、修正或停止作業功能之業餘電臺稱為|D|||遙控電臺|太空電臺|地球電臺|指揮電臺
163|為符合無線電規章之規定，控制員在電臺內直接調校、控制無線電通信作業，稱為|B|||離線控制|即席控制|自動控制|遙控控制
164|為符合無線電規章之規定，控制員經由控制鏈路間接調校、控制業餘無線電通信作業，稱為|C|||即席控制|自動控制|遙控控制|離線控制
165|為符合無線電規章之規定，在無人操作之控制點上，自動控制該電臺之傳送所使用之設備及程序，稱為|B|||離線控制|自動控制|即席控制|遙控控制
166|第三者通信指業餘電臺之控制員為他人傳送信息予何人之通信|C|||公眾通信|任何其他人員|另一業餘電臺控制員|另一非業餘無線電人員
167|業餘無線電人員設置臨時電臺、輔助電臺、示標電臺、中繼電臺、地球電臺、太空電臺、遙控電臺、遙測電臺或指揮電臺等特殊業餘電臺時應向|A|||主管機關申請|當地公路監理站申請|內政部申請|當地業餘無線電團體申請
168|業餘無線電臺執照即將屆期時，|D|||若已不想操作，應逕向主管機關申請電機封存或監燬|不予理會，持續使用|若要繼續使用，應於有效期屆滿前辦理換照|以上皆是
169|個人進口或自製業餘無線電機僅供自用者，應向主管機關申請審驗合格|B|||即可使用|並取得電臺執照後始得使用|並取得型式認證證明後始得使用|並取得廣播執照後始得使用
170|自動控制電臺僅能傳送多少百萬赫之無線打字或數據通信？|B|||30 百萬赫|超過50 百萬赫|20 百萬赫|10 百萬赫
171|廠商應依電信法相關規定向何單位申請許可或備查，始得產銷業餘無線電機？|D|||標檢局|刑事警察局|經濟部|主管機關
172|業餘無線電人員取得較高等級之測試及格，原設置之業餘電臺得申請改配呼號。其呼號一經改配，原呼號該電臺|C|||可再使用至執照到期日|可併同使用到大家都認識我的新呼號為止|不得再使用|可永久使用
173|業餘電臺連接公共通信系統或供設置目的以外之用時，應符合以下法令規定？|C|||業餘無線電管理辦法|無相關法令規定|專用電信設置使用及連接公共通信系統管理辦法第四條規定|電波監理業務管理辦法
174|業餘無線電人員經主管機關核發較高等級之業餘無線電人員執照時，原|C|||原執照有效|有效。可同時持有一張以上業餘無線電人員執照|原執照失其效力|原執照效期未過仍有效
175|業餘無線電人員設置業餘電臺，除以下電臺外，應申請架設許可，經審驗合格，取得電臺執照，始得使用？|A|||臨時電臺|行動式業餘電臺|特殊業餘電臺|固定式業餘電臺
176|電臺審驗不合格者，得於架設許可證有效期間內申請複驗，並以幾次為限？|A|||一次|二次|三次|無限次數
177|以下何者非業餘無線電管理辦法規定之特殊業餘電臺？|C|||中繼電臺|示標電臺|臨時電臺|太空電臺
178|申請設置特殊業餘電臺應檢具以下那些文件，經全國性業餘無線電團體向主管機關申請核准？|@||
179|業餘無線電人員設置設置使用臨時電臺，其使用期間為何？|@||
180|業餘電臺執照有效期間為何？業餘電臺所屬者應於電臺執照有效期間屆滿前多久向主管機關申請換照？|@||
181|業餘電臺之業餘無線電機之輸出功率及工作頻率應符合以下法令之規定？|@||
182|業餘電臺之業餘無線電機之頻率容許差度及混附發射應符合以下法令之規定？|@||
183|業餘電臺增設或變更外接射頻功率放大器或套件時，所屬者應向誰申請，經審驗合格，換發電臺執照，始得使用？|@||
184|業餘電臺之外接射頻功率放大器或套件，應符合下列何種之規定？|@||
185|業餘無線電人員利用業餘電臺傳送無線打字或數據時，應使用下列規定之數據碼操作模式？|@||
186|以下何者始能申請及從事展頻通信實驗？|@||
187|供展頻通信實驗之發射機輸出功率及工作頻率應為何？|@||
188|展頻通信實驗應做成紀錄，並應保存幾年？|@||
189|為業餘無線電作業之推廣或教育活動目的，業餘無線電團體或一等、二等業餘無線電人員，經向誰申請核准後，得於活動現場，在其監督及指導下，提供業餘電臺或臨時電臺供非業餘無線電人員操作？|@||
190|業餘無線電人員操作業餘電臺，使用業餘無線電次要業務之頻段時，應遵守什麼規定？|@||
191|頻率容許差度，在正常供應電壓下，溫度在幾℃間變化？|@||
192|工作頻率小於30百萬赫者，電臺發射器或外接功率放大器之混附發射平均功率（mean power）至少應低於主波平均功率多少 dB？|@||
193|工作頻率為17.7吉赫以上者，混附發射依以下法令規定？|@||
194|一等業餘無線電機，50百萬赫~50.15百萬赫頻段，輸出功率限幾瓦？|@||
195|一等業餘無線電機，430百萬赫~440百萬赫頻段，輸出功率限幾瓦？|@||
196|二等業餘無線電機，50百萬赫~50.15百萬赫頻段，輸出功率限幾瓦？|@||
197|二等業餘無線電機，430百萬赫~440百萬赫頻段，輸出功率限幾瓦？|@||
198|三等業餘無線電機，50百萬赫~50.15百萬赫頻段，輸出功率限幾瓦？|@||
199|三等業餘無線電機，430百萬赫~440百萬赫頻段，輸出功率限幾瓦？|@||
200|查驗外接射頻功率放大器時，應以多少瓦以上之平均射頻輸入功率驅動至其輸出功率（設計功率）達到飽和功率？|@||
201|頻率容許差度在20℃下，供應電壓在額定值之±15％內變化時，工作頻率為VHF或UHF者，其規定為何？|@||
202|業餘無線電人員操作業餘電臺時，以下行為是被禁止的？|@||
203|非本國籍業餘無線電人員於中華民國領域內短期操作業餘電臺，經核准之作業期間規定為何？|@||
204|自動控制作業之業餘電臺傳送無線打字或數據通信之頻率規定為何？|@||
205|業餘電臺至少應有一個控制點，其傳送信息或信號時，除什麼作業外，控制員應在其中一個控制點上作業？|@||
206|特殊業餘電臺設置者應於接獲誰之通知之日起，記錄及保存通信紀錄，並依誰之要求方式提供之？|@||
207|業餘電臺拆除外接射頻功率放大器或套件時，所屬者應依以下法令規定辦理，並應向主管機關申請換發電臺執照？|@||
208|申請設置特殊業餘電臺所檢具設置使用管理計畫書應載明以下那些共同事項？|@||
209|申請固定式業餘電臺執照，其電臺審驗不合格者，得於架設許可證有效期間內申請複驗，並以幾次為限？|@||
210|收發信機之接收機，其不必要發射應符合以下法令之規定？|@||
211|非本國籍業餘無線電人員經主管機關核准於中華民國領域內短期操作業餘電臺者，其臨時電臺呼號之第三字元使用為何？|@||
212|臨時電臺之呼號組合，若申設目的涉及紀念性質，其呼號組合亦得不受第三字元使用之限制。但以第三及第四字元使用為何？|@||
213|呼叫及緊急救難頻率規定為何，任何電臺不得停留佔用及干擾？|@||
214|一、二等業餘無線電機，135.7 千赫～137.8 千赫頻段，輸出功率限幾瓦特？|@||
215|設備調變頻率發射之最大允許頻率偏差，頻道間隔為12.5千赫者，調變信號之頻率偏差值為何？|@||
216|設備調變頻率發射之最大允許頻率偏差，頻道間隔為20.0千赫者，調變信號之頻率偏差值為何？|@||
217|設備調變頻率發射之最大允許頻率偏差，頻道間隔為25.0千赫者，調變信號之頻率偏差值為何？|@||
218|工作頻率為30百萬赫～235 百萬赫者，混附發射之平均功率至少應低於主波平均功率60dB，且不超過幾瓦特？|@||
219|工作頻率為235百萬赫~960百萬赫者，混附發射之平均功率至少應低於主波平均功率60dB，且不超過幾瓦特？|@||
220|工作頻率為960百萬赫~17.7吉赫者，混附發射之平均功率至少應低於主波平均功率50dB，且不超過幾瓦特？|@||
221|非本國籍業餘無線電團體或人員於中華民國領域內短期操作業餘電臺，單次入境者，主管機關以核准幾次為限？|@||
222|無法於固定式業餘電臺架設許可證有效期間內完成架設者，得於期間屆滿前二個月起一個月內敘明理由，向主管機關申請展期，展期期間為幾個月，並以一次為限？|C|||二個月|八個月|六個月|四個月
1|話務語音通訊在14百萬赫以上常用何種模式?|D|||殘邊帶(VSB)|雙邊帶(DSB)|下邊帶(LSB)|上邊帶(USB)
2|話務語音通訊在160公尺、80公尺與40公尺常用何種模式?|B|||上邊帶(USB)|下邊帶(LSB)|雙邊帶(DSB)|殘邊帶(VSB)
3|單邊帶(SSB)話務語音通訊在VHF與UHF最常用何種模式?|B|||雙邊帶(DSB)|上邊帶(USB)|下邊帶(LSB)|殘邊帶(VSB)
4|話務語音通訊在17公尺與12公尺最常用何種模式?|C|||下邊帶(LSB)|殘邊帶(VSB)|上邊帶(USB)|雙邊帶(DSB)
5|業餘HF頻帶之話務語音通訊最常使用何種模式?|C|||雙邊帶(DSB)|相移調變(PM)|單邊帶(SSB)|調頻(FM)
6|在業餘HF頻帶使用單邊帶(SSB)語音模式有何優點?|C|||可減少大氣靜電干擾|語音高傳真度|佔用頻寬小並且電力效率較高|容易調整接收並免於脈衝雜訊干擾
7|有關單邊帶(SSB)語音模式何者為真?|D|||僅發射單邊帶與載波，抑制另一邊帶|160公尺、80公尺與40公尺業餘頻帶之語音模式僅能使用SSB|20公尺、15公尺與10公尺業餘頻帶之語音模式僅能使用SSB|僅發射單邊帶，抑制另一邊帶與載波
8|在話務通訊時，要加入他人雙方對話，須採取下列那一種建議方式?|A|||他人雙方對談之空檔喊自己的呼號|喊“Break” (間隔)三次然後等待回應|喊QRZ數次再報自己呼號|喊CQ再加上對方電臺呼號
9|為什麼大多數業餘電臺在160公尺、80公尺與40公尺使用下邊帶(LSB)?|D|||LSB比USB較有效率|因為可與AM模式互通|LSB為合法模式|目前通用慣例
10|語音VOX操作相較PTT操作何者為正確?|C|||可提供更多功率輸出|接收音質較自然|可不用手操作|佔用頻寬較小
11|通常CQ Dx代表何種涵義?|B|||呼叫任何電臺|呼叫其他國家之電臺|呼叫德國電臺|遇險呼叫
12|非緊急時，可如何使用頻率?|A|||非緊急狀況，任何人無優先權|通訊網優先|比賽者需禮讓給非比賽者使用|正在通訊者優先
13|通訊中聽到電臺遇險插話時，應該做的第一件事是什麼？|A|||回覆遇險電臺，並決定如何協助|因為已先用頻率，可以繼續通訊|變更頻率|立即停止所有發射
14|當選擇一個頻率開始通訊時，何者為好範例?|B|||先發射自己的呼號三次表明自己的電臺|依照打算使用的發射模式，遵循頻帶規劃|檢查頻率是否已指定給其他電臺|以上皆是
15|緊急通訊時，誰可擔任業餘電臺的控制員?|C|||具NCC業餘人員執照者或政府官員|通訊網的控制員|具NCC業餘人員執照者|正常通訊系統的控制員
16|何時NCC可以限制業餘電臺參與緊急通訊?|B|||緊急通訊的暫時狀態被公告時|總統發布動員實施階段時|裝備被徵召用於救災通訊時|所有業餘電臺被要求停止發射時
17|遇險呼救應使用何頻率?|D|||只有警用、消防或緊急醫療電臺頻率|RACES或ARES頻率|自己可合法操作的頻率|任何頻率都有最佳機會可傳送遇險訊息
18|為了協助遇險電臺，業餘電臺可以用任何手段通訊的時機為何?|B|||於RACES頻率發射時|真正緊急狀況時|有授權的HF頻率|在通訊網發射時
19|完整插話電報(QSK)是指下列何者？|A|||發射電臺在發射字詞之間仍可接收|控制員在發射前與後，需手動切換發射/接收開關|發送摩氏電碼不用手鍵而用自動鍵|插入電臺發摩氏電碼之前先發BK
20|如果CW電臺送出QRS，你應該做什麼？|C|||全部重發二次|增加發射功率|發慢一點|改變發射頻率
21|CW控制員在結束發射送出KN是代表什麼意思？|C|||收聽新手電臺|現在關閉電臺|只收聽某特定電臺或某些電臺|完整插話操作
22|Q簡語QRL代表什麼？|A|||「你在忙嗎？」或是「這個頻率正在使用中嗎？」|「要讓頻率空出嗎？」|「你是否只收聽某個特定電臺？」|「你是否正在操作完整插話？」或是「你能操作完整插話嗎？」
23|以摩氏電碼回覆CQ時，用什麼速度最好？|A|||以CQ被發送的速度|你可舒服抄收的最快速度|標準發送5 WPM速度|慢速度直到通聯被建立
24|CW操作中的「零拍差」代表什麼意思？|A|||將自己的發射頻率調至與接收信號頻率一樣|無錯誤的發報|與發射電臺的速度配合|操作差頻以避免干擾
25|發送CW時，RST報告加上一個C代表什麼？|B|||報告由S表讀出而不是估計的|啾啾叫或是信號不穩定|電鍵喀嚓聲|百分之百抄收
26|使用CW發送時，結束正式訊號應發送什麼？|C|||SK|BK|AR|KN
27|Q簡語QSL代表什麼意思？|A|||我確認抄收|已由卡片確認|我們通聯過|發慢一點
28|Q簡語QRN代表什麼意思？|A|||我被靜電干擾|與我的信號零拍差|發慢一點|停止發送
29|Q簡語QRV代表什麼意思？|A|||準備好接收訊息了|今天我要休息了|你發送太快|頻率有干擾
30|何者是方位角投射地圖?|A|||針對特定地點顯示方位與距離的地圖|顯示業餘衛星通過赤道夾角的地圖|精準標示土地大小的地圖|顯示業餘衛星在赤道上西移經度的地圖
31|何時可允許與我國以外國家的業餘電臺通訊?|A|||ITU通知不可通訊之外的任何國家|與我國有正式三方協定的國家|只要使用英語通訊都可以|只要是IARU會員國皆可
32|指向性天線經由長路徑(long-path)與另一電臺通聯是如何指向?|B|||沿著灰線(gray line)|與短路徑(short-path)指向相差180度|指向東昇的太陽|指向北方
33|何謂QRP操作?|B|||遠端信標模式控制|低功率發射操作|網路操作的訊息轉發|快速反應協定之傳輸
34|在SSB發射機透過AFSK傳送RTTY信號，通常使用何種模式?|A|||LSB|USB|CW|DSB
35|20公尺頻帶那一部分常用於數位發射？|A|||14.070-14.100 百萬赫|14.150-14.225 百萬赫|14.275-14.350 百萬赫|14.000-14.050 百萬赫
36|在任何業餘頻段使用AFSK時，產生JT65或JT9數位信號的標準旁波帶為何？|C|||DSB|SSB|USB|LSB
37|業餘HF頻帶RTTY發射最常見的頻移為何？|C|||425 赫|85 赫|170 赫|850 赫
38|80公尺頻帶那一部分最常用於數位發射？|B|||3,700-3,750 千赫|3,550-3,5625 千赫|3,500-3,525 千赫|3,775-3,825 千赫
39|20公尺頻帶那一部分最常使用PSK31？|C|||CW部分中央，靠近14.100 百萬赫|SSTV部分的底端，靠近14.230 百萬赫|RTTY部分之下，靠近14.070 百萬赫|SSB語音部分上部，靠近14.325 百萬赫
40|你如何在二電臺使用PACTOR通訊中加入通聯？|A|||PACTOR僅限二電臺通聯，因此第三電臺無法加入|連續傳送NAK回應，直到發射電臺被迫暫停|在MONITOR 模式傳送內含自己呼號的廣播封包|持續傳送載波直到PACTOR逾時並斷線
41|如何與數位訊息系統中繼電臺建立通聯?|C|||電臺廣播SSID時趕快回應|用摩斯碼傳送QRL|在電臺公告的頻率發射連線訊息|寄電子郵件給系統控制員
42|在瀑布圖中，與PSK31信號相鄰有一至多條垂直線，代表意義為何?|D|||長路徑(Long Path)傳播|調變不足|反射(Backscatter)傳播|過調變
43|下列何者描述瀑布圖(Waterfall Display)?|C|||頻率為垂直軸，信號強度為水平軸，時間為量度|頻率為垂直軸，信號強度為量度，時間為水平軸|頻率為水平軸，信號強度為量度，時間為垂直軸|頻率為水平軸，信號強度為垂直軸，時間為量度
44|那個通訊系統有時用網際網路傳送訊息?|D|||Skywarn|ARES|RTTY|Winlink
45|即使已顯示正確調諧，仍無法解調RTTY或FSK信號的可能原因是什麼?|D|||鮑率(Baud rate)設定錯誤|用錯邊帶|標記(mark)與空格(space)頻率相反|以上皆是
46|閃焰發生時，所產生的加強紫外線與X光輻射，大概多少時間會影響地球上無線電傳播|B|||1到2小時|8分鐘|20到40小時|28天
47|下列何者為在太陽黑子不活躍期間，最不可靠的長距離通訊波段?|C|||30公尺跟20公尺|80公尺跟160公尺|15公尺、12公尺跟10公尺|80公尺跟40公尺
48|太陽流量指數為何?|C|||太陽能輻射校正後所測出的太陽黑子數目|美國太陽黑子數目的別稱|測量波長為10.7公分的太陽輻射|在地球有助於電離層的點對點傳播之最高頻率的測量
49|什麼是磁暴?|C|||電離層的漣漪|太陽流量指數瞬間減少|地球磁層的短暫性擾動|影響無線電傳播的雷雨
50|在太陽磁暴的哪一階段會使得20公尺頻段支援日間的全球傳播?|D|||在夏至|僅在磁暴的最低點|僅在磁暴的最高點|在磁暴的任一時刻
51|磁暴對無線電傳播的影響為何?|C|||優化地波傳播|優化高緯度HF傳播|降低高緯度HF傳播|優化UHF傳播管道機率
52|高太陽黑子數量會對無線電通信有何影響?|B|||300百萬赫以上的頻率會變成可以使用在長距離通訊|加強HF高頻部分及VHF低頻部分的長距離通訊|微波通訊會變得不穩定|高頻率無線電信號會變成微弱且失真
53|甚麼造成HF傳播條件每28天的週期性變化?|B|||上層大氣層中有長時期的震動|太陽在自軸的轉動|月球在它的軌道上的位置|地球輻射帶的週期變化
54|典型的太陽黑子週期大約是多長?|D|||40小時|8分鐘|28天|11年
55|K指標代表什麼?|B|||太陽磁場安定性|地球磁場的短期安定性|高雄市擁有的太陽能無線電高流量設備|太陽黑子在太陽表面上的相對位置
56|A指標代表什麼?|B|||太陽電場的極化數量|地球地磁場的長期安定性|太陽黑子在太陽表面上的相對位置|高雄市擁有的太陽能無線電高流量設備
57|日冕發出的電離子到達地球時會如何影響無線電通訊?|C|||HF通訊會改善|VHF/UHF傳播管道會優化|HF通訊會被干擾|VHF/UHF傳播管道會被干擾
58|日冕放射出的電離子，多久會影響地球的無線電傳播?|C|||14天|4到8分鐘|20到40小時|28天
59|高地磁活動期間對無線電通訊有什麼好處?|D|||改善長距離的HF傳播|通過極區的HF訊號強度會更高|減少長延遲的反射信號|極光可以反射VHF訊號
60|當天波的訊號經由長距離及短距離的傳播途徑到達你的接收機，會發出什麼聲音?|C|||每10秒鐘會產生訊號衰落|訊號也許會消失導致嚴重衰減|會聽到高強度的迴音|訊號強度會加強3dB
61|下列何者為6公尺頻段可使用天波傳播的良好的指標?|A|||10公尺頻段的短跳天波傳播|10公尺頻段的信號嚴重衰減|10公尺頻段的天波傳播有長延遲迴音|10公尺頻段的長跳天波傳播
62|當使用HF發送訊號，選擇最低衰減頻率時，下列何者適用?|A|||選擇稍低於MUF的頻率|選擇稍高於LUF的頻率|選擇稍高於截止頻率的頻率|選擇稍低於截止頻率的頻率
63|使用14到30百萬赫的頻率與遠距電臺操作時，甚麼會是可靠的方法去決定MUF能高到足以支持跳躍傳播|D|||在頻段上發送一串點訊號，然後等待迴音|檢查西歐的電視訊號的強度|檢查MF AM廣播頻段的訊號強度|收聽預計要想使用的頻率範圍內的國際示標訊號
64|當向電離層發送介於低於MUF高於LUF之間的無線電電波時，通常會發生何現象?|A|||電波會折返地球|電波會與電離層的相互作用而放大|電波會被困在電離層而環繞地球|電波會穿越電離層
65|用低於LUF頻率，無線電電波通常會發生下列何事?|D|||電波會被困在電離層而環繞地球|電波會折射回地球|電波會穿越電離層|電波完全被電離層吸收
66|甚麼是LUF?|C|||在24小時內的最低可用頻率|在24小時之內的最長通用功能|兩點之間通訊的最低可用頻率|兩點之間通訊的最長通用功能
67|甚麼是MUF?|B|||兩點之間通訊的最低可用頻率|兩點之間通訊的最高可用頻率|24小時內的最低可用頻率|24小時內的最高可用頻率
68|在F2的區域內，一次訊號彈跳的沿著地表最長約略距離是?|B|||19,200 公里|4,000 公里|1,920 公里|288 公里
69|在E區域內，一次訊號彈跳的沿著地表最長約略距離是?|B|||19,200 公里|1,920 公里|288 公里|4,000 公里
70|在HF傳播，如果LUF超越MUF時會發生什麼事?|B|||加強路徑上HF通訊|沒有任何的HF無線電頻率可以支撐正常路徑的天波通訊|在路徑上的重覆跳躍傳播更為尋常|增強路徑上所有的HF頻率的傳播
71|甚麼因素會影響MUF?|B|||路徑的距離及位置|以上皆是|每日時間及季節|太陽輻射及電離層擾動
72|哪一層的電離層離地球表面最近?|D|||F1層|E層|F2層|D層
73|哪裡是電離層在地球上的最高點?|B|||太陽在地球另一邊時|太陽在正上方時|太陽昇起時|太陽剛落日時
74|為什麼F2是負責長距離無線電電波傳播的主要區塊?|A|||因為它是最高的電離層|以上皆是|因為它是密度最高的電離層|因為它不像其他電離層那麼會吸收無線電電波
75|臨界角這個術語使用在無線電傳播中的意義為何?|C|||遠距站臺的長途徑方位|遠距站臺的短途徑方位|在特定電離層狀況下，能回彈無線電波到地球的最高發射角度|在特定電離層狀況下，能回彈無線電波到地球的最低發射角度
76|為何在日間40公尺、80公尺及160公尺頻段的長距離通訊較困難?|D|||F層在日間比較不穩定|E層在日間比較不穩定|F層在日間把這些頻段的訊號都吸收了|D層在日間把這些頻段的訊號都吸收了
77|HF散射訊號的特性為何?|B|||有較高的清晰度|有顫抖的聲音|以上皆是|在訊號強度上會有大幅度的搖擺
78|什麼造成HF散射訊號聽起來失真?|C|||地波吸收大部分的訊號|有關的電離層不穩定|能量經由許多不同的無線電波途徑，散射於彈跳區中|沒有E層
79|為什麼HF的散射訊號在彈跳區會變弱?|B|||透過地波傳播，地波吸收大部分的能量|僅有一小部分的訊號能量散射於彈跳區|地磁層不是一個好的反射體，它會將訊號散射掉|透過F層內的管道傳播，它吸收大部分的能量
80|甚麼類型的無線電波傳播，使得偵測訊號的距離，對地波太遠，但對天波又太近?|A|||散射|法拉第旋轉|E層的零星彈跳|短路徑彈跳
81|下列何者顯示聽到的HF頻段的訊號可能是從電離層的散射傳播接收?|B|||在太陽黑子旺盛期通訊|訊號是在高於最大可用頻率之上聽到的|在瞬間的電離層擾動通訊|訊號是在低於最大可用頻率之下聽到的
82|日間通訊時，何種類型天線在40公尺的彈跳通訊最為有效|D|||左向圓極化天線|右向圓極化天線|垂直天線|離地約1/8到1/4波長的水平偶極天線
83|電離層中的哪一層在日間最會吸收10百萬赫以下頻率的長彈跳信號?|B|||F2|D|E|F1
84|甚麼是近垂直入射天波(NVIS)傳播?|D|||傳播頻率接近MUF|傳播頻率接近LUF的雙彈跳|在日落及日出時使用長路徑HF傳播|使用高仰角的短距離MF或HF
85|在許多高頻收發機上的“陷波濾波器”的目的是什麼？|B|||限制發射機的語音頻寬|減少接收機通帶載波的干擾|消除來自脈衝雜訊源的接收機干擾|在擁擠的頻帶上增強特定頻率的接收
86|在典型的高頻收發機上接收CW信號時，選擇反向邊帶的優點是什麼？|C|||給定的信號通帶內可容納更多的電臺|可以防止意外的帶外操作|有可能減少或消除其他信號的干擾|脈衝雜訊的干擾將被消除
87|在異頻模式下操作收發機通常意味著什麼？|D|||收音機正運行在一半的功率|收發機使用外部電源運行|發射機發射SSB信號，而不是DSB操作|收發機設定不同的發送和接收頻率
88|在真空管射頻功率放大器的屏極電流表上，什麼代表正確的屏極調諧控制調整？|D|||不會有變化|明顯的峰值|緩慢而有節奏的振盪|明顯的下降
89|在RF功率放大器使用自動位準控制（ALC）的理由是什麼？|B|||減少諧波輻射|減少因過度驅動造成的失真|平衡發射機的音頻響應|提高整體效率
90|通常使用什麼設備來將發射機輸出阻抗與不等於50歐姆的阻抗匹配？|A|||天線耦合器或天線調諧器|Q倍增器|SWR橋|平衡調變器
91|什麼情況會導致RF固態功率放大器的永久損壞？|B|||驅動功率不足|驅動功率過大|將輸入信號接地|低輸入SWR
92|真空管RF功率放大器的負載或耦合控制的正確調整是什麼？|C|||天線上的最小駐波比|不超過最大允許柵極電流的最小屏極電流|不超過最大允許屏極電流的最大功率輸出|最小化柵極電流時最大屏極電壓
93|為什麼在發射機鍵控電路中，有時含括時間延遲電路？|A|||在RF允許輸出之前，有足夠的時間正確完成發送/接收切換操作|允許發射機電源供應器能正常充電|為了讓警報信號有時間發送到其他電臺|防止電臺相互干擾
94|電子鍵的目的是什麼？|C|||自動發送/接收切換|VOX操作|為CW操作自動產生點和劃線|用於PSK和RTTY操作的電腦介面
95|以下那一個是用於接收機上的IF移位控制？|B|||調諧頻率略有偏差的電臺，而不改變發射頻率|避免與接收頻率非常接近的電臺干擾|允許收聽不同的發射中頻率|快速改變頻率
96|以下那一個是收發機的雙VFO功能的常見用法？|B|||簡化電腦界面|允許監聽兩個不同的頻率|允許一次發送兩個頻率|允許全雙工操作，即同時發送和接收
97|許多高頻收發機上使用衰減器功能的理由為何？|D|||從電池操作時，降低功耗|驅動線性放大器時，降低發射機功率|減慢接收到的CW信號以便抄收|減少由於強大的輸入信號造成的信號過載
98|當用無線電傳輸AFSK信號使用單邊帶模式時，如果收發機的自動位準控制(ALC)系統設定不正確，可能會發生什麼情況？|C|||ALC將反轉AFSK模式的調變|使用數位模式時，ALC活動頻繁會導致發射機過熱|ALC不正確的操作會造成信號失真並可能導致混附發射|以上皆是
99|什麼測試設備包含水平和垂直通道放大器？|C|||歐姆表|電流表|示波器|信號產生器
100|示波器和數位電壓表相比有什麼優點？|C|||輸入阻抗要低得多|示波器使用較少的功率|可以測量複雜的波形|複雜的阻抗可以很容易地測量
101|在檢查CW發射機的鍵控波形時，以下那個是最好的儀器？|B|||場強計|示波器|側音監視器|波長表
102|檢查發送信號的RF包絡(envelope)圖時，什麼信號源連接到示波器的垂直輸入端？|B|||發射機的本地振盪器|衰減的發射機射頻輸出|發射機平衡混頻器輸出|外部射頻振盪器
103|為什麼電壓表需要高輸入阻抗？|C|||改善頻率響應|提高讀數的分辨率|減少被測電路的負載|減少電表的電池消耗
104|數位電壓表與類比電壓表相比有什麼優點？|D|||更適合測量計算機電路|更適合射頻測量|反應更快|大多數用途的精準度更高
105|什麼信號被用來進行雙音測試？|A|||兩個非諧波相關的音頻信號|兩個音頻幅度相等的方波信號|兩個掃頻音|相位差90度的兩個相同頻率的音頻信號
106|在進行天線和發射機調整時，下列那些儀器可用於監測相關RF輸出？|A|||場強計|天線雜訊橋|萬用表|Q表
107|以下那一項可以用場強計確定？|D|||天線的輻射電阻|發射機的相位失真的出現次數和量|發射機的振幅失真的出現次數和量|天線的輻射方向圖
108|以下那一項可以用定向功率表來確定？|B|||天線前後比|駐波比|射頻干擾|無線電波傳播
109|當用於SWR測量時，以下那項必須連接到天線分析儀？|D|||以上皆是|接收機|發射機|天線和饋線
110|使用天線分析儀在天線系統上進行測量時，會遇到什麼問題？|D|||將分析儀連接到天線可以使其吸收諧波|如果嘗試在業餘頻帶外進行測量，分析儀可能會損壞|如果分析儀操作在高SWR狀態，可能會造成儀器的永久性損壞|來自鄰近發射機的強信號會影響測量的準確性
111|天線分析儀除了測量天線系統的駐波比以外，還有什麼用途？|D|||測量電力變壓器的匝數比|確定定向天線的增益|測量天線的前後比|確定未知或未標記的同軸電纜的阻抗
112|使用具有類比讀數的儀器可能優於具有數位讀數的儀器的情況是什麼？|C|||當需要高精度時|在測試邏輯電路時|在調整調諧電路時|在測量振盪器的頻率時
113|雙音測試可分析什麼類型的發射機性能？|C|||調頻的百分比|載波相移的百分比|線性|對SSB載波和不想要邊帶的抑制百分比
114|在現代收發機中使用語音處理器的目的是什麼？|B|||增加發射機的低音響應以獲得更自然的SSB信號|在惡劣條件下增加傳輸語音信號的清晰度|防止聲音信號失真|降低高頻語音輸出以防止帶外操作
115|以下那項描述了語音處理器如何影響傳輸的單邊帶語音信號？|D|||增加峰值功率|減少了諧波失真|減少內調失真|增加平均功率
116|以下那項可能是不正確調整語音處理器的結果？|C|||邊帶雜訊(splatter)|失真的聲音|以上皆是|過多的背景音
117|S表是量什麼？|D|||傳導|發射機功率輸出|阻抗|接收的信號強度
118|在經過適當校準的S表，在接收機上讀到超過S9達20 dB的信號與讀到S9的信號相比如何？|C|||強度高20倍|強度低20倍|強度高100倍|強度低10倍
119|S表在那裡？|D|||在發射機|在電導橋|在SWR橋|在接收機中
120|發射機的功率輸出必須提高多少，以將遠端接收機上的S表讀數從S8更改為S9？|B|||大約1.5倍|大約4倍|大約8倍|大約2倍
121|當顯示的載波頻率為7.178百萬赫時，3 千赫 LSB信號佔用了什麼頻率範圍？|D|||7.178至7.184 百萬赫|7.1765至7.1795 百萬赫|7.178至7.181 百萬赫|7.175至7.178 百萬赫
122|顯示的載波頻率為14.347百萬赫時，3 千赫 USB信號佔用了什麼頻率範圍|D|||14.3455至14.3485 百萬赫|14.344至14.347 百萬赫|14.347至14.647 百萬赫|14.347至14.350 百萬赫
123|在使用3 千赫寬LSB時，您顯示的載波頻率應該與40公尺二等業餘電話段的下邊緣有多接近？|B|||您顯示的載波頻率可以設置在該段的邊緣|在該段的邊緣以上至少3 千赫|在該段的邊緣以上至少1 千赫|在該段的邊緣以下至少3 千赫
124|當使用3 千赫寬的USB時，您顯示的載波頻率應該與20公尺二等業餘|D|||您顯示的載波頻率可以設置在該頻段的邊緣|在該頻段邊緣以上至少3 千赫|在該頻段的邊緣以下至少1 千赫|在該頻段邊緣以下至少3 千赫
125|移動天線上的電容帽(capacitance hat)的目的是什麼？|C|||增加鞭狀天線的功率處理能力|允許遠端調整|電氣上延長實體短天線|允許自動換頻段
126|HF移動天線上的電暈球(corona ball)的目的是什麼？|D|||增加天線的“Q"值|天線撞擊到物體時，減少損壞的可能性|縮小天線的工作頻寬|減少天線頂端的高壓放電
127|以下那種直接熔斷電源連接方式最適合100瓦高頻移動設備設置？|D|||用電阻絲連接的電池|使用電阻絲連接的交流發電機或發電機|使用粗的導線的交流發電機或發電機|使用粗的導線的電池
128|為什麼最好不要從車輛輔助電源插座上為100瓦高頻收發機提供直流電源？|A|||插座的接線對收發機的電流需求可能不足|插座的直流極性與現代高頻收發機的極性相反|從插座中輸出50瓦以上可能會導致引擎過熱|插座沒有連接RF屏蔽電源線
129|以下那項限制了在80公尺頻段工作的HF移動收發機的有效性？|D|||“破碎”信號變化|到收發機的直流電源線的導線規格|NCC規則限制80公尺頻段的移動輸出功率|天線系統
130|使用縮短的移動天線而不是全尺寸天線的缺點是什麼？|D|||短天線更可能導致發射信號失真|短天線只能接收圓極化信號|諧波輻射可能增加|工作頻寬可能非常有限
131|陽光直接變成電的過程的名稱是什麼？|A|||光伏轉換|光子發射|光合作用|光子分解
132|全光照矽光伏電池的開路電壓是多少？|C|||直流0.02 伏特|直流1.38 伏特|直流0.5 伏特|直流0.2 伏特
133|在太陽能面板和由該面板充電的蓄電池之間連接串聯二極體的原因是什麼？|C|||二極體限制來自面板電流的安全值|二極體大大提高了高照度時的效率|二極體防止在低照度或不照明時，電池通過面板自行放電|二極體用於調節充電電壓以防過充
134|以下那一項是使用風力作為緊急電臺的主要電源的缺點？|A|||風力不足時，需要大容量儲能系統供電|從機械能到電能的轉換效率不到2％|以上皆是|此類系統的電壓和電流額定值與業餘設備不兼容
1|以下那一項是數位信號處理器的功能？|B|||增加天線增益|消除接收信號中的雜訊|增加天線頻寬|提供足夠的接地
2|與類比濾波器相比，以下那一項是接收機數位處理器(DSP)中頻濾波器的優點？|D|||需要更少的數位零件|在VHF頻率，DSP濾波器更有效|大量減少混附諧波|可以產生大範圍的濾波器頻寬和形狀
3|什麼是阻抗？|C|||電容器儲存的電荷|電阻的倒數|AC電路中對抗電流的流動|二個相似電場之間的排斥力
4|什麼是電抗？|B|||對抗電阻產生的直流電流|對抗電容或電感產生的交流電流|AC電路中理想電阻的特性|電感器失去能量時，在開關接觸點產生的巨大火花
5|何者對抗電感器產生的交流電流？|A|||電抗|導納|磁抗|電導
6|何者對抗電容器產生的交流電流？|C|||電導|磁抗|電抗|導納
7|電感器對交流電會產生何種反應？|D|||外加交流電的振幅增加時，電抗增加|外加交流電的振幅增加時，電抗減少|外加交流電的頻率增加時，電抗減少|外加交流電的頻率增加時，電抗增加
8|電容器對交流電會產生何種反應？|B|||外加交流電的振幅增加時，電抗增加|外加交流電的頻率增加時，電抗減少|外加交流電的頻率增加時，電抗增加|外加交流電的振幅增加時，電抗減少
9|假設電氣負載與電源的輸出阻抗為電阻性，當電氣負載的阻抗與電源的輸出阻抗相等時會怎樣？|D|||電源傳送至負載的功率為極小值|電氣負載為短路|電路無電流通過|電源傳送至負載的功率為極大值
10|為何阻抗匹配很重要？|A|||電源傳送到負載的功率為極大值|可以確保電路的電阻比電抗小|電源傳送到負載的功率為極小值|可以確保電路內電阻與電抗相等
11|測量電抗的單位是什麼|D|||安培|法拉|西門子|歐姆
12|測量阻抗的單位是什麼？|D|||安培|伏特|瓦特|歐姆
13|下列那一個描述二個AC交流電路間的阻抗匹配方法？|A|||二個電路間插入LC網路|減少第一級電路的電功率輸出|增加第一級電路的電功率輸出|二個電路間插入循環電路
14|使用阻抗匹配變壓器的理由為何？|B|||極小化發射機輸出功率|極大化功率傳輸|極小化輻射電阻|減少電源供應器漣波
15|以下何種裝置可以用於射頻阻抗匹配？|D|||變壓器|pi網路|某個長度的傳輸線|以上皆是
16|電功率增加或減少二倍代表多少分貝的改變？|A|||大約3分貝|大約12分貝|大約2分貝|大約6分貝
17|純電阻並聯電路的總電流與個別分支電流有什麼關係？|B|||總電流等於各分支電壓降的倒數的加總|總電流等於各個分支電流的加總|總電流與分支電流的平均值相等|更多並聯分支加入電路會使總電流減小
18|當直流400伏特的電源加於800歐姆負載時，所使用的電功率為幾瓦特？|C|||0.5 瓦特|3200 瓦特|200 瓦特|400 瓦特
19|當直流12伏特的電燈泡流過0.2安培的電流，所使用的電功率為幾瓦特？|A|||2.4 瓦特|24 瓦特|6 瓦特|60 瓦特
20|當7.0毫安培電流流過1.25千歐姆電阻時，所消耗的電功率為幾瓦特？|C|||大約11 毫瓦特|大約11 瓦特|大約61 毫瓦特|大約61 瓦特
21|當示波器在連接到發射機的發射輸出的50歐姆假負載測量到200伏特峰至峰值時，則其峰值波封功率（PEP）為何？|D|||1.4 瓦特|400 瓦特|353.5 瓦特|100 瓦特
22|交流信號的什麼值會與直流電壓加在電阻器消耗相同的電功率？|B|||均方根值的倒數|均方根值（RMS）|峰值（peak value）|峰至峰值（peak-to-peak）
23|峰值是17伏特的正弦波，其均方根值（RMS）是多少伏特？|D|||8.5 伏特|34 伏特|24 伏特|12 伏特
24|當傳輸線損失1分貝時，其功率損失百分比為何？|C|||10.9％|12.2％|20.5％|25.9％
25|未調變載波的峰值波封功率（PEP）與平均功率的比值為何？|B|||1.414|1.00|2.00|0.707
26|當50歐姆假負載消耗1,200瓦特時，其均方根（RMS）電壓為何？|A|||245 伏特|173 伏特|346 伏特|692 伏特
27|接到發射機輸出的瓦特表顯示平均功率為1,060瓦特，則未調變載波的峰值波封功率（PEP）為何？|C|||2,120 瓦特|1,500 瓦特|1,060 瓦特|530 瓦特
28|當示波器在連接到發射機的發射輸出的50歐姆假負載測量到500伏特峰至峰值時，則其峰值波封功率（PEP）為何？|B|||5,000 瓦特|625 瓦特|8.75 瓦特|2,500 瓦特
29|當交流電壓源接上變壓器的初級繞線後，什麼原因造成次級繞線產生電壓？|D|||電容耦合|位移電流耦合|互容|互感
30|將4：1降壓變壓器的初級與次級繞線反接會發生什麼？|A|||次級繞線的電壓變成初級繞線的4倍|須在初級繞線加上串聯電阻以防過載|因為是單向性裝置，變壓器將無法工作|須在次級繞線加上並聯電阻以防過載
31|現有的電阻器加上什麼元件可以增加電阻？|C|||並聯電阻器|並聯電容器|串聯電阻器|串聯電容器
32|將三個100歐姆電阻器並聯後的總電阻為何？|B|||0.33 歐姆|33 歐姆|300 歐姆|0.30 歐姆
33|三個相同的電阻器串聯，其總電阻為450歐姆，則每個電阻是多少？|D|||175 歐姆|1,500 歐姆|90 歐姆|150 歐姆
34|將變壓器2,250圈的初級繞線接上交流120伏特，則其500圈次級繞線的均方根（RMS）電壓為何？|C|||2,370 伏特|5.9 伏特|26.7 伏特|540 伏特
35|音訊放大器的輸出阻抗600歐姆，要接上4歐姆阻抗的揚聲器，則其匹配變壓器的繞線圈數比為何？|C|||24.4比1|300比1|12.2比1|150比1
36|將二個5.0nF（奈法拉）與一個750pF（皮法拉）電容器並聯，則其等效|C|||3,583 pF（皮法拉）|1,733 pF（皮法拉）|10.750 nF（奈法拉）|576.9 nF（奈法拉）
37|將三個100μF（微法拉）電容器串聯的等效電容為何？|B|||0.30 μF（微法拉）|33.3 μF（微法拉）|300 μF（微法拉）|0.33 μF（微法拉）
38|將三個10mH（毫亨利）電感器並聯的等效電感為何？|D|||3.3 H（亨利）|30 mH（毫亨利）|0.30 H（亨利）|3.3 mH（毫亨利）
39|將一個20mH（毫亨利）串聯一個50mH電感器，則其等效電感為何？|B|||14.3 mH（毫亨利）|70 mH（毫亨利）|1000 mH（毫亨利）|0.07 mH（毫亨利）
40|將一個20μF（微法拉）串聯一個50μF（微法拉）電容器，則其等效電容為何？|B|||0.07 μF（微法拉）|14.3 μF（微法拉）|1000 μF（微法拉）|70 μF（微法拉）
41|電容器加上什麼元件可以增加電容值？|D|||串聯一個電感器|串聯一個電阻器|串聯一個電容器|並聯一個電容器
42|電感器加上什麼元件可以增加電感值？|C|||並聯一個電阻器|並聯一個電感器|串聯一個電感器|串聯一個電容器
43|並聯一個10歐姆、一個20歐姆、一個50歐姆電阻器，則其總電阻為何？|D|||80 歐姆|0.17 歐姆|1,000 歐姆|5.9 歐姆
44|為什麼昇壓變壓器的初級繞線線徑比次級繞線線徑還要粗？|D|||確保初級與次級繞線的體積相等|增加初級與次級繞線的耦合|防止初級繞線電阻性損失所造成的寄生振盪|容納初級繞線較大的電流
45|一個22,000pF（皮法拉）電容器的電容等於多少nF（奈法拉）？|B|||0.22 nF（奈法拉）|22 nF（奈法拉）|2200 nF（奈法拉）|2.2 nF（奈法拉）
46|一個4,700 nF（奈法拉）電容器的電容等於多少μF（微法拉）？|B|||4700 μF（微法拉）|4.7 μF（微法拉）|47 μF（微法拉）|0.47 μF（微法拉）
47|標準12伏特鉛酸電池要有最長壽命，其最低放電電壓為何？|D|||8.5 伏特|6 伏特|12 伏特|10.5 伏特
48|鎳鎘（Ni-Cd）電池的低內電阻有何優點？|A|||放電電流高|電壓高|壽命長|充電快速
49|鍺（Ge）二極體的接面臨界電壓大約多少？|C|||0.1 伏特|0.7 伏特|0.3 伏特|1.0 伏特
50|碳鋅一次電池何時可以充電？|D|||電壓未低於1伏特時可以充電|使用恆流充電器|充電過程中保持溫暖即可|不可充電
51|傳統的矽二極體的接面臨界電壓大約多少？|B|||0.3 伏特|0.7 伏特|1.0 伏特|0.1 伏特
52|在射頻開關電路中使用蕭特基（Schottky）二極體，與標準矽二極體比有何優點？|C|||開關時間較長|潰崩電壓較高|電容低|電感低
53|在邏輯電路用做開關的雙極（Bipolar）電晶體的工作點為何？|D|||動作區（介於截止區與飽和區之間）|電流的峰點與谷點|增強與匱乏模式|飽和區與截止區
54|有些高功率電晶體的外殼為何須與接地點絕緣？|B|||改善散熱容量|避免集極或汲極與接地點短路|增加電晶體的貝他（beta）值|減少雜散電容
55|如何描述金氧場效電晶體（MOSFET）的結構？|C|||源極與汲極由薄絕緣層隔開|閘極由反向偏壓接面形成|閘極與通道由薄絕緣層隔開|源極由金屬沈積於矽晶上形成
56|三極真空管的陰極與屏極之間的電子流由什麼元件控制？|D|||屏柵|觸發電極|加熱器|控制柵
57|以下哪種固態元件的一般操作特性最像真空管？|D|||雙極（bipolar）電晶體|變阻體|隧道二極體|場效電晶體
58|真空管屏極及柵極的主要目的為何？|B|||增加控制柵極電阻|減少柵極屏極間的電容|增加效率|減少屏極電阻
59|為何施加於極性電容器的電壓極性很重要？|A|||以上皆是|錯誤的極性可能導致電容器短路|電容器可能過熱而爆炸|反向電壓可能損毀電解電容器的電介質層
60|陶瓷電容器比其他電容器有何優點？|A|||成本較便宜|容許度緊密|穩定性高|同樣體積的電容量較高
61|何者為電解電容器的優點？|A|||同樣體積的電容量較高|比其他種類較少洩漏|較便宜的射頻電容器|容許度緊密
62|電阻器的溫度上升，電阻會如何變化？|B|||依時間而變化|依據電阻器的溫度係數而變化|維持一樣|依據電阻器的容抗係數而變化
63|在射頻電路中不使用繞線電阻器的理由為何？|A|||電阻器的電感會造成線路的性能無法預測|電阻器可能過熱|電阻器的內電容會造成電路失調諧|電阻器的容許度不適合用於射頻電路
64|使用鐵心環狀電感器的優點是什麼？|D|||大部分的磁場可被侷限於鐵心內|可得到較高的電感值|在特定頻率範圍鐵心的磁特性可以最佳化|以上皆是
65|二個螺旋電感器的繞線軸應如何放置才可最小化兩者互感？|B|||互相平行|互相垂直|成一直線|間隔放置
66|下列何者為類比積體電路？|C|||計頻器|微處理器|線性穩壓器|NAND閘
67|縮寫MMIC代表什麼意思？|C|||模式調變積體電路（Mode Modulation IC）|複寫百萬位元組積體電路（Multi Megabyte IC）|單晶片微波積體電路（Monolithic Microwave IC）|軍事製造積體電路（Military Manufactured IC）
68|CMOS 積體電路與TTL 積體電路比具有什麼優點？|C|||較適合射頻放大|功率處理能力高|功率消耗低|較適合電源供應調節
69|縮寫ROM代表什麼意思？|A|||唯讀記憶體（Read Only Memory）|電阻器操作記憶體（Resistor Operated Memory）|耐過載記憶體（Resistant to Overload Memory）|隨機處理記憶體（Random Operational Memory）
70|記憶體的特性為「非揮發」（non-volatile）是指什麼意思？|D|||可以抵抗輻射破壞|寫入之後，儲存的資訊即不可改變|可以抵抗高溫|電源移除之後，儲存的資訊仍然維持著
71|積體電路運算放大器是何種裝置？|D|||數位的|MMIC|可程式邏輯|類比的
72|LED顯示器與白熾燈顯示器比具有什麼優點？|D|||功率消耗低|反應時間快|壽命較長|以上皆是
73|LED發光時是如何加偏壓的？|B|||大於截止電壓|正偏壓|逆偏壓|稽納（Zener）電壓
74|下列何者是液晶顯示器（LCD）的特性？|B|||以上皆是|需要環境或背面光源|提供寬動態範圍|具有廣可視角度
75|業餘無線電電臺可用USB介面連接下列哪二個裝置？|D|||放大器與天線|麥克風與收發機|電源供應器與放大器|電腦與收發機
76|微處理器是什麼？|B|||用做微波偵測器的低功率類比信號處理器|單片積體電路的電腦|過高電壓的保險絲|具微波偵測器、放大器、與本地振盪器的單片積體電路|電源關閉時，可以確保濾波電容器放電|移除電感線圈的電擊風險|用於微波發射機調變器級的低電壓放大器|消除接地迴圈電流
78|電源供應器用什麼元件提供濾波迴路？|B|||二極體|電容器與電感器|變壓器與傳感器|石英晶體
79|全波橋式電源供應器的的整流器上的反向電壓峰值為何？|A|||等於電源供應器正常輸出電壓|電源供應器正常輸出電壓的一半|電源供應器正常輸出電壓的兩倍|電源供應器正常輸出電壓的1/4
80|電源供應器的半波整流的整流器上的反向峰值電壓為？|C|||電源供應器正常輸出電壓的一半|等於電源供應器正常輸出電壓|電源供應器正常輸出峰值電壓的兩倍|電源供應器正常輸出峰值電壓
81|半波整流器將交流電週期的多少部分轉換成直流？|C|||90度|360度|180度|270度
82|全波整流器將交流電週期的多少部分轉換成直流？|D|||180度|270度|90度|360度
83|接上電阻性負載的未濾波全波整流器輸出波形為何？|B|||穩定的直流電壓|交流電輸入二倍頻的直流脈衝序列|交流電輸入一半頻率的正弦波|交流電輸入同頻的直流脈衝序列
84|開關式電源供應器與線性電源供應器比具有何優點？|D|||以上皆是|更快切換時間，使輸出電壓可以更高|可以使用較少的元件|較高頻率操作可以使用較小型的元件
85|圖G7-1何者代表場效應電晶體(FET)|C|<img src='TW_G7-1.png'/>||符號4|符號2|符號1|符號5
86|圖G7-1何者代表稽納二極體(Zener)|B|<img src='TW_G7-1.png'/>||符號4|符號5|符號1|符號11
87|圖G7-1何者代表NPN接面電晶體？|A|<img src='TW_G7-1.png'/>||符號2|符號11|符號1|符號7
88|圖G7-1何者代表多重繞線變壓器？|A|<img src='TW_G7-1.png'/>||符號6|符號4|符號7|符號1
89|圖G7-1何者代表抽頭式電感器？|B|<img src='TW_G7-1.png'/>||符號6|符號7|符號1|符號11
90|複雜的數位電路常可用何種積體電路取代？|B|||電荷耦合元件（CCD）|微控制器（Microcontroller）|鑑相器|窗型比較器（Window comparator）
91|處理數位信號時，使用二進位系統有何好處？|B|||二進位與類比電路最相容|二進位的0與1容易代表開與關的狀態|以上皆是|二進位系統最準確
92|雙輸入AND閘的功能，何者為對？|C|||輸入之一或二者為低電位時輸出高電位|二個輸入皆高電位時輸出才為低電位|二個輸入皆高電位時輸出才為高電位|輸入之一或二者為低電位時輸出低電位
93|雙輸入NOR閘的功能，何者為對？|A|||輸入之一或二者為高電位時輸出低電位|輸入之一或二者為低電壓時輸出高電位|二個輸入皆為高電位時輸出才為高電位|二個輸入皆為高電位時輸出才為低電位
94|三位元二進位計數器有幾種狀態？|C|||3|6|8|16
95|什麼是位移暫存器？|A|||將在陣列中的數據依序傳遞的時序陣列電路|類比混波器|數位混波器|使用三狀態數學運算的運算放大器陣列
96|正弦波振盪器的基本元件是什麼？|C|||放大器與分配器|倍頻器與混波器|操作於回饋迴路的濾波器與放大器|操作於正回饋迴路的循環器（circulator）與濾波器
97|如何判定射頻功率放大器的效率？|A|||射頻輸出功率除以直流輸入功率|射頻輸入功率乘以射頻輸出功率的倒數|射頻輸入功率加上直流輸出功率|直流輸出功率除以直流輸入功率
98|何者決定LC振盪器的頻率？|A|||儲能線路中的電感與電容|延遲線路的時間延遲|計數器的級數|分頻器的級數
99|A類放大器的特徵是什麼？|A|||低失真|待機功率低|高效率|不需要偏壓
100|下列什麼模式適合使用C類功率放大級放大調變信號？|D|||SSB|AM|以上皆是|CW
101|何者放大器效率最高？|D|||B類|AB類|A類|C類
102|發射機最末級使用中和線路的理由是什麼？|B|||限制調變係數|消除自我振盪|待機期間切斷末級放大器|維持載波的頻率
103|以下哪個描述線性放大器？|A|||輸出保持輸入波形的放大器|與業餘無線電收發機連接使用的任何射頻功率放大器|用作倍頻的放大器|C類高效率放大器
104|單邊帶電話發射機中何者用於處理來自平衡調變器的信號，然後傳至混波器？|A|||濾波器|射頻（RF）放大器|載波振盪器|中頻（IF）放大器
105|單邊帶電話發射機中，什麼線路用於混合來自載波振盪器與語音放大器的信號，然後將結果送入濾波器？|C|||中頻（IF）放大器|鑑相器|平衡調變器|檢測器
106|超外差接收機中，什麼線路用於處理來自射頻放大器與本地振盪器的信號，然後將結果送入中頻濾波器？|B|||中頻（IF）放大器|混波器|平衡調變器|檢測器
107|單邊帶接收機中，什麼線路用於混合來自中頻放大器與拍頻振盪器(BFO)的信號，然後將結果送入音頻放大器？|C|||射頻振盪器|中頻濾波器|乘積檢測器|平衡調變器
108|使用直接數位合成器(DDS)控制的收發機有何優點？|D|||功率輸出比較高|功率消耗比較低|頻率調諧範圍大而且不用頻帶切換|可變頻率而且具有石英晶體振盪器的穩定度
109|低通濾波器接上傳輸線時，二者的阻抗相比為何？|B|||低通濾波器阻抗較高|幾乎相同|低通濾波器阻抗是傳輸線的二倍|低通濾波器阻抗較低
110|超外差接收機各級之間最簡單的組合是何者？|B|||射頻放大器、混波器、中頻鑑相器|高頻振盪器、混波器、檢測器|高頻振盪器、除頻器、音頻放大器|射頻放大器、檢測器、音頻放大器
111|許多調頻（FM）接收機採用什麼線路將中頻放大器信號轉換成音頻信號？|A|||鑑相器|乘積檢測器|混波器|反相器
112|數位信號處理器中頻濾波器需要使用下列何者？|C|||數位類比轉換器（DAC）|類比數位轉換器（ADC）|以上皆是|數位處理晶片
113|數位信號處理器如何濾波？|D|||混附相位差分|直接處理信號相位|將數位信號轉換為類比並取混波信號乘積的差異|將類比信號轉換為數位並使用數位處理
114|軟體定義無線電（SDR）是指什麼？|A|||大部分的信號處理都以軟體完成的無線電|以電腦介面提供頻帶與頻率自動記錄的無線電|在設計過程中模擬無線電操作效能的電腦模型|使用軟體設計晶體濾波器的無線電
115|以下哪種數位模式設計用在HF頻段以非常低的信號強度工作？|A|||JT9和JT65|Clover|RTTY|FSK441和Hellchreiber
116|在單個PSK31字符中發送多少個數據位元？|B|||7|位元數會變動|8|5
117|數據封包的哪一部分包含路由和處理信息？|A|||標題|序言|註腳|目錄
118|下列何者描述了Baudot編碼?|B|||使用SELCAL和LISTEN的編碼|具有附帶起始和停止位元的5位元編碼|使用錯誤偵測和校正的編碼|具有起始、停止與奇偶數驗證的7位元編碼
119|在PACTOR協定，對傳輸封包的NAK回應是什麼意思？|A|||接收機正在請求重傳封包|接收機忙於解碼封包|整個文件已經被正確接收|接收機報告接收到的封包沒有錯誤
120|在使用PACTOR或WINMOR時，由於過多的傳輸嘗試而無法交換信息會，導致什麼操作？|C|||編碼恢復到原設定字符集|校驗和超出範圍|連接斷開|封包路由不正確
121|接收電臺如何回應包含錯誤的ARQ數據模式封包？|B|||終止聯繫|請求重傳封包|將封包送回傳輸電臺|要求改變傳輸協定
122|關於PSK31，下列哪個敘述為真？|B|||與類似錯誤率的RTTY相比，需要更高的功率|大寫字母使用較長的Varicode信號，從而減慢傳輸|Varicode誤差校正用於確保準確的消息接收|大寫字母使信號更強
123|“PSK31”的31代表什麼？|A|||近似發射符號速率|可以由PSK31表示的字符數|PSK協定的版本|發明PSK31的年份
124|前向糾錯（FEC）如何允許接收機糾正接收的數據封包中的錯誤？|A|||透過與數據一起發送冗餘資訊|使用varicode字符集|透過控制發射機輸出功率以獲得最佳信號強度|透過對每個字符使用奇偶校驗位元
125|如何識別頻移鍵控（FSK）信號的兩個獨立頻率？|B|||開和關|標記和空間|點和短劃線|高和低
126|在PSK31信號中使用哪種類型的碼發送字符？|D|||Viterbi|Volumetric|Binary|Varicode
127|下列何種因素決定了平行導體天線饋線的特性阻抗?|C|||導體半徑與信號頻率|信號頻率與饋線長度|導體中心間的距離與導體半徑|導體中心間的距離與饋線長度
128|業餘無線電電臺使用於天線饋線的同軸電纜的特性阻抗是？|A|||50 and 75 歐姆|500 and 750 歐姆|25 and 30 歐姆|80 and 100 歐姆
129|扁平帶狀電視型雙線的特性阻抗是？|C|||50 歐姆|100 歐姆|300 歐姆|75 歐姆
130|將饋線接上天線的點，什麼狀況下會產生反射功率？|D|||用不平衡饋線將訊號傳送到天線|在天線的諧振頻率上操作天線|使用超過天線所能承受的發射機功率|導線阻抗與天線饋點阻抗間有差異
131|同軸電纜載送的訊號頻率增加時，其衰減值如何改變？|D|||衰減值在18百萬赫 時達到最大|衰減值與訊號頻率無關|衰減值減少|衰減值增加
132|用什麼單位來表示射頻饋線損失?|D|||歐姆/1,000 公尺|分貝/1,000 公尺|歐姆/100 公尺|分貝/100 公尺
133|下列哪一件事可預防天線饋線上產生駐波?|C|||饋線必須被裁剪成與奇數電氣1/4波長一樣的長度|饋線必須被裁剪成與偶數物理性半波波長一樣的長度|天線饋點阻抗必須與饋線的特性阻抗相匹配|天線饋點電位必須為直流電接地電位
134|如果天線饋線的駐波比是5:1，在發射機饋線的末端的匹配網路駐波比被調整成1:1，請問饋線的駐波比是多少？|A|||5:1|介於1:1到5:1之間，視饋線上的特性阻抗而定|介於1:1到5:1之間，視發射機上的反射功率而定|1:1
135|將50 歐姆饋線連接到有200 歐姆阻抗的無電抗負載上的駐波比是?|A|||4:1|1:2|1:4|2:1
136|將50 歐姆饋線連接到有10 歐姆阻抗的無電抗負載上的駐波比是?|B|||50:1|5:1|2:1|1:5
137|將50 歐姆饋線連接到有50 歐姆阻抗的無電抗負載上的駐波比是?|C|||2:1|50:50|1:1|0:0
138|將50 歐姆饋線連接到有25歐姆阻抗的無電抗負載上的駐波比是?|A|||2:1|1.25:1|無法從阻抗數值來確定駐波比值|2.5:1
139|將50 歐姆饋線連接到有著300 歐姆的純電阻饋點阻抗的駐波比是?|D|||1.5:1|3:1|無法從阻抗數值來確定駐波比值|6:1
140|高駐波比跟傳輸線損失間的相互作用是什麼?|A|||如果傳輸線有損失，高駐波比的情況下會增加傳輸線損失|高駐波比的狀況使我們不易量測傳輸線損失|高駐波比的情況相對減少了傳輸線損失|兩者無相互作用
141|在傳輸線訊號輸入端量測的駐波比對傳輸線損失的影響是什麼?|A|||傳輸線損失越高，駐波比讀數越低|傳輸線損失越高，駐波比讀數越高|傳輸線損失越高，駐波比讀數越準確|傳輸線損失與駐波比測量無關
142|直接饋電式任意線高頻天線(random-wire HF antenna)的缺點之一是什麼?|A|||你在電臺中碰觸到金屬物件時，可能會遭到射頻灼傷|只能產生垂直極化輻射|比起較高HF頻段，在較低HF頻段操作更有效|天線長至少一個波長
143|下列何者是常用來將1/4波長接地面垂直天線的饋點阻抗調整到約50 歐姆的方法?|A|||輻射方向向下傾斜|延長輻射方向|輻射方向向上傾斜|短縮輻射方向
144|當接地面天線的輻射方向從水平變成向下傾斜時，該天線的饋電點阻抗數值會如何變化?|D|||不變|減少|在向下傾斜45度角的饋電點阻抗數值最大|增加
145|在導體平面內自由空間中的偶極天線的輻射場型是什麼?|A|||與天線成直角以八字型輻射|以圓形輻射(全向性輻射)|在天線的其中一端有兩瓣輻射波，在另一端有一瓣輻射波|在天線兩端各以八字型輻射
146|天線高度如何影響水平偶極高頻天線的水平(方位)輻射場型?|D|||天線高度與輻射場型無關|若天線高度低於1/2波長高，消除導線的末端輻射|如果天線太高，輻射場型不可預測|若天線高度低於1/2波長高，水平(方位)輻射場型幾乎是全向性的
147|接地面垂直天線系統的輻射線應該安置於何處?|D|||放在天線中央|地面上越高越好|與天線元件平行|放在地表或是埋入地下幾公分的深度
148|將1/2波長偶極天線的高度降低到離地1/4波長以下的時候，饋電點阻抗的變化是什麼?|C|||不受天線高度影響|在天線離地1/8波長高時達到最高值|持續減少|持續增加
149|將1/2波長偶極天線的饋電點從中間往端點移動，饋電點阻抗的變化是什麼?|D|||持續減少|離端點1/8波長時阻抗達到最高值|不受饋電點位置影響|持續增加
150|與垂直極化高頻天線相比，下列何者是水平極化天線的優勢?|D|||較低的饋電點損失|較短的輻射方向|較低的輻射阻力|較低的地面反射損失
151|14.250 百萬赫的半波偶極天線的線材長度大概是多少?|C|||4.88 公尺|7.32 公尺|9.75 公尺|2.44 公尺
152|3.550 百萬赫的半波偶極天線的線材長度大概是多少?|D|||12.8 公尺|25.6 公尺|80.16 公尺|39.93 公尺
153|28.5 百萬赫1/4波長的垂直天線的線材長度大概是多少?|C|||4.88 公尺|6.4 公尺|2.44 公尺|3.35 公尺
154|下列哪一項能增加八木天線的頻寬?|C|||感應線圈與天線元件串聯|錐形直徑的天線元件|更大直徑的天線元件|更短的天線元件間距
155|八木天線的驅動元件(driven element)的長度大概是多少?|D|||1/4 波長|1 波長|3/4 波長|1/2 波長
156|關於三元件、單頻段八木天線的敘述何者為真?|A|||引向器通常是最短的天線元件|低饋電點阻抗能增加頻寬|驅動元件(driven element)通常是最長的天線元件|反射器通常是最短的天線元件
157|關於三元件、單頻段八木天線的敘述何者為真?|D|||所有的天線元件必須要是相同長度|引向器通常是最長的天線元件|反射器通常是最短的天線元件|反射器通常是最長的天線元件
158|增長龍骨(boom)長度跟增加引向器的數量會對八木天線產生怎麼樣的影響?|B|||頻寬增加|增益增加|天線的前後比減少|天線的前側比減少
159|假設兩元件方形天線的其中一個元件作為反射器，迴圈如何配置才可以成為定向天線?。|D|||透過一個平衡-不平衡轉換器輸入訊號到驅動元件(driven element)|驅動元件(driven element)中一定要在饋電點反向加上一個開放回路|反射器的長度大概比驅動元件(driven element)短百分之五|反射器的長度大概比驅動元件(driven element)長百分之五
160|對八木天線來說「前後比」的意思是什麼?|C|||關於驅動元件(driven element)與反射器和引向器的相對位置|引向器跟反射器的數量比|主要波瓣輻射功率與正好相反方向輻射功率的比較|前向增益跟偶極天線增益的比
161|對指向性天線來說，主波瓣是什麼意思?|C|||在輻射天線元件中的最大電流點|最大垂直輻射角度值|天線最強輻射場強的方向|在輻射天線元件中最高電壓的駐波點
162|垂直間隔半個波長的兩支三元件水平極化八木天線與一支三元件八木天線的增益比為何?|D|||大概高 6 dB|大概高 9 dB|大概高 1.5 dB|大概高 3 dB
163|調整下列哪一個八木天線設計的值，可以用來優化前向增益、前後比或駐波比?|A|||以上皆是|龍骨(boom)的物理長度|龍骨(boom)上的天線元件數量|龍骨(boom)上每個天線元件的間距
164|伽馬(gamma)匹配用在八木天線上的目的是什麼?|B|||為增加前後比|為匹配相對低的饋電點阻抗到50 歐姆|為匹配相對高的饋電點阻抗到50 歐姆|為增加主波瓣增益
165|使用伽馬(gamma)匹配來匹配八木天線與50 歐姆同軸饋線的優點是什麼?|A|||天線元件不需與龍骨(boom)絕緣|用來匹配多頻段天線|以上皆是|不須電感器或電容器
166|方形天線的每一邊的驅動元件(driven element)的天線長是多少?|D|||3/4 波長|1/2 波長|1 波長|1/4 波長
167|二元件方形天線跟三元件八木天線的前向增益相比為何?|B|||最多差2倍|大概相同|最多差1.5倍|最多差約2/3
168|方形天線的每一邊的反射器長度是多少?|B|||稍微少於 1/2 波長|稍微多於 1/4 波長|稍微多於 1/2 波長|稍微少於 1/4 波長
169|二元件三角形定向天線與二元件方形天線的增益相比為何?|C|||高於2.54 dB|高於3 dB|大致相同|低於3 dB
170|對稱三角形天線的每一邊天線長是多少?|A|||1/3 波長|1/2 波長|1/4 波長|2/3 波長
171|當任何形狀的方形天線的饋電點從頂部或底部的中點移動到任意一側的中點時，會發生什麼?|A|||輻射訊號的極化從水平變成垂直|輻射訊號呈現圓極化|極化狀況不變|輻射訊號的極化從垂直變成水平
172|同一天線增益值 dBi跟dBd相比較?|A|||dBi 增益值比 dBd 高 2.15 dB|dBi 增益值跟 dBd 增益值開平方根乘以2.15後相同|dBi 增益值比 dBd 低 2.15 dB|dBi 增益值是 dBd 增益值加上2.15 dB後的倒數
173|有關天線增益值的dBi 跟 dBd是什麼意思?|B|||dBi 用來表示倒Ｖ型天線， dBd 用在表示向下反射型天線|dBi 用來表示等向性天線增益， dBd 則用在表示偶極天線增益|dBi 用來表示電離層反射天線增益， dBd 用在表示耗損型天線|dBi 用來表示等距天線， dBd 用在表示錐形天線
174|有關天線的NVIS是什麼意思?|D|||非變動平滑阻抗|接近垂直電感系統|非變動指示駐波比|近垂直入射天波
175|下列何者為NVIS天線的優勢?|A|||工作電臺間以高垂直角度輻射，通聯可達數百公里|高前向增益|以上皆是|工作電臺間以低垂直角度輻射，通聯可達數千公里
176|NVIS天線通常會安裝在離地多少高度?|D|||只要明顯高過1/2波長就好|儘可能接近 1/2 波長|儘可能接近一個波長|在1/10跟1/4波長之間
177|使用天線陷波的主要目的是什麼?|D|||提供平衡的饋電點阻抗|使具帶拒混附頻率|防止帶外操作|以達成多頻段操作
178|垂直堆疊水平極化八木天線的優勢是什麼?|A|||窄化主輻射波瓣的高度|可以同時達成垂直及水平極化|窄化主輻射波瓣的方位角|可以快速選擇垂直或水平極化
179|對數週期型天線的優勢是什麼?|A|||寬頻寬|抑制諧波|每個元件比八木天線有更高的增益|極化多樣性
180|下列何者敘述符合對數週期型天線?|D|||阻抗週期性變動為頻率函數|增益對數性變動為頻率函數|駐波比週期性變動為龍骨(boom)長度函數|從龍骨(boom)的一端到另一端，天線元件的長度與彼此的間距呈對數增加
181|為什麼行波(Beverage)天線沒有被用在發射訊號?|C|||阻抗太低無法有效匹配|方向性不佳|與其他天線相比耗損太多|以上皆是
182|下列何者是行波(Beverage)天線的應用?|B|||較低高頻(HF)頻段的定向傳輸|較低高頻(HF)頻段的定向接收|較低高頻(HF)頻段的可攜式測向|較高高頻(HF)頻段的可攜式測向
183|下列何者指的是行波(Beverage)天線?|B|||垂直天線|非常長與低方向性的接收天線|寬頻帶行動天線|用作太空接收的螺旋天線
184|下列何者指的是多頻帶天線的缺點?|A|||諧波抑制不良|在所有設計頻率有著低阻抗|使用時必須配合天線調諧器|必須用開放式纜線饋電
1|假設設備已連接到接地棒，如果您接觸在HF頻段上發射的設備時，受到RF灼傷，可能的問題是什麼？|B|||絕緣電線用於地線|地線在該頻率上具有高阻抗|接地棒共振|扁線編織而非圓形線用於地線
2|射頻能量可以影響人體組織的方式是什麼？|D|||導致血球數量下降到危險的程度|導致輻射中毒|冷卻身體組織|加熱身體組織
3|在估計射頻信號是否超過最大允許暴露量時，以下哪些特性很重要？|C|||頻率|功率密度|以上皆是|工作週期
4|如何確定所屬的電臺符合我國的射頻暴露量規定？|C|||使用衞生福利部訂定的射頻暴露量計算方式|使用電腦模型計算|以上皆是|使用經校準的設備測量場強
5|射頻輻射暴露量的「時間平均」是什麼意思？|A|||在一定時間內總射頻暴露量的平均值|發射機在特定24小時內所產生的平均功率|射頻輻射對身體有任何長期效應的平均時間|暴露的總時間
6|如果所屬電臺的射頻能量經評估，其輻射量超過允許限制，應該如何處|B|||向NCC申請許可|採取防止人類過度暴露於射頻電磁場的措施|得到鄰居的書面許可，得在一般民眾的最大允許暴露量限制值之上操作|以上皆是
7|安裝地面天線時應該採取什麼預防措施？|D|||不應安裝在潮濕的地方|高度應限制在3公尺內|不應安裝在高於人可以達到之處|應該安裝在一般民眾無法觸及之處
8|發射機工作週期對評估射頻暴露，有什麼影響？|A|||較低的發射機工作週期允許更大的短期暴露量|高工作週期發射機可免於射頻暴露評估要求|低工作週期發射機可免於射頻暴露評估要求|較高的發射機工作週期允許更大的短期暴露量
9|可以使用什麼類型的儀器來精確測量射頻電磁場？|B|||具有高穩定性晶體標記產生器的示波器|具有校準天線的校準强場計|具有信號强度計的接收機|具有峰值讀取功能的駐波比測量器
10|如果評估顯示鄰居可能從定向天線的主波瓣接收到超過射頻輻射的允許限制值，那麼應該做什麼？|B|||做一個鄰居清晰可見警告標誌|採取確保天線不會指向鄰居方向的預防措施|使用具有較高前後比的天線|換用具有更高增益的非極化天線
11|安裝室內發射天線，應採取什麼預防措施？|C|||將天線置於靠近操作位置，以最小化饋線輻射|確保天線已正確屏蔽|確保在使用區域不超過最大允許暴露限制|沿著牆壁邊緣放置天線，以減少寄生輻射
12|對天線進行調整或維修時，應採取什麼預防措施？|D|||佩戴輻射徽章|以上皆是|確保執行者和天線結構均接地|關閉發射機並斷開饋線
13|在使用交流220 伏特單相電源設備時，四條連接線中的哪些電線應連接到保險絲或斷路器？|A|||只要連結帶電壓的那兩條線|要連接所有電線|只要連結地線|只要連結零線
14|可以安全使用於達20安培連續電流的電路，其最小導線尺寸該為多少？|D|||AWG第20號|AWG第16號|AWG第8號|AWG第12號
15|下列哪種尺寸的保險絲或斷路器，適於使用AWG 14號線的電路？|A|||15 安培|30 安培|60 安培|100 安培
16|以下哪項是不將汽油發動機置於使用區域的主要原因？|D|||發動機扭力過大的危險|缺乏足夠燃燒的氧氣|缺少足夠燃燒的氮氣|一氧化碳中毒的危險
17|以下哪種情況會導致接地故障斷路器（GFCI）斷開設備的120或240伏特交流電源？|F|||防止內部短路時保險絲熔斷|防止信號過載|以上皆是|電壓承載線上的過高電壓|電流從一個或多個電壓承載線流到中性線|電流從一個或多個電壓承載線直接流到地線|確保危險電壓不會出現在機箱上|確保中性線接地
19|使用安全帶或吊帶攀爬鐵塔時，應該遵守下列哪一項？|D|||確保所有重型工具牢固地固定在安全帶D形環上|以上皆是|不要後靠並僅依賴安全帶來支撐體重|確認安全帶的額定載重是否符合攀爬者的重量，並確認安全帶仍在允許的使用期限內
20|任何人準備爬上帶有電氣電力設備的鐵塔，應該做什麼？|A|||確保所有相關供電的電路已鎖定並標記|以上皆是|通知電力公司將有人在塔上工作|使塔的底座不接地
21|為什麼焊接接頭不能使用於塔底連接到接地棒系統的電線？|D|||焊料具有太高的介電常數，以致無法提供足夠的雷電保護|焊劑會防止低電導率連接|焊料的電阻太高|焊接接頭可能被雷擊的熱量破壞
22|以下哪一項是鉛錫焊料的危險？|A|||接觸焊料後，如未能將手洗淨，鉛會污染食物|射頻能量會將鉛轉化為有毒氣體|高電壓可能導致鉛錫焊料突然分解|焊料中的錫可能「冷流」導致電路短路
23|以下哪項是防雷接地的良好做法？|C|||必須粘接到所有埋在地下的水管和瓦斯管線|接地線上的彎曲部分必須盡可能做成直角|必須與所有其他防雷接地線粘接在一起|避雷接地必須連接到所有未接地的接線
24|電源連鎖(interlock)的目的是什麼？|C|||防止對電路進行未經授權的更改，使製造商的保修失效|設備過熱時，關閉設備|確保機櫃打開時，移除危險電壓|產生過大的電壓時，使電源關閉
25|在用緊急發電機供電給你的房子時，你必須做什麼？|C|||確保發電機未接地|確保所有避雷接地均已斷開|斷開公共電源之輸入|以上皆是
26|緊急發電機之安裝以下哪項是對的？|B|||以上皆是|發電機應位於通風良好的區域|發電機必須與地絕緣|燃料應儲存在發電機附近，以便在緊急情況下快速加油
1|下列何者是序列數據埠接頭的最好的選擇？|A|||DE-9|N接頭|SMA接頭|PL-259
2|下列何者是常用於150百萬赫以下的射頻接頭？|C|||Octal|RJ-11|PL-259|DB-25
3|下列何者常用於業餘無線電電臺的音頻信號接頭？|D|||BNC|PL-259|N接頭|RCA接頭
4|何者為使用「有鎖」接頭（keyed connectors）的理由？|D|||阻止非授權人員使用|具有更高的電流容量|以上皆是|減少插接錯誤的機會
5|下列何者正確描述N型接頭？|C|||用於數據線路的小型刺刀接頭|用於環繞音效場所的音頻接頭|可用至10吉赫防潮的射頻接頭|用於液壓系統的有螺紋接頭
6|下列何者是DIN型接頭的一般描述？|B|||用於30至50安培電流的直流電源接頭|用於音訊與控制信號系列的多重線路接頭|微波介面的特殊接頭|海事運用的特殊防水接頭
7|什麼是SMA型接頭？|A|||適用於數吉赫信號的小型螺紋接頭|設計用於序列多重存取信號的接頭|用於高電壓應用的推入式接頭|可用於超過1千瓦特功率的大型刺刀接頭
8|如何產生FSK信號？|B|||用次可調音音調鍵控調頻發射機|透過數位控制信號直接改變振盪器的頻率|透過重新配置CW鍵控輸入以充當音調產生器|透過使用收發機電腦的數據介面通訊協定來改變頻率
9|改變RF波的相位角以傳達信息的處理過程的名稱是什麼？|A|||相位調變|弧度(Radian)反轉|相位迴旋|角迴旋
10|改變RF波的瞬時頻率以傳送信息的處理過程的名稱是什麼？|B|||變頻|頻率調變|頻率變換|頻率迴旋
11|連接到發射機RF放大器級的電抗調變器產生什麼樣發射？|D|||多工調變|振幅調變|脈衝調變|相位調變
12|什麼類型的調變改變了RF信號的瞬時功率位準？|D|||相位調變|頻移鍵控|頻率調變|振幅調變
13|在單邊帶電話傳輸中的載波抑制與全載波振幅調變相比有什麼優點？|B|||改進了音訊傳真度|可以更有效地使用可用的發射機功率|較低的失真可獲得較大的調變百分比|可以使用更簡單的接收設備
14|以下哪種電話發射使用最窄的帶寬？|B|||相位調變|單邊帶|頻率調變|雙邊帶
15|以下哪項是過調變的影響？|B|||頻寬不足|頻寬過大|音訊不足|頻率偏移
16|在業餘無線電單邊帶收發機為適當的ALC設定通常須調整什麼控制？|A|||傳輸音訊或麥克風增益|衰減器準位|RF振幅截止準位|天線電感或電容
17|有關單邊帶電話傳輸的術語”平頂”(flat-topping)是什麼意思？|C|||由集電極電流不足引起的信號失真|發射機的載波被正確抑制|由過度驅動引起的信號失真|發射機的自動位準控制（ALC）已正確調整
18|AM信號的調變包絡是什麼？|B|||包含附近頻率的混附信號|由調變信號的峰值形成的波形|調變信號的頻寬|包含信號的載波頻率
19|接收機的那一級將14.250百萬赫輸入信號與13.795百萬赫振盪器信號混合以產生455千赫中頻（IF）信號？|D|||鑑別器|BFO|VFO|混頻器
20|如果接收機將13.800百萬赫 VFO與14.255百萬赫接收信號混頻以產生455千赫中頻（IF）信號，那麼在接收機中13.345百萬赫信號將產生什麼類型的干擾？|B|||混頻器干擾|圖像響應|正交雜訊|中頻干擾
21|混合兩個射頻信號的另一個術語是什麼？|D|||取消|合成|反相|外差
22|VHF 調頻發射機中什麼級以較低頻率信號產生所需工作頻率？|C|||電抗調變器|預強調網路|倍頻器|混頻器
23|PACTOR3信號在最大數據速率時的近似頻寬是多少？|D|||1,800 赫|31.5 赫|500 赫|2,300 赫
24|具有5千赫偏差和3千赫調變頻率的調頻電話傳輸的總頻寬是多少？|B|||8 千赫|16 千赫|3 千赫|5 千赫
25|在5 千赫偏差，146.52 百萬赫調頻電話發射機中，12.21 百萬赫電抗調變振盪器的頻率偏差是多少？|B|||101.75 赫|416.7 赫|5 千赫|60 千赫
26|為什麼知道發送時使用模式的工作週期很重要？|B|||允許其他電臺在傳輸期間插話的時間|一些模式具有高工作週期，可能超過發射機的平均額定功率|以上皆是|有助於調諧發射機
27|為什麼將接收機頻寬與操作模式的頻寬匹配是好的？|D|||NCC規則要求的|改善天線的阻抗匹配|最小化接收機中的功率消耗|產生最好的雜訊比
28|發送符號速率和頻寬之間的關係是什麼？|D|||符號速率和頻寬不相關|較低的符號速率需要較寬的頻寬|頻寬總是符號速率的一半|較高的符號速率需要較寬的頻寬
1|通訊中因為傳播改變，導致同頻率其他電臺的干擾逐漸增加時，應該怎麼做：|D|||向頻率協調員報告干擾電臺|叫干擾電臺變更頻率|加大發射功率|依共通禮節，自己變更頻率
2|使用CW通訊時，與其他電臺間隔的最小頻率差距為多少?|B|||5-50 赫|150-500 赫|3-6 千赫|1-3 千赫
3|使用SSB通訊時，與其他電臺間隔的最小頻率差距為多少?.|C|||150-500 赫|大約10 千赫|大約3 千赫|大約6 千赫
4|在乾淨的頻率上，準備用CW或語音呼叫CQ前，實務上如何避免造成干擾?|D|||CW先發幾個V字，語音先説「test」幾次，再守聽有無反應|先守聽2分鐘，再呼叫CQ|CW先發QSY，語音說「此頻率在使用中」，再守聽有無反應。|CW先發QRL，再發呼號；語音先問頻率上有沒有人使用，再發呼號
5|下列何種HF天線最能減少干擾?|D|||等向性天線|全向性天線|1/4波長垂直天線|方向性天線
6|PACTOR 數據機或控制器如何確定頻道上無其他PACTOR電臺使用?|C|||傳送數次UI封包，看其他PACTOR電臺是否有反應|傳送「頻率是否使用中」之訊息|將數據機或控制器設定於不連線的通訊監聽模式|暫時拔掉數據接頭，看看「頻道忙碌」指示燈是否熄掉
7|若有其他電臺干擾PACTOR或WINMOR發射，會造成什麼現象？|C|||訊息傳送停頓很久|與其他電臺無法建立連線|以上皆是|頻繁重試或逾時
8|對於HF傳播太陽黑子數目有何明顯影響?|D|||太陽黑子數量越少，通常代表偶發性電離層傳播有較高機率|沒有黑子數量表示無論任何頻率的無線電都無法傳播|以上皆是|太陽黑子數量愈多，通常代表頻率越高會有越好的傳播
9|瞬間的電離層擾動對於日間的HF無線電波的電離層傳播有何影響?|C|||加強所有HF頻率的傳播|沒影響，因為只有地球無日照的部分才會被影響|對於較低頻率的信號，干擾會更多|衛星通訊比直接通訊干擾更多
10|以下那一項狀況可能是發射的RF信號，干擾了電腦和收發機傳輸AFSK數據信號的音頻電纜|B|||VOX電路不會解鎖發射機|以上皆是|發射機信號失真|頻繁的連接超時
11|以下那項可能對減少音頻設備的射頻干擾有用？|A|||旁路電容器|旁路電感器|正向偏置二極體|反向偏置二極體
12|下列那一項可能是造成涵蓋寬頻頻率的干擾原因？|B|||在電源導線中缺少對發射機信號的整流|在電氣連接不良的情況下放電|使用平衡-不平衡轉換器來饋送至不平衡天線|未使用平衡-不平衡轉換器或線路隔離器來饋送平衡天線
13|如果受到鄰近單邊帶語音發射機干擾，從音訊設備或電話聽到什麼聲音？|A|||失真的聲音|開/關的嗡嗡聲或點擊聲|清晰可聞的聲音|當發射機在發射時，穩定的嗡嗡聲
14|如果受到附近的CW發射機干擾，對音訊設備或電話系統有什麼影響？|A|||開/關的嗡嗡聲或點擊聲|吱吱的CW信號|接近純音頻的CW信號|嚴重失真的音訊
15|共振接地會產生什麼影響？|B|||接地棒的腐蝕|電臺設備外殼上的高射頻電壓|接地迴路|接地線過熱
16|在業餘電臺中避免射頻能量雜散的不良影響的好方法是什麼？|D|||安裝與地線串聯的射頻濾波器|在連接到您的電臺的地線上安裝一些鐵氧磁珠|使用接地迴路以獲得最佳導電性|將所有設備接地連接在一起
17|以下那一項可以減少音訊電纜上共模電流引起的射頻干擾？|A|||在音訊電纜上安裝鐵氧扼流圈|將串聯電容器添加到導線|在導線中加入分流電感|在音訊電纜上增加一個絕緣套
18|如何避免接地迴路？|C|||將交流中性線連接到接地線|接地時避免使用鎖緊墊圈和星形墊圈|將所有接地導線連接到一個點上|串連所有接地導體
19|什麼可能是電臺某處接地迴路的現象？|D|||電臺某設備開始流入過量的電流|一個或多個天線的SWR讀數突然很高|會收到您的電臺的諧波干擾報告|收到有關您的電臺傳輸信號的“嗡嗡聲”報告
20|以下那項可以執行載波干擾的自動陷波？|C|||雜訊限制器|帶通調諧|數位信號處理器（DSP）濾波器|平衡混頻