1-Third-tw-108|1|下列敘述何者為NCC業餘無線電法規規範的目的?|A|||提昇無線電的通訊與技術|以上皆是|提供國際非營利組織的通訊|儘可能給最多的公民提供個人無線電通訊
2-Third-tw-108|2|在我國是哪一個機關負責業餘無線電法規?|A|||國家通訊傳播委員會|內政部|國際電信聯盟|國防部
3-Third-tw-108|3|NCC的法規內哪一部分包含了業餘無線電操作?|B|||專用電信設置使用及連接公共通信系統管理辦法|業餘無線電管理辦法|學術試驗無線電臺管理辦法|電信法
4-Third-tw-108|4|下述何者為NCC業餘無線電法規規範的目的?|D|||訓練軍事電臺操作人員|以上皆是|提供我國救災單位廉價的通訊|促進國際交流
5-Third-tw-108|5|下列何者會針對中繼電臺的收發頻道跟其他數據提出建議?|A|||頻率協調員|頻譜管理員|國家通訊傳播委員會地區監理處|國際電信聯盟
6-Third-tw-108|6|誰來遴選頻率協調員?|C|||國家通訊傳播委員會地區監理處|全國獨立頻率協調員理事會辦公室地方分會|其電臺有資格作為中繼電臺的本地或地區地區的業餘無線電人員|國家通訊傳播委員會射頻與資源管理處
7-Third-tw-108|7|下列何者為NCC業餘無線管理辦法定義的業餘無線電臺?|D|||安裝業餘無線電的接收機、發射機及功率放大器的建築物|由非專業人員操作的任何無線電電臺|供娛樂用的任何無線電電臺|在業餘無線電組成傳送無線電通信的設備的電臺
8-Third-tw-108|8|下列何者是操作業餘無線電中被允許的?|C|||提供低價位的傳播來創業|利用業餘無線電間傳送訊息的途徑收取外快|讓業餘無線電人員可以進行無線電的試驗，並與全世界的業餘無線電人員交流。|向朋友傳送音樂及影像
9-Third-tw-108|9|什麼是國際電信聯盟(ITU)?|B|||NCC的一個部門|聯合國的負責相關訊息及通訊技術事務的機構|獨立的頻率協調機構|美國電信部門的一個機構
10-Third-tw-108|10|哪一個頻率是在6公尺波段內的?|C|||49.0 百萬赫|222.15 百萬赫|50.05 百萬赫|28.50 百萬赫
11-Third-tw-108|11|當你利用145.52 百萬赫發送時，你是使用哪一個業餘波段?|C|||20 公尺|14 公尺|2 公尺|6 公尺
12-Third-tw-108|12|3等業餘無線臺執照可操作70公分波段的哪一頻率?|B|||144.520 百萬赫|439.350 百萬赫|50.05 百萬赫|145.520 百萬赫
13-Third-tw-108|13|3等業餘無線臺執照可操作於2公尺波段的哪一頻率?|C|||439.35 百萬赫|50.05 百萬赫|145.52 百萬赫|436.52 百萬赫
14-Third-tw-108|14|如果你在50.1百萬赫上發送，請問你是操作於哪一業餘波段?|B|||15 公尺|6 公尺|2 公尺|10 公尺
15-Third-tw-108|15|業餘無線電操作在70公分波段的某些部分是次要業務使用，理由為下列何者?|D|||國際通訊在70公分是不被允許的|本國業餘電臺必需給予外國電臺優先權|數位傳輸在70公分是不被允許的|業餘無線電人員在這個波段也許會發現非業餘電臺，必須避免干擾他們
16-Third-tw-108|16|為什麼不可把傳送頻率設定正好在業餘波段的邊緣?|C|||調變後的頻率不會超過波段的邊緣|允許發射機頻率的偏移|以上皆是|允許在發射頻率顯示器校正誤差
17-Third-tw-108|17|在30百萬赫以上的哪些波段提供3等業餘無線臺執照使用?|B|||6公尺、2公尺、1.25公尺|6公尺、2公尺、70公分|2公尺、70公分|2公尺、13公分
18-Third-tw-108|18|在50.0-50.1 百萬赫及144.0-144.1 百萬赫的模式限定，允許作業的模式為何?|A|||CW|CW跟RTTY|CW跟SSB|SSB
19-Third-tw-108|19|哪一種呼號在字首跟字尾是由單一字母組成?|D|||順序性|紀念性|自選|特殊活動
20-Third-tw-108|20|下列何者為有效的我國電臺呼號?|D|||BA3505|KDKA|11Q1176|BV3ABC
21-Third-tw-108|21|NCC核發的業餘電臺執照允許甚麼型式的國際通訊?|C|||有商業行為或個人特質評論的相關通信|國際廣播電臺允許的任何通信|與業餘無線電服務及個人特色評論的相關通信|比賽事項的相關通信，其他都禁止
22-Third-tw-108|22|在國外，甚麼時候可以操作業餘無線電臺?|B|||當授權允許使用它國語言時|當他國已授權時|當有雙方協議的第三方通訊時|當你在國外與未取得執照的個人通信時
23-Third-tw-108|23|下列何者為三等業餘無線電臺可選擇的呼號?|D|||KA1X|以上皆是|W1XX|BM2XXX
24-Third-tw-108|24|NCC所核發的業餘無線電人員執照有效期限為何?|B|||20年|10年|5年|終身
25-Third-tw-108|25|下列何者是業餘無線電人員執照有效期屆滿前申請換照的期間?|C|||四個月起三個月內|二個月起一個月內|六個月起五個月內|沒有規定
26-Third-tw-108|26|請問當你通過了業餘無線電測試，何時可以開始在業餘頻道上操作自己的機器?|B|||立刻|取得NCC核發給你業餘無線電人員執照及電臺執照|要等到你收到NCC的執照|考試過後30天
27-Third-tw-108|27|當你發現執照已過期，可以繼續在業餘無線電頻道上操作嗎?|D|||可以繼續操作兩年|可以，但是你的呼號末尾是GP|可以，但是必須在授權的網絡|不行
28-Third-tw-108|28|在自選呼號規定之下，誰可以選擇所要的呼號?|A|||臨時或特殊業餘電臺|只有擁有一等或二等業餘電臺執照者|擁有業餘電臺執照已有連續十年以上者|只有一等業餘電臺執照者
29-Third-tw-108|29|目前我國業餘電人員執照的等級為何?|B|||一等、三等、四等|一等、二等、三等|一等、二等、三等、四等|一等、二等、四等
30-Third-tw-108|30|何時業餘電臺允許傳輸隱藏信息意義的編碼或密碼？|B|||只有在操作行動電臺時|只有經NCC核准時|只有在使用1,280 百萬赫以上的頻率時|只在比賽期間
31-Third-tw-108|31|業餘電臺授權傳輸音樂的唯一時間是什麼時候？|D|||音樂不產生混附發射時|為干擾非法傳輸目的時|在1,280百萬赫以上傳輸音樂時|當與載人太空船通信的授權轉傳有關時
32-Third-tw-108|32|業餘無線電人員何時可以通知其他業餘無線電人員，他們的電臺設備要出售或交易？|B|||當要價是新臺幣3000元或更低時|在業餘電臺正常使用的設備，並且此類活動不是定期進行的|當要價低於其評估價值時|當設備不是執照所有人、控制人員或其近親的個人財產時
33-Third-tw-108|33|有關被視為傳送不雅或淫穢的語言的限制是什麼？|C|||沒有這種禁止|美國聯邦通信委員會保留一份不允許在業餘頻率上使用的字詞列表|禁止任何此類語言|國際電聯保留一份不允許用於業餘頻率的字詞列表
34-Third-tw-108|34|哪些類型的業餘電臺可以自動轉發其他業餘電臺的信號？|A|||中繼電臺或太空電臺|輔助電臺或地球電臺|地球電臺、中繼電臺或太空電臺|信標電臺、中繼電臺或太空電臺
35-Third-tw-108|35|假設沒有其他方法可用，下列哪些情況下，業餘電臺可以被授權傳輸有關廣播、節目製作或新聞採訪的信號？|A|||直接涉及人類生命或財產保護的情況下|只有在使用連接到網際網路的業餘中繼電臺時|只有在與太空梭間進行廣播通信的情況下|僅在非商業節目收集並專供國家公共廣播網路使用時
36-Third-tw-108|36|業餘無線電中“廣播”一詞的含義是什麼？|C|||只傳輸給業餘同好的消息|音樂的傳播|用於公眾接收的傳輸|業餘電臺的雙向傳輸
37-Third-tw-108|37|業餘無線電臺可以在下列哪些情況下進行廣播？|B|||在任何情況下|傳送編碼案例、公告信息或提供緊急通信所需的傳輸|任何時候只要沒有音樂傳輸|任何時候只要傳送的資料不是來自商業廣播電臺
38-Third-tw-108|38|何時允許業餘電臺在沒有控制員的情況下進行傳輸？|A|||從來都不行|當發射電臺是示標電臺時|使用自動控制時，例如在中繼電臺的情況下|當電臺執照持有人離開時，另一個有業餘無線電人員正在使用該電臺
39-Third-tw-108|39|誰可以指定一個電臺的執照持有人為業餘電臺的控制員？|A|||NCC核發業餘無線電臺執照持有人或獲得外國人互惠授權的人|18歲以上的任何人|電臺執照持有人的任何家庭成員|任何我國公民或有居留的外國人
40-Third-tw-108|40|誰必須指定電臺控制員？|D|||國防部|頻率協調員|國際電聯會|電臺執照持有人
41-Third-tw-108|41|什麼決定了業餘電臺的頻率傳輸優先權？|B|||頻率協調員授權的頻率|由控制員持有的業餘無線電人員執照等級|電臺執照持有人持有的業餘無線電人員執照等級|處所內任何人持有的最高級別的業餘無線電人員執照
42-Third-tw-108|42|什麼是業餘電臺控制點？|C|||電臺發射天線的地點|電臺發射設備的地點|控制員執行控制作業任務的地點|電臺執照持有人的郵寄地址
43-Third-tw-108|43|APRS網路數位中繼站在什麼類型的控制下運行？|B|||遠程|自動|手動|即席
44-Third-tw-108|44|當控制員不是電臺執照持有人時，誰負責電臺的正常操作？|A|||控制員和電臺執照持有人負有同等責任|只有控制員|所有持有執照的業餘無線電人員|只有電臺執照持有人
45-Third-tw-108|45|以下哪個是自動控制的例子？|D|||透過網際網路控制電臺|使用電腦或其他設備自動發送CW|使用電腦或其他設備自動識別|中繼電臺操作
46-Third-tw-108|46|當控制員在控制點時，屬於使用什麼類型的控制？|B|||無人值守的控制|即席控制|無線電控制|自動控制
47-Third-tw-108|47|以下哪一項是業餘無線電管理辦法的遙控控制作業案例？|A|||通過網際網路操作電臺|通過業餘無線電控制模型飛機、船隻或汽車|以上皆是|中繼電臺操作
48-Third-tw-108|48|除非在電臺紀錄文件中有記錄，否則NCC會假定誰是業餘電臺的控制員？|C|||電臺管理者|操作電臺設備的人|電臺執照持有人|第三方參與者
49-Third-tw-108|49|在正常情況下， 三等業餘無線人員何時可做為一等業餘電臺的控制員？|A|||在任何時候都不行|操作特殊活動電臺時|使用其受託人是額外等級操作的俱樂部電臺時|作為多人操作比賽隊伍的一部分
50-Third-tw-108|50|在社群服務網路操作期間使用諸如“競賽總部”這樣的戰術標識符時，您的電臺多久必須發送該電臺的NCC指定呼號？|B|||在每次傳輸結束時|每次通信結束時和通信過程中每隔10分鐘|從來沒有，戰術呼號已足夠|每隔1小時1次
51-Third-tw-108|51|什麼時候業餘電臺需要發送被指配的呼號？|D|||在每次聯繫開始時，以及此後每隔15分鐘|通信中至少每隔15分鐘和通信結束時|每次傳輸至少1次|通信中至少每隔10分鐘和通信結束時
52-Third-tw-108|52|在電話頻段操作時，以下哪一種語言可適合用於電臺識別？|D|||國際電聯會承認的任何語言|英文，法文或西班牙文|聯合國承認的任何語言|英語
53-Third-tw-108|53|傳輸電話信號的電臺需要哪種呼號識別方法？|B|||傳送呼號，然後是指示符RPT|使用CW或電話發射傳送呼號|僅使用電話發射傳送呼號|發送呼號，然後是指示符R
54-Third-tw-108|54|使用電話傳輸識別時，以下哪種格式的自分配指示符是可以接受的？|B|||KL7CC\W3|以上皆是|KL7CC/W3|KL7CC-W3
55-Third-tw-108|55|什麼類型的業餘電臺同時在不同的頻道上重送另一個業餘電臺的信號？|A|||中繼電臺|地球電臺|信息轉發電臺|示標電臺
56-Third-tw-108|56|如果中繼電臺無意中重送違反NCC規定的通信，誰應負責？|A|||來源電臺的控制員|來源電臺和中繼電臺的所有者|中繼電臺的所有者|中繼電臺的控制員
57-Third-tw-108|57|何時電臺持有者必須將其電臺及紀錄提供給NCC檢查？|D|||在NCC通知此類檢查後十天內的任何時間|只有在未遵守NCC違規通知後|只有在獲得NCC官員或政府代理的有效授權書時才能提供|應NCC的要求
58-Third-tw-108|58|什麼情形才可以從事業餘無線電作業？|B|||不須經主管機關測試及格，亦不須取得業餘無線電人員執照|須經主管機關測試及格，並取得業餘無線電人員執照|只須經主管機關測試及格，不須取得業餘無線電人員執照|不須經主管機關測試及格，只須取得業餘無線電人員執照
59-Third-tw-108|59|取得業餘無線電人員執照後，可以做下列什麼操作？|C|||即可用於客運車行車調度之用|即可用於遊覽車行車調度之用|以上皆非|即可用於卡車行車調度之用
60-Third-tw-108|60|運輸業(含客運車、砂石車、遊覽車等)司機或隨車人員考取業餘無線電人員執照，亦不得於車上做行車業務使用，違反規定者，依電信法第67條之1第3項規定處的罰鍰為新臺幣1萬元以上、多少元以下？|A|||5 萬元|10 萬元|3 萬元|7 萬元
61-Third-tw-108|61|下列頻段何者為三等業餘無線電人員可以使用頻率範圍|D|||154-156 百萬赫|140-142 百萬赫|138-140 百萬赫|144-146 百萬赫
62-Third-tw-108|62|下列頻段何者為三等業餘無線電人員可以使用頻率範圍|D|||450-452 百萬赫|440-442 百萬赫|420-422 百萬赫|430-440 百萬赫
63-Third-tw-108|63|外國人欲於中華民國領域內從事業餘無線電作業的途徑有|B|||經我國業餘無線電人員測試及格，並取得業餘無線電人員執照，得借用具業餘無線電臺執照之業餘無線電臺操作使用|以上皆是|已取得國外業餘無線電人員執照，依業餘無線電管理辦法第四十一條規定辦理|取得我國居留權及業餘無線電人員執照，得逕向主管機關申設業餘無線電臺，經審驗合格，取得電臺執照後
64-Third-tw-108|64|業餘無線電人員從事業餘無線電活動時|D|||只須互相尊重，不須共同監督|只須維持自身的合法性|因屬業餘性質，可任意為之|應本互相尊重之精神共同監督之
65-Third-tw-108|65|我國業餘無線電人員資格分為|B|||不分等級|三個等級|二個等級|一個等級
66-Third-tw-108|66|那一等級之業餘無線電人員測試須進行摩氏電碼術科測試|C|||都需要測試|二等業餘無線電人員|都不需要測試|三等業餘無線電人員
67-Third-tw-108|67|一等業餘無線電人員測試題組為無線電規章與相關法規13題、無線電通訊方法15題、無線電系統原理15題、無線電相關安全防護3題、電磁相容性技術2題、射頻干擾的預防與排除2題，共計50題，測試及格至|C|||25 題|15 題|40 題|32 題
68-Third-tw-108|68|二等業餘無線電人員測試題組為無線電規章與相關法規12題、無線電通訊方法12題、無線電系統原理10題、無線電相關安全防護2題、電磁相容性技術2題、射頻干擾的預防與排除2題，共計40題，要測試及格至少應答對多少題？|C|||10 題|25 題|32 題|15 題
69-Third-tw-108|69|三等業餘無線電人員測試題組為無線電規章與相關法規13題、無線電通訊方法13題、無線電系統原理6題、無線電相關安全防護1題、電磁相容性技術1題、射頻干擾的預防與排除1題，共計35題，要測試及格至少應答對多少題？|A|||25 題|15 題|20 題|10 題
70-Third-tw-108|70|業餘無線電人員自測試及格日起，多久以內向主管機關申請業餘無線電人員執照|D|||一星期|三年|一個月|一年
71-Third-tw-108|71|參加一等業餘無線電人員測試之條件為何？|A|||持有二等業餘無線電人員執照且設置二等業餘無線電臺達一年以上，同時業餘無線電人員及電臺執照均需在有效期間內。|持有二等業餘無線電人員執照且設置三等業餘無線電臺達一年以上者|持有三等業餘無線電人員執照且設置三等業餘無線電臺達一年以上者|持有三等業餘無線電人員執照且設置三等業餘無線電臺達二年以上者
72-Third-tw-108|72|業餘無線電人員測試及格後，要向誰申請核發業餘無線電人員執照？|C|||當地業餘無線電團體|當地公路監理站（所）|主管機關|內政部
73-Third-tw-108|73|業餘無線電人員參加業餘無線電人員二等測試及格，可以申請那一等級的業餘無線電人員執照？|C|||不能申請|三等|二等|一等
74-Third-tw-108|74|非業餘無線電人員參加業餘無線電人員測試及格，可以申請那一等級的業餘無線電人員執照？|A|||三等|不能申請|二等|一等
75-Third-tw-108|75|二等業餘無線電人員要參加一等業餘無線電人員測試時，其二等業餘無線電臺設置已達具備|B|||一年以下|一年以上|六個月以下|三個月以下
76-Third-tw-108|76|王大明在未取得業餘無線電人員執照下，參加二等業餘無線電人員測試及格後，發現先前三等業餘無線電人員測試及格已超過一年，他可以申請什麼業餘無線電人員執照？|A|||不能申請|三等|二等|一等
77-Third-tw-108|77|王大明在未取得業餘無線電人員執照下，參加二等業餘無線電人員測試不及格，發現先前三等業餘無線電人員測試及格仍在一年內，他可以申請什麼業餘無線電人員執照？|B|||一等|三等|不能申請|二等
78-Third-tw-108|78|業餘無線電人員執照有效期間為|C|||七年|五年|十年|三年
79-Third-tw-108|79|一人可同時持有幾張業餘無線電人員執照|D|||二張|三張|四張|一張
80-Third-tw-108|80|業餘無線電人員執照有效期間為十年，應於期限屆滿前六個月起五個月內向誰申請換發執照？|D|||當地公路監理站（所）|當地業餘無線電團體|內政部|國家通訊傳播委員會
81-Third-tw-108|81|業餘無線電團體指|D|||依有線電視法規定成立，從事業餘無線電活動之團體|依廣電法成立，從事業餘無線電活動之團體|依電信法成立，從事業餘無線電活動之團體|依人民團體法成立，從事業餘無線電活動之團體
82-Third-tw-108|82|業餘無線電機係屬|B|||電信終端設備|電信管制射頻器材|低功率射頻無線電機|PHS（數位式低功率無線電話）
83-Third-tw-108|83|業餘無線電管理辦法所規範之輻射指|B|||以熱能形式向外流動之能量|以無線電磁波形式向外流動之能量|以核能形式向外發射之能量|以高能量粒子形式向外發射之能量
84-Third-tw-108|84|業餘無線電管理辦法所規範之發射指|C|||以熱能形式向外流動之能量|以光波形式向外流動之能量|由無線電臺所產生之輻射或其輻射產物|以高能量粒子形式向外發射之能量
85-Third-tw-108|85|業餘無線電管理辦法所定義之發射機為|D|||可發射任何物質之機器|可發射火箭之機器|可發射光線之機器|具有將電能轉換為電磁輻射能輸出之機器
86-Third-tw-108|86|一等業餘無線電人員得申請設置|B|||三等業餘電臺|一等、二等或三等業餘電臺|船舶無線電臺|二等或三等業餘電臺
87-Third-tw-108|87|二等業餘無線電人員得申請設置|D|||一等業餘電臺|船舶無線電臺|一等、二等或三等業餘電臺|二等或三等業餘電臺
88-Third-tw-108|88|三等業餘無線電人員得申請設置|B|||船舶無線電臺|三等業餘電臺|廣播電臺|二等或三等業餘電臺
89-Third-tw-108|89|某未取得業餘無線電人員執照之軍中報務士|B|||得申請設置二等或三等業餘電臺|不得申設業餘無線電臺|得申請設置一等、二等或三等業餘電臺|得申請設置三等業餘電臺
90-Third-tw-108|90|軍中報務士可以申請換發那等級的業餘無線電人員執照？|C|||三等|二等|不得申請|一等
91-Third-tw-108|91|某未取得業餘無線電人員執照之高級電信工程人員|D|||得申請設置三等業餘電臺|得申請設置一等、二等或三等業餘電臺|得申請設置二等或三等業餘電臺|不得申設業餘無線電臺
92-Third-tw-108|92|高級電信工程人員執照可以申請換發那等級的業餘無線電人員執照？|A|||不得申請|二等|三等|一等
93-Third-tw-108|93|持有漁船無線電對講機執照可以申請換發那等級的業餘無線電人員執照？|B|||一等|不得申請|二等|三等
94-Third-tw-108|94|具何種資格之外國人於取得業餘無線電人員執照後，得比照本國業餘無線電人員申設業餘電臺|A|||取得我國居留證明|參加我國舉辦之業餘無線電研討會|取得我國大學學位|取得我國簽證
95-Third-tw-108|95|固定式業餘電臺|D|||得未經主管機關核可，當作中繼使用|不得申請設置備用無線電機|僅限設置一部|除特殊業餘電臺及臨時電臺外，一人以設置一座為原則
96-Third-tw-108|96|U/VHF頻段行動式業餘電臺，按一機一照辦理，其輸出功率不得超過|B|||20 瓦特|25 瓦特|30 瓦特|35 瓦特
97-Third-tw-108|97|U/VHF頻段業餘電臺，其輸出功率超過幾瓦特即需固定設置？|A|||25 瓦特|30 瓦特|35 瓦特|20 瓦特
98-Third-tw-108|98|50百萬赫頻段以下之業餘電機，其輸出功率在幾瓦特以下得申請行動式業餘無線電臺？|D|||75 瓦特|60 瓦特|100 瓦特|50 瓦特
99-Third-tw-108|99|50百萬赫頻段以下之業餘無線電機，其輸出功率在幾瓦特以上需申請固定式業餘電臺？|C|||75 瓦特|100 瓦特|50 瓦特|60 瓦特
100-Third-tw-108|100|三等業餘無線電人員在使用U/VHF頻段之行動式業餘電臺時，在電臺功能允許下，得採何種發射方式？|C|||電話發射|影像發射|以上皆是|電報發射
101-Third-tw-108|101|業餘無線電人員得先操作業餘頻段專用收信機，於熟悉業餘無線電通信實務後|A|||再申請設置無線電臺|不必申請異動，即可逕行增設發信設備|再申請註銷增設發信設備|再申請異動增設發信設備
102-Third-tw-108|102|三等業餘無線電人員操作業餘電臺時，在電臺功能允許下可採何種發射方式|D|||數據|影像|電話|以上皆是
103-Third-tw-108|103|違反業餘無線電管理辦法第六條有關業餘無線電人員之規定者，應依電信法相關規定處新臺幣一萬元以上多少元以下罰鍰？|D|||四萬元|三萬元|二萬元|五萬元
104-Third-tw-108|104|業餘無線電人員申請固定式業餘電臺架設時，應填具業餘電臺設置申請書一份，並檢附業餘無線電人員執照影本及業餘無線電機認證證明等文件，向下列那單位申請？|C|||當地業餘無線電團體|內政部|主管機關|當地公路監理站（所）
105-Third-tw-108|105|業餘無線電人員向主管機關申請設置固定式業餘電臺時，所領得之架設許可證有效期間為|A|||六個月|三個月|五年|一年
106-Third-tw-108|106|業餘無線電人員於取得固定式業餘電臺架設許可證後，應於架設許可證有效期間內完成架設，並於完成後，向下列那一單位申請審驗？|B|||當地公路監理站（所）|主管機關|當地業餘無線電團體|內政部
107-Third-tw-108|107|業餘無線電人員申請行動式業餘電臺執照時，應填具行動式業餘無線電臺執照申請書一份，並檢附業餘無線電人員執照影本及備妥業餘無線電機，向下列那一單位申請核發行動式業餘電臺執照？|A|||主管機關|當地業餘無線電團體|內政部|當地公路監理站（所）
108-Third-tw-108|108|業餘無線電人員向主管機關申請固定式業餘電臺架設架設時，應檢附什麼資料？|C|||業餘無線電人員執照影本|採經型式認證合格之業餘無線電機架設者，應檢附業餘無線電機型式認證證明或文件影本：採非經型式認證電機者，檢附相關技術規格資料影本等|以上皆是|固定式業餘電臺設置申請書
109-Third-tw-108|109|業餘電臺執照有效期間為5年，執照所有人應於期限屆滿前6個月起5個月內，向下列那一單位申請換發執照？|C|||當地公路監理站（所）|當地業餘無線電團體|主管機關|內政部
110-Third-tw-108|110|業餘無線電機設備或固定式業餘電臺設置地點變更時|A|||應填具電臺異動申請書，向主管機關申請，經審驗合格，換發電臺執照後，始得使用|不必申請即可逕行變更使用|應通知當地戶政事務所變更原始登記事項後使用|應向內政部申請異動
111-Third-tw-108|111|業餘電臺設置天線不得違反內政部、國防部、交通部會銜發布之航空站飛行場助航設備四周|C|||禁止、限制輻射辦法之規定|禁止、限制發射辦法之規定|禁止限制建築物及其他障礙物高度管理辦法之規定|禁止、限制開發辦法之規定
112-Third-tw-108|112|為避免危及公共安全，業餘電臺設置之天線結構應與高壓電線保持安全距離，下列那種情形，應具有航空色標及標識燈具|B|||天線高度超過地平面 10 公尺者|天線高度超過地平面 60 公尺者|天線高度超過地平面 30 公尺者|天線高度超過海平面 60 公尺者
113-Third-tw-108|113|業餘電臺呼號之第一字元使用英文字母Ｂ，呼號之第二字元優先由英文字母Ｍ、Ｎ、Ｏ、Ｐ、Ｑ、Ｕ、Ｖ、Ｗ及Ｘ內選配，呼號之第三字元使用一個阿拉伯數字，除了數字０外，其他數字用以代表|C|||業餘電臺所在之國家|業餘電臺所在之省份|業餘電臺所在之縣、市|業餘電臺之所有人
114-Third-tw-108|114|業餘無線電臺之呼號，由電信監理資訊系統自動產生|B|||得指配特定呼號予非業餘無線電人員|任何人員皆不得要求指配特定呼號|必要時得敘明理由要求指配特定呼號|任何人員皆得要求指配特定呼號
115-Third-tw-108|115|業餘無線電人員取得較高等級之資格後，原設置之業餘電臺|A|||得申請改配呼號，惟原呼號不得再使用|於設置地點變更時，始得申請改配呼號|不得申請改配呼號|得申請增配呼號
116-Third-tw-108|116|某業餘無線電臺之呼號為 BX2A，表示該電臺為設置於中華民國|D|||離島地區之二等業餘電臺|臺北地區之三等業餘電臺|苗栗、臺中地區之二等業餘電臺|臺北地區之業餘中繼電臺
117-Third-tw-108|117|某業餘無線電臺之呼號為 BV9P，表示該電臺為設置於中華民國|C|||臺北地區之業餘中繼電臺|苗栗、臺中地區之三等業餘電臺|離島地區之特殊業餘電臺|臺北地區之一等業餘電臺
118-Third-tw-108|118|某業餘無線電臺之呼號為 BV5VA，表示該電臺為設置於中華民國|A|||彰化、南投、雲林地區之一等業餘電臺|臺北地區之一等業餘電臺|離島地區之二等業餘電臺|臺北地區之特殊業餘電臺
119-Third-tw-108|119|某業餘無線電臺之呼號為 BX7AA，表示該電臺為設置於中華民國|D|||臺北地區之一等業餘電臺|離島地區之二等業餘電臺|彰化、南投、雲林地區之二等業餘電臺|高雄地區之一等業餘電臺
120-Third-tw-108|120|某業餘無線電臺之呼號為 BV8AAA，表示該電臺為設置於中華民國|C|||離島地區之二等業餘電臺|高雄地區之一等業餘電臺|屏東、花蓮、臺東地區之三等業餘電臺|彰化、南投、雲林地區之二等業餘電臺
121-Third-tw-108|121|某業餘無線電臺之呼號為 BX4AAA，表示該電臺為設置於中華民國|A|||苗栗、臺中地區之二等業餘電臺|離島地區之三等業餘電臺|屏東、花蓮、臺東地區之三等業餘電臺|高雄地區之一等業餘電臺
122-Third-tw-108|122|某業餘無線電臺之呼號為 BV3AAA，表示該電臺為設置於中華民國|C|||苗栗、臺中地區之一等業餘電臺|屏東、花蓮、臺東地區之二等業餘電臺|桃園、新竹地區之三等業餘電臺|離島地區之三等業餘電臺
123-Third-tw-108|123|某業餘無線電臺之呼號為 BV6WAD，表示該電臺為設置於中華民國|B|||離島地區之三等業餘電臺|嘉南地區之三等業餘電臺|桃竹地區之二等業餘電臺|屏東、花蓮、臺東地區之一等業餘電臺
124-Third-tw-108|124|某業餘無線電臺之呼號為 BX1AAA，表示該電臺為設置於中華民國|B|||嘉南地區之三等業餘電臺|基宜地區之二等業餘電臺|桃竹地區之一等業餘電臺|離島地區之三等業餘電臺
125-Third-tw-108|125|業餘電臺於語音通信時，呼號應使用|A|||英語或國際無線電規則規定之英語識別代字|國語或臺語|國語|國語或臺語或英語
126-Third-tw-108|126|業餘無線電人員在其資格等級以上之業餘電臺作業時，得以所在電臺之呼號作業。若在較低等級之電臺作業時，則應於所在電臺之呼號後以甚麼符號字元分隔再加上作業人員本人之電臺呼號，予以識別|C|||分號|逗點|斜線|空白
127-Third-tw-108|127|業餘電臺於初次建立通信或通信完畢時，均應報明呼號，通信中每隔多少時間或更短期間應報呼號一次|A|||十分鐘|二十分鐘|三十分鐘|四十分鐘
128-Third-tw-108|128|可放大射頻功率，不屬發射機原始設計內之組件，但可與發射機連結使用而加大發射之輸出功率之裝置稱為|B|||龜殼花|外接射頻功率放大器|射頻增幅器|減波器
129-Third-tw-108|129|業餘電臺設備之輸出功率及工作頻率|C|||無任何規範|應符合美國聯邦通信委員會之業餘無線電技術標準|應符合我國業餘無線電機技術規範之規定|應符合日本國郵政省業餘無線電技術規範之規定
130-Third-tw-108|130|在業餘無線電管理辦法所採用之發射功率計量方法有|D|||輸出功率及有效輻射功率（ERP）二種|輸入功率|輸出功率（output power）|輸出功率、有效輻射功率及等效全向輻射功率（EIRP）三種
131-Third-tw-108|131|業餘無線電機屬？|C|||刀械彈藥管制器材|不需電臺執照之電信管制射頻器材|需電臺執照之電信管制射頻器材|烹飪器材
132-Third-tw-108|132|業餘無線電人員購買業餘無線電機後，下列何者正確？|B|||購買後即可使用|經審驗合格發給執照，始得使用|加大功率使用|租予他人使用
133-Third-tw-108|133|三等業餘無線電人員使用頻率範圍及發射功率之規定為|A|||頻率限於50百萬赫至50.15百萬赫、144百萬赫至146百萬赫及430百萬赫至440百萬赫，功率限於25瓦特以下|頻率限於144百萬赫至148百萬赫及430百萬赫至440百萬赫，功率限於25瓦特以下|頻率限於144百萬赫至146百萬赫及430百萬赫至432百萬赫，功率限於50瓦特以下|頻率限於144百萬赫至148百萬赫及430百萬赫至440百萬赫，功率限於50瓦特以下
134-Third-tw-108|134|業餘無線電頻率145百萬赫及433百萬赫為呼叫緊急救難頻率，任何電臺在呼叫完畢後，須改換至其他頻率工作，不得停留佔用及干擾，平時應經常守聽，俾供|C|||做為個人通信之專用頻道|做為救難大隊之專用頻道|緊急呼叫及提供救助呼叫使用|做為消防救難大隊之專用頻道
135-Third-tw-108|135|當一通訊網路啟用時，你與友臺正在該頻率上通信，應如何處理？|B|||加大功率以強佔頻率|禮貌地切換至其他頻率|關機|持續發射讓大家都無法使用
136-Third-tw-108|136|若你是VHF通訊網路的主控電臺，當平時使用的頻率被其他友臺先行使用了，應如何處理？|C|||降低功率輸出，按原計畫使用|加大功率以強佔頻率|避開該頻率，並於鄰近無人使用的頻率進行通信|當日停止通信
137-Third-tw-108|137|業餘無線電臺至少應有幾個控制點？|A|||一個|不需要|二個|三個
138-Third-tw-108|138|於業餘無線電臺執照內指定，負責控制電臺信息之傳送，以確保符合無線電規章規定之業餘無線電人員稱為|B|||管理員|控制員|作業員|頻率協調員
139-Third-tw-108|139|由當地或當區合法業餘電臺或中繼電臺控制員共同認可之人員，擔任協調並建議該等電臺所適用之發射及接收之頻路、相關作業及技術參數之任務，以避免或減少干擾，稱為|A|||頻率協調員|管理員|控制員|作業員
140-Third-tw-108|140|業餘無線電控制員執行控制作業任務之地點，稱為|D|||管理點|作業點|頻率協調點|控制點
141-Third-tw-108|141|業餘無線電人員操作業餘無線電臺時，下列何種行為是被禁止的？|A|||使用未經指配之電臺呼號|不佔用特定業餘無線電頻率|不將電臺租予他人|不對其他無線電信號產生干擾
142-Third-tw-108|142|業餘電臺之發射機件或其電源線產生之混附發射，對其他無線電通信產生妨害性干擾時|C|||可繼續發射，至主管機關通知後始停止發射並予以改善|應立即要求遭干擾之電臺停止發射並予以改善|應立即停止發射並予以改善|應不予理會並繼續發射
143-Third-tw-108|143|下列何種業餘電臺之行為是被禁止的？|B|||不對其他無線電信號產生干擾|使用未經指配之頻率及電臺呼號|使用主管機關核准之密語或密碼通信|不傳送不實之信號或信息
144-Third-tw-108|144|下列何種業餘電臺行為是被禁止的？|C|||不從事廣播或蒐集新聞活動|不播放音樂、唱歌、吹口哨，不使用鄙俚、淫邪之語音。影像信號或爭吵之信號|從事違法通信或傳送非法信息|不作涉及公眾電信業務或從事具有任何營利性質之通信
145-Third-tw-108|145|業餘無線電人員操作業餘無線電臺時，下列何種行為是被禁止的？|D|||不對其他無線電信號產生干擾|不使用未經指配之電臺呼號|不佔用特定業餘無線電頻率|將電臺租予他人
146-Third-tw-108|146|取得業餘無線電臺執照後，未經主管機關核准私自「擴頻」使用，例如核准頻率為144-146百萬赫，使用時卻調到148百萬赫，此行為屬|B|||合法|違反電信法相關規定|違反刑法|違反民法
147-Third-tw-108|147|業餘電臺於初次建立通信或通信完畢時均應報名呼號，其呼號為|D|||使用自取臺號（秘雕、孔鏘、嗶伯……）|007|長江1號|主管機關指配之電臺呼號
148-Third-tw-108|148|未經主管機關核准，強行佔用特定業餘無線電頻率。例如：某一電臺在頻率上宣稱「這個跑道我們用很久了」以驅趕其他合法使用者，此種行徑|D|||無所謂，沒人管|屬合法的行為|很好，佔久了就是我們的|屬違法的行為
149-Third-tw-108|149|對其他無線電信號產生干擾。例如干擾其他使用者而壓空信號、放音樂等|D|||無所謂，欺過路客，顯示我神通廣大|很好，佔地為王，捍衛權利|屬合法的行為|屬違法的行為
150-Third-tw-108|150|下列何者屬公眾通信？|C|||航空行動通信業務|27百萬赫市民波段通信|公眾行動電話、行動寬頻|航海無線電通信業務
151-Third-tw-108|151|我在使用業餘電臺無意中收到公眾通信通話，|B|||我可以利用業餘電臺向大眾公佈|其內容不可以洩露、發佈或加以利用|我深以為得到許多信息而覺得偉大|我可以告訴我的女朋友表示我的神通廣大
152-Third-tw-108|152|我在使用業餘無線電臺時|C|||偷聽別人使用大哥大通信|把收到之公眾通信據為己用|禁止未經核准截收非供公眾一般需用之無線電通信|利用收聽到之公眾通信內容並告之通信社加以公佈
153-Third-tw-108|153|佔用業餘無線電頻率使用在開店送瓦斯、餐廳點菜、與營業車隊派車調度等都屬|D|||合法行為|無所謂|使用無線電不用付費，又不違反|違反業餘無線電管理辦法行為
154-Third-tw-108|154|某一業餘無線電人員取得業餘無線電臺執照後，未經主管機關許可擅自加大功率，例如將原電臺功率由25瓦特增為50瓦特，|D|||屬合法行為|很好，功率愈大愈好用|無所謂|屬違法行為
155-Third-tw-108|155|某地區一固定設置之業餘電臺禮讓路過之業餘無線行動電臺優先使用並提供協助|D|||不值得學習|不予理會直接加大功率示威|取笑他並繼續使用該頻段|屬業餘無線電人員禮讓的表現
156-Third-tw-108|156|將電臺租予他人，係|A|||屬違法的行為|屬合法的行為|高興就好|政府管不著
157-Third-tw-108|157|公司行號能否申請使用業餘無線電作為業務使用？|B|||可|不可|不用申請|買來直接使用即可
158-Third-tw-108|158|於業餘無線電播放音樂，係|D|||寬宏大量的行為|屬合法行為|獨樂樂不如眾樂樂|屬違法行為
159-Third-tw-108|159|違反業餘無線電管理辦法規定者，應依|A|||電信法相關規定處罰|槍砲彈藥刀械許可及管理辦法相關規定處罰|消費者保護法相關規定處罰|氣象法相關規定處罰
160-Third-tw-108|160|違反業餘無線電管理辦法第十六條至第十八條規定，擅自設置或使用業餘電臺，其電信器材，不問屬於犯人與否，依電信法相關規定|B|||拍賣|得沒收之|丟棄|燒毀
161-Third-tw-108|161|違反業餘無線電管理辦法第十六條至第十八條規定，擅自設置或使用業餘電臺，影響飛航安全者|D|||依妨害公務罪處罰|依贓物罪處罰|依偽造文書罪處罰|依公共安全罪加重處罰
162-Third-tw-108|162|違反業餘無線電管理辦法第十六條至第十八條規定，擅自設置電臺者；或違反第四條規定擅自使用或變更無線電頻率、電功率、發射方式及電臺呼號，未干擾通信者，或違反本辦法其他規定者，依電信法相關規定|D|||處新臺幣十萬元以下罰鍰|予以口頭警告|處新臺幣五十萬元以上罰鍰|處新臺幣十萬元以上五十萬元以下罰鍰
163-Third-tw-108|163|未經主管機關許可，即行設置或使用無線電器材者，應依|C|||陸海空軍刑法處罰|緊急動員法處罰|電信法相關規定處罰|刀械彈藥管制條例處罰
164-Third-tw-108|164|足使資訊傳輸獲得在各類發射所規定條件下之傳輸品質及所需速率之頻帶寬度稱為|C|||指配頻帶寬度|民用頻帶寬度|必需頻帶寬度|佔用頻帶寬度
165-Third-tw-108|165|以總發射平均功率為中心衰減至低於總發射平均功率至少二十六分貝處，包括發射機容許頻率漂移及杜卜勒頻率漂移之頻率帶域寬度稱為|C|||必需頻帶寬度|指配頻帶寬度|佔用頻帶寬度|業餘頻帶寬度
166-Third-tw-108|166|載波遏制之程度足以使載波信號回復供解調使用之一種調幅單邊帶發射稱為|A|||減載波單邊帶發射|殘邊帶發射|遏制載波單邊帶發射|強載波單邊帶發射
167-Third-tw-108|167|載波被實質遏制，於解調時不予使用之一種調幅單邊帶發射稱為|C|||減載波單邊帶發射|強載波單邊帶發射|遏制載波單邊帶發射|殘邊帶發射
168-Third-tw-108|168|電視影像信號以|B|||減載波單邊帶發射|殘邊帶發射|遏制載波單邊帶發射|強載波單邊帶發射
169-Third-tw-108|169|由發射機輸出傳送到天線之功率及其天線與半波偶極天線相對增益之乘積稱為|B|||輸出功率（output power）|有效輻射功率（ERP）|輸入功率|有效全向輻射功率（EIRP）
170-Third-tw-108|170|發射或接收做為觀測電波傳播及其他相關實驗活動信號之業餘電臺稱為|A|||示標電臺|實驗電臺|中繼電臺|遙測電臺
171-Third-tw-108|171|利用業餘無線電傳送遠端觀測實驗信號之業餘電臺稱為|B|||中繼電臺|遙測電臺|實驗電臺|示標電臺
172-Third-tw-108|172|自動轉發其他電臺信號之業餘電臺稱為|B|||遙測電臺|中繼電臺|實驗電臺|示標電臺
173-Third-tw-108|173|設置於超過地面五十公里之業餘電臺稱為|C|||中繼電臺|遙測電臺|太空電臺|地球電臺
174-Third-tw-108|174|設置於離地面五十公里以內，擬與太空電臺或經由其他一或數具太空上之載具與其他地球電臺通信之業餘電臺稱為|C|||中繼電臺|太空電臺|地球電臺|遙測電臺
175-Third-tw-108|175|經由控制鏈路間接遙控控制之業餘電臺稱為|C|||太空電臺|地球電臺|遙控電臺|遙測電臺
176-Third-tw-108|176|傳送無線電信號以資指揮太空電臺之起動、修正或停止作業功能之業餘電臺稱為|D|||太空電臺|地球電臺|遙控電臺|指揮電臺
177-Third-tw-108|177|為符合無線電規章之規定，控制員在電臺內直接調校、控制無線電通信作業，稱為|C|||自動控制|遙控控制|即席控制|離線控制
178-Third-tw-108|178|為符合無線電規章之規定，控制員經由控制鏈路間接調校、控制業餘無線電通信作業，稱為|C|||自動控制|離線控制|遙控控制|即席控制
179-Third-tw-108|179|為符合無線電規章之規定，在無人操作之控制點上，自動控制該電臺之傳送所使用之設備及程序，稱為|D|||即席控制|離線控制|遙控控制|自動控制
180-Third-tw-108|180|第三者通信指業餘電臺之控制員為他人傳送信息予何人之通信|D|||任何其他人員|另一非業餘無線電人員|公眾通信|另一業餘電臺控制員
181-Third-tw-108|181|業餘無線電人員設置臨時電臺、輔助電臺、示標電臺、中繼電臺、地球電臺、太空電臺、遙控電臺、遙測電臺或指揮電臺等特殊業餘電臺時應向|B|||當地公路監理站申請|主管機關申請|內政部申請|當地業餘無線電團體申請
182-Third-tw-108|182|業餘無線電臺執照即將屆期時，|B|||不予理會，持續使用|以上皆是|若要繼續使用，應於有效期屆滿前辦理換照|若已不想操作，應逕向主管機關申請電機封存或監燬
183-Third-tw-108|183|個人進口或自製業餘無線電機僅供自用者，應向主管機關申請審驗合格|D|||即可使用|並取得廣播執照後始得使用|並取得型式認證證明後始得使用|並取得電臺執照後始得使用
184-Third-tw-108|184|自動控制電臺僅能傳送多少百萬赫之無線打字或數據通信？|C|||30 百萬赫|20 百萬赫|超過50 百萬赫|10 百萬赫
185-Third-tw-108|185|廠商應依電信法相關規定向何單位申請許可或備查，始得產銷業餘無線電機？|D|||標檢局|刑事警察局|經濟部|主管機關
186-Third-tw-108|186|業餘無線電人員取得較高等級之測試及格，原設置之業餘電臺得申請改配呼號。其呼號一經改配，原呼號該電臺|C|||可併同使用到大家都認識我的新呼號為止|可永久使用|不得再使用|可再使用至執照到期日
187-Third-tw-108|187|業餘電臺連接公共通信系統或供設置目的以外之用時，應符合以下法令規定？|D|||電波監理業務管理辦法|業餘無線電管理辦法|無相關法令規定|專用電信設置使用及連接公共通信系統管理辦法第四條規定
188-Third-tw-108|188|業餘無線電人員經主管機關核發較高等級之業餘無線電人員執照時，原執照效力為何？|C|||原執照有效|有效。可同時持有一張以上業餘無線電人員執照|原執照失其效力|原執照效期未過仍有效
189-Third-tw-108|189|業餘無線電人員設置業餘電臺，除以下電臺外，應申請架設許可，經審驗合格，取得電臺執照，始得使用？|C|||行動式業餘電臺|特殊業餘電臺|臨時電臺|固定式業餘電臺
190-Third-tw-108|190|電臺審驗不合格者，得於架設許可證有效期間內申請複驗，並以幾次為限？|C|||三次|無限次數|一次|二次
191-Third-tw-108|191|以下何者非業餘無線電管理辦法規定之特殊業餘電臺？|B|||中繼電臺|臨時電臺|太空電臺|示標電臺
192-Third-tw-108|192|申請設置特殊業餘電臺應檢具以下那些文件，經全國性業餘無線電團體向主管機關申請核准？|D|||特殊業餘電臺計畫書|固定式業餘電臺設置申請書|行動式業餘電臺執照申請書|特殊業餘電臺及呼號指配申請書與設置使用管理計畫書
193-Third-tw-108|193|業餘無線電人員設置設置使用臨時電臺，其使用期間為何？|A|||六個月為限|一年|以上皆非|無時間限制
194-Third-tw-108|194|業餘電臺執照有效期間為何？業餘電臺所屬者應於電臺執照有效期間屆滿前多久向主管機關申請換照？|A|||五年；六個月起五個月內|五年；一個月內|十年；五個月內|十年；一個月內
195-Third-tw-108|195|業餘電臺之業餘無線電機之輸出功率及工作頻率應符合以下法令之規定？|C|||電波監理業務管理辦法|業餘無線電管理辦法|業餘無線電機技術規範|以上皆非
196-Third-tw-108|196|業餘電臺之業餘無線電機之頻率容許差度及混附發射應符合以下法令之規定？|B|||業餘無線電管理辦法|電波監理業務管理辦法|業餘無線電機技術規範|以上皆非
197-Third-tw-108|197|業餘電臺增設或變更外接射頻功率放大器或套件時，所屬者應向誰申請，經審驗合格，換發電臺執照，始得使用？|A|||主管機關|經濟部|內政部|當地業餘無線電團體
198-Third-tw-108|198|業餘電臺之外接射頻功率放大器或套件，應符合下列何種之規定？|B|||以上皆非|業餘無線電機技術規範|電波監理業務管理辦法|業餘無線電管理辦法
199-Third-tw-108|199|業餘無線電人員利用業餘電臺傳送無線打字或數據時，應使用下列規定之數據碼操作模式？|B|||ASCII碼|以上皆是|AMTOR碼|BAUDOT碼
200-Third-tw-108|200|以下何者始能申請及從事展頻通信實驗？|A|||限一等或二等業餘無線電人員|三等業餘無線電人員|以上皆非|一般人即可
201-Third-tw-108|201|供展頻通信實驗之發射機輸出功率及工作頻率應為何？|D|||輸出功率大於一百瓦特；工作頻率四三○百萬赫以上|輸出功率小於一百瓦特；工作頻率四三○百萬赫以下|以上皆非|輸出功率不得大於一百瓦特；工作頻率四三○百萬赫以上
202-Third-tw-108|202|展頻通信實驗應做成紀錄，並應保存幾年？|A|||一年|四年|二年|三年
203-Third-tw-108|203|為業餘無線電作業之推廣或教育活動目的，業餘無線電團體或一等、二等業餘無線電人員，經向誰申請核准後，得於活動現場，在其監督及指導下，提供業餘電臺或臨時電臺供非業餘無線電人員操作？|B|||經濟部|主管機關|內政部|當地業餘無線電團體
204-Third-tw-108|204|業餘無線電人員操作業餘電臺，使用業餘無線電次要業務之頻段時，應遵守什麼規定？|D|||須忍受合法通信之妨害性干擾|不得干擾主要業務|不應對業經指配之主要業務電臺產生妨害性干擾|以上皆是
205-Third-tw-108|205|頻率容許差度，在正常供應電壓下，溫度在幾℃間變化？|D|||-5℃至50℃|-15℃至50℃|-15℃至55℃|-10℃至50℃
206-Third-tw-108|206|工作頻率小於30百萬赫者，電臺發射器或外接功率放大器之混附發射平均功率（mean power）至少應低於主波平均功率多少 dB？|C|||45 dB|38 dB|43 dB|40 dB
207-Third-tw-108|207|工作頻率為17.7吉赫以上者，混附發射依以下法令規定？|D|||業餘無線電管理辦法|業餘無線電機技術規範|以上皆非|電波監理業務管理辦法
208-Third-tw-108|208|一等業餘無線電機，50百萬赫~50.15百萬赫頻段，輸出功率限幾瓦？|B|||100 瓦特以下|400 瓦特以下|300 瓦特以下|200 瓦特以下
209-Third-tw-108|209|一等業餘無線電機，430百萬赫~440百萬赫頻段，輸出功率限幾瓦？|D|||300 瓦特以下|200 瓦特以下|400 瓦特以下|100 瓦特以下
210-Third-tw-108|210|二等業餘無線電機，50百萬赫~50.15百萬赫頻段，輸出功率限幾瓦？|B|||300 瓦特以下|200 瓦特以下|400 瓦特以下|100 瓦特以下
211-Third-tw-108|211|二等業餘無線電機，430百萬赫~440百萬赫頻段，輸出功率限幾瓦？|D|||100 瓦特以下|200 瓦特以下|10 瓦特以下|50 瓦特以下
212-Third-tw-108|212|三等業餘無線電機，50百萬赫~50.15百萬赫頻段，輸出功率限幾瓦？|D|||2 瓦特以下|10 瓦特以下|50 瓦特以下|25 瓦特以下
213-Third-tw-108|213|三等業餘無線電機，430百萬赫~440百萬赫頻段，輸出功率限幾瓦？|D|||2 瓦特以下|50 瓦特以下|10 瓦特以下|25 瓦特以下
214-Third-tw-108|214|查驗外接射頻功率放大器時，應以多少瓦以上之平均射頻輸入功率驅動至其輸出功率（設計功率）達到飽和功率？|D|||150 瓦特|100 瓦特|以上皆非|50 瓦特
215-Third-tw-108|215|頻率容許差度在20℃下，供應電壓在額定值之±15％內變化時，工作頻率為VHF或UHF者，其規定為何？|D|||限±4ppm內|限±2ppm內|限±3ppm內|限±5ppm內
216-Third-tw-108|216|業餘無線電人員操作業餘電臺時，以下行為是被禁止的？|A|||於遙控無人機利用業餘電臺傳送信號或信息|不對其他無線電信號產生干擾|不傳送不實之信號或信息|不將電臺租予他人使用
217-Third-tw-108|217|非本國籍業餘無線電人員於中華民國領域內短期操作業餘電臺，經核准之作業期間規定為何？|D|||一年|無時間限制|以上皆非|六個月為限
218-Third-tw-108|218|自動控制作業之業餘電臺傳送無線打字或數據通信之頻率規定為何？|A|||50 百萬赫以上|以上皆非|40 百萬赫以上|50 百萬赫以下
219-Third-tw-108|219|業餘電臺至少應有一個控制點，其傳送信息或信號時，除什麼作業外，控制員應在其中一個控制點上作業？|B|||遙控控制作業|自動控制作業|以上皆非|即席控制作業
220-Third-tw-108|220|特殊業餘電臺設置者應於接獲誰之通知之日起，記錄及保存通信紀錄，並依誰之要求方式提供之？|D|||內政部|當地業餘無線電團體|經濟部|主管機關
221-Third-tw-108|221|業餘電臺拆除外接射頻功率放大器或套件時，所屬者應依以下法令規定辦理，並應向主管機關申請換發電臺執照？|D|||業餘無線電管理辦法|以上皆非|業餘無線電機技術規範|電信管制射頻器材管理辦法
222-Third-tw-108|222|申請設置特殊業餘電臺所檢具設置使用管理計畫書應載明以下那些共同事項？|D|||通信紀錄之保存方式及保存期間等規劃|業餘無線電機具發射或兼具收發功能|電臺控制作業之運作方式及架構|以上皆是
223-Third-tw-108|223|申請固定式業餘電臺執照，其電臺審驗不合格者，得於架設許可證有效期間內申請複驗，並以幾次為限？|C|||三次|二次|一次|無次數限制
224-Third-tw-108|224|收發信機之接收機，其不必要發射應符合以下法令之規定？|B|||業餘無線電管理辦法|低功率射頻電機技術規範|以上皆非|電信管制射頻器材管理辦法
225-Third-tw-108|225|非本國籍業餘無線電人員經主管機關核准於中華民國領域內短期操作業餘電臺者，其臨時電臺呼號之第三字元使用為何？|D|||阿拉伯數字|以上皆非|英文字母|斜線
226-Third-tw-108|226|臨時電臺之呼號組合，若申設目的涉及紀念性質，其呼號組合亦得不受第三字元使用之限制。但以第三及第四字元使用為何？|C|||均使用英文字母為限|第三字元使用阿拉伯數字；第四字元使用英文字母|均使用阿拉伯數字為限|以上皆非
227-Third-tw-108|227|呼叫及緊急救難頻率規定為何，任何電臺不得停留佔用及干擾？|C|||145百萬赫及431百萬赫|以上皆非|145百萬赫及433百萬赫|144百萬赫及432百萬赫
228-Third-tw-108|228|一、二等業餘無線電機，135.7 千赫～137.8 千赫頻段，輸出功率限幾瓦特？|C|||200 瓦特以下|400 瓦特以下|1 瓦特（EIRP）以下|以上皆非
229-Third-tw-108|229|設備調變頻率發射之最大允許頻率偏差，頻道間隔為12.5千赫者，調變信號之頻率偏差值為何？|D|||須介於±3.0 千赫|以上皆非|須介於±2.0 千赫|須介於±2.5 千赫
230-Third-tw-108|230|設備調變頻率發射之最大允許頻率偏差，頻道間隔為20.0千赫者，調變信號之頻率偏差值為何？|C|||以上皆非|須介於±3.5 千赫|須介於±4.0 千赫|須介於±3.0 千赫
231-Third-tw-108|231|設備調變頻率發射之最大允許頻率偏差，頻道間隔為25.0千赫者，調變信號之頻率偏差值為何？|D|||須介於±4.0 千赫|須介於±4.5 千赫|以上皆非|須介於±5.0 千赫
232-Third-tw-108|232|工作頻率為30百萬赫～235 百萬赫者，混附發射之平均功率至少應低於主波平均功率60dB，且不超過幾瓦特？|D|||3 毫瓦特|2 毫瓦特|以上皆非|1 毫瓦特
233-Third-tw-108|233|工作頻率為235百萬赫~960百萬赫者，混附發射之平均功率至少應低於主波平均功率60dB，且不超過幾瓦特？|C|||10 毫瓦特|以上皆非|20 毫瓦特|15 毫瓦特
234-Third-tw-108|234|工作頻率為960百萬赫~17.7吉赫者，混附發射之平均功率至少應低於主波平均功率50dB，且不超過幾瓦特？|C|||150 毫瓦特|50 毫瓦特|100 毫瓦特|以上皆非
235-Third-tw-108|235|非本國籍業餘無線電團體或人員於中華民國領域內短期操作業餘電臺，單次入境者，主管機關以核准幾次為限？|C|||二次|無次數限制|一次|以上皆非
236-Third-tw-108|236|無法於固定式業餘電臺架設許可證有效期間內完成架設者，得於期間屆滿前二個月起一個月內敘明理由，向主管機關申請展期，展期期間為幾個月，並以一次為限？|B|||八個月|六個月|二個月|四個月
1-Third-tw-108|1|在2公尺波段哪一個是中繼電臺最常使用的頻率偏移?|A|||正或負600 千赫|負500 千赫|只有正600 千赫|正500 千赫
2-Third-tw-108|2|在70公分波段哪一個是中繼電臺的頻率偏移|D|||正600 千赫|正或負600 千赫|負600 千赫|正或負5 百萬赫
3-Third-tw-108|3|如果知道其他電臺的呼號，用中繼電臺呼叫它的恰當方法是什麼?|A|||呼叫友台呼號，然後標識自己的呼號|說CQ三次，然後呼叫友台呼號|說”間隔、間隔”，然後呼叫友台呼號|等待友台呼叫CQ然後回答
4-Third-tw-108|4|如何回答友台呼叫CQ?|B|||發射訊號強度報告再加上自己的呼號|發射友台呼號然後加上自己的呼號|發射自己的呼號然後加上友台呼號|發射CQ然後加上友台呼號
5-Third-tw-108|5|在對傳輸中裝備或是天線進行測試時，業餘無線電人員要注意甚麼?|B|||要在晚上十點以後再測試|有效的標識在發送中的電臺|通知NCC關於測試|在測試過程中說明測試目的
6-Third-tw-108|6|在測試發送訊號時，下列何者為真|C|||如果測試小於15秒，不需要電臺標識|如果測試功率小於1瓦特，不需要電臺識|電臺識別必須至少每10分鐘一次，還有在測試終了時|如果發送只是為了測試訊號，僅需每小時電臺標識
7-Third-tw-108|7|程序信號(prosigns)”CQ”是代表?|A|||呼叫任一電臺|請指定友台回復訊號|每四分之一小時的呼叫|新天線在測試，請不要回復!
8-Third-tw-108|8|通常發送什麼樣的簡短陳述取代“CQ”，代表你在收聽中繼電臺?|A|||呼號|中繼電臺的呼號再加上自已的呼號|“QSY”再加上自已的呼號|”Hello test”後加上自已的呼號
9-Third-tw-108|9|在一般無緊急狀況時，下列何者是NCC的業餘無線電頻段的功率位準規定|B|||最多只能200瓦特|在指定的頻段內不超過最大功率輸出允許值，使用達成通訊的最小功率|任一業餘頻率最多可至1500瓦特|只要不會干擾其他無線電，就沒有輸出功率限制
10-Third-tw-108|10|當為呼叫"CQ”選擇操作頻率時，需要遵守何者?|C|||確認自己是在指定頻段|先守聽頻率已確定無人正在使用該頻率|以上皆是|先詢問是否有人在使用
11-Third-tw-108|11|描述業餘無線電臺在同一頻率接收與發送的術語為何?|D|||多工通訊|全雙工通訊|雙工通訊|單工通訊
12-Third-tw-108|12|甚麼術語用來描述正常語音傳輸的次音頻，以開啟接收機的制噪(squelch)?|A|||CTCSS|載波制噪|DTMF|音頻脈衝
13-Third-tw-108|13|下列何者描述讓接收機音頻靜音，僅使用RF訊號的存在與否的控制方式|B|||音頻制噪(squelch)|載波制噪|CTCSS|調變的載波
14-Third-tw-108|14|當使用適當的偏置(offset)傳輸，下列何者造成只能收聽而無法發送的常見問題?|B|||中繼電臺也許需要利用音頻脈衝|以上皆是|中繼電臺也許需要利用DCS的音調序列|中繼電臺也許需要利用CTCSS
15-Third-tw-108|15|甚麼決定FM(而不是PM)訊號的偏移量?|B|||調變訊號與載波的相對相位|調變訊號的振幅|調變訊號的頻率與振福|調變訊號的頻率
16-Third-tw-108|16|如果FM發射偏移量增加會發生何事?|C|||輸出功率與頻寬都會增加|會產生不對稱的調變|訊號會佔用更多的頻寬|輸出的功率會增加
17-Third-tw-108|17|在使用電話識別自己的電臺時，可以使用下咧一方法?|D|||語音通話時也利用CW傳送呼號|重覆呼號三次|識別自己時，將輸出功率調到最大|使用拼音字母
18-Third-tw-108|18|下列何種Q訊號代表你正在換頻率|B|||QRZ|QSY|QRU|QSL
19-Third-tw-108|19|甚麼樣的狀況下會讓你考慮直接通訊而不是用中繼電臺?|A|||該電臺可以直接通訊而不用中繼電臺|當你的執照上有直接通訊的許可時|僅限於當第三方並不會插話時|僅限於當你有直接調變能力時
20-Third-tw-108|20|在業餘頻段的50百萬赫以上使用SSB通訊時，下列何者為真?|B|||只允許在中繼電臺上|僅允許在業餘頻段50百萬赫以上的某些部分操作|僅限於功率在100瓦特以內|只允許三等或更高等級業餘無線電人員
21-Third-tw-108|21|在什麼時候不需要遵守NCC操作業餘電臺的規則?|C|||在特殊的ARES規則下操作|當操作RACES電臺時|不行，NCC的規則一定要遵守|在特殊的FEMA規則下操作
22-Third-tw-108|22|當台電電力中斷之後，還有甚麼方法可以對12伏特鉛酸電臺電池充電?|C|||以上皆是|把電池放在冰裡冷卻幾小時|並聯電池到車上的電池，然後啟動引擎|加酸性液體到電池內
23-Third-tw-108|23|為確保正確抄收到包含正確的名稱以及特殊字句的語音訊息，接收電臺應該要如何做?|B|||整條訊息應該要至少重覆四次|這類的字句跟術語應該用標準的拼音字母拼出|以上皆是|這樣的訊息必須限制在十個字句之內
24-Third-tw-108|24|RACES跟ARES有何共同點?|C|||他們代表全美前兩大的火腿俱樂部|兩者都廣播路況跟天氣資料|兩者都可以提供緊急狀況時的通訊|都沒有提供緊急交通援助的公共服務
25-Third-tw-108|25|下列何者是敘述RACES(業餘無線電民間緊急服務)?|B|||利用業餘無線電的頻率做為緊急狀況管理及民間防衛通訊|以上皆是|經民防組織認證並登記的業餘無線電人員提供緊急服務|利用業餘無線電的電臺做為緊急狀況管理及民間防衛通訊
26-Third-tw-108|26|做緊急事件通報時，為了得到連網管制的站臺的立即回應，下列何者為可接受的範例?|D|||按壓三次PTT通話鍵|放一段預錄的緊急警告的音頻再加上自己的呼號|重複三次SOS後面加上報告電臺呼號|在說”Priority”或是”Emergency” 之後加上自己的呼號
27-Third-tw-108|27|業餘無線電操作員進入緊急交通網報到時，下列何者是可接受的範例?|D|||在連網的頻率之外偏置5千赫，然後用大功率呼叫其他友臺把該頻率淨空|以上皆是|當頻率是靜默的時候，每五分鐘發布自己的電臺呼號及位置|在該頻率內保持靜默，直到被連網控制臺點名呼叫
28-Third-tw-108|28|下列何者是良好處理交通緊急狀況的特徵?|A|||接收到的訊息完整的傳遞出去|決定是否要把訊息轉傳或是傳遞出去|把訊息傳給媒體，以發布於災區之外|以上皆是
29-Third-tw-108|29|業餘無線電控制員有被允許在其執等級的頻率權限之外操作嗎?|C|||可以，但是要在RACES緊急計畫內的一部分|可以，但是要在FEMA緊急計畫內的一部分|可以，只有涉及立即人命安全及財產保護情況|不行
30-Third-tw-108|30|甚麼是正式交通訊息的前言?|C|||訊息的編號|標示訊息的優先處理|當訊息通過業餘無線電交通處理系統時，提供追蹤訊息的資訊|訊息內文的第一段
31-Third-tw-108|31|“Check”在正式交通訊息裡有甚麼意義嗎?|B|||它代表轉傳訊息的友臺清單|它計算訊息內文字部分的字句或相等於字句的數目|它就是訊息表格上方格以告訴你訊息己收到|它代表訊息內附加的匯票(money order)的價值
32-Third-tw-108|32|下列何者是敘述ARES(業餘無線電急難服務)?|D|||認證業餘無線電人員成為RACES會員的訓練計畫|讓有興趣取得業餘無線電執照的民眾用在急難的證照課程訓練計畫|有業餘無線電人員證照的軍事人員自願在急難狀況時提供訊息處理服務|有證照的業餘無線電人員自願性註冊其等級跟設備以提供公眾服務的通訊義務
33-Third-tw-108|33|如果另一個業餘無線電人員報告您的電臺的2公尺信號剛才很強，但現在很弱或者失真，你應該怎麼辦？|A|||儘可能嘗試移動幾公尺或改變天線的方向，因為反射可能導致多路徑失真|將收發機中的電池更換為不同類型的電池|要求其他業餘無線電人員調整他的制噪控制(squelch control)|打開CTCSS音頻
34-Third-tw-108|34|為什麼在建築物內UHF信號通常比VHF信號更有效？|D|||VHF信號在距離上失去功率更快|UHF天線比VHF天線更有效率|這是不正確的; VHF在建築物內比UHF更好|更短的波長使它更容易穿透建築物結構
35-Third-tw-108|35|使用VHF和UHF頻段的長距離弱信號CW與SSB通信，通常使用什麼天線極化？|B|||右旋圓形|水平|垂直|左旋圓形
36-Third-tw-108|36|如果VHF或UHF視線(line of sight)兩端的無線電鏈路不使用相同極化的天線，會發生什麼情況？|B|||調變邊帶可能會反轉|信號可能明顯變弱|信號對聲音有迴聲效應|沒有什麼明顯的事情會發生
37-Third-tw-108|37|當使用定向天線時，如果建築物或障礙物阻擋直接視線(line of sight)路徑，您的電臺如何能夠接取遠方中繼電臺(distant repeater)？|A|||嘗試找到反射信號給中繼電臺的路徑|增加天線SWR|嘗試長路徑|從垂直變為水平極化
38-Third-tw-108|38|通常用什麼術語來描述有時聽到來自正在移動並發射的行動電臺的快速飄動的聲音？|B|||翻轉(flip-flopping)|尖椿籬柵性的波動(picket fencing)|頻移|脈動
39-Third-tw-108|39|什麼類型的波在發射電臺和接收電臺之間傳輸無線電信號？|A|||電磁波|表面聲波|磁束波|靜電波
40-Third-tw-108|40|以下哪項是接收電離層反射信號的不規則衰減的可能原因？|A|||通過不同路徑到達的隨機組合信號|內調失真|暴風雨干擾|法拉第旋轉引起的頻移
41-Third-tw-108|41|下面哪個結果是因為電離層折射的跳躍信號是橢圓極化的事實？|A|||發送或接收可以使用垂直或水平極化的天線|沒有作用的數位模式|沒有作用的調頻語音|發射天線和接收天線必須具有相同的極化
42-Third-tw-108|42|如果數據信號通過多條路徑傳播會發生什麼？|A|||錯誤率可能會增加|如果使用調頻傳輸信號，則不會發生重大變化|藉由相等於不同路徑數目的因子，應該會減少傳輸速率|藉由相等於不同路徑數目的因子，可以增加傳輸速率
43-Third-tw-108|43|大氣的哪一部分能夠使無線電信號傳播到全世界？|A|||電離層|平流層|磁層|對流層
44-Third-tw-108|44|無線電波在一個完整週期內所行進的距離名稱是什麼？|A|||波長|波形|波速|波散(spread)
45-Third-tw-108|45|無線電波的哪個屬性用於描述其極化？|B|||磁場能量與電場能量的比值|電場的方向|速度與波長的比值|磁場的方向
46-Third-tw-108|46|無線電波的兩個組成部分是什麼？|A|||電場和磁場|交流電和直流電|電壓和電流|電離輻射和非電離輻射
47-Third-tw-108|47|無線電波在自由空間中傳播有多快？|D|||以聲速|其速度隨著頻率的增加而增加|其速度與其波長成反比|以光速
48-Third-tw-108|48|無線電波的波長與其頻率有何關係？|A|||隨著頻率的增加，波長變短|波長和頻率之間沒有關係|波長取決於信號的帶寬|隨著頻率的增加，波長變長
49-Third-tw-108|49|將頻率轉換為以公尺為單位的近似波長的公式是什麼？|A|||以公尺為單位的波長等於300除以以百萬赫為單位的頻率|以公尺為單位的波長等於以百萬赫為單位的頻率除以300|以公尺為單位的波長等於以赫茲為單位的頻率乘以300|以公尺為單位的波長等於以赫茲為單位的頻率除以300
50-Third-tw-108|50|無線電波的哪個屬性常用於識別不同的頻段？|C|||無線電波的磁場強度|無線電波的電壓駐波比|近似的波長|無線電波行進一公里的時間
51-Third-tw-108|51|VHF頻譜的頻率範圍是甚麼？|B|||300至3000 百萬赫|30至300 百萬赫|30至300 千赫|300至3000 千赫
52-Third-tw-108|52|UHF頻譜的頻率範圍是甚麼？|C|||30至300 百萬赫|300至3000 千赫|300至3000 百萬赫|30至300 千赫
53-Third-tw-108|53|什麼頻率範圍被稱為HF？|B|||300至3,000 百萬赫|3至30 百萬赫|300至3,000 千赫|30至300 百萬赫
54-Third-tw-108|54|無線電波通過自由空間時的近似速度是多少？|C|||每小時300,000 英里|每秒3,000 公里|每秒300,000,000 公尺|每小時186,000 英里
55-Third-tw-108|55|為什麼直接（不通過中繼電臺）UHF信號很少從您電臺涵蓋區域外被聽|A|||UHF信號通常不會被電離層反射|國家通訊委員會規定禁止他們涵蓋超過80公里|與樹木和灌木碰撞而消失|因為太弱，所以無法傳播很遠
56-Third-tw-108|56|從遠處接收VHF信號時可能發生以下哪種情況？|A|||信號被不定時發生的E層折射|信號正從外太空反射|信號通過管道表面下層到達|信號被您所在地區的雷雨風暴反射
57-Third-tw-108|57|通過極光反射收到的VHF信號有什麼特性？|C|||距離16,000公里以上的信號很常見|天線朝西時，這類型的信號通常最強|信號呈現強度的快速波動並且常常聲音失真|這些類型的信號僅在冬季夜間時發生
58-Third-tw-108|58|在10公尺、6公尺和2公尺頻帶，關於偶爾出現強烈的超視距(over-the-horizon)信號常見於以下哪種傳播類型？|D|||不定時發生的E層|後向散射|D層吸收|灰線傳播
59-Third-tw-108|59|雖然在電臺的發射和接收之間有障礙物的情況下，下列哪些效應可能導致無線電信號可以被聽到？|A|||刀刃(Knife-edge)繞射|法拉第旋轉|量子隧道效應|杜卜勒頻移
60-Third-tw-108|60|在一般條件，什麼樣的模式可以使超視距(over-the-horizon)的VHF和UHF通信距離大約為480公里？|C|||D層折射|法拉第旋轉|對流層散射|F2層折射
61-Third-tw-108|61|哪個頻段最適合藉由流星散射進行通信？|B|||2 公尺|6 公尺|70 公分|10 公尺
62-Third-tw-108|62|對流層管道是如何形成？|D|||雷電風暴中的閃電放電|太陽黑子和太陽耀斑|颱風和龍捲風所引起的上升氣流|大氣中的逆溫(Temperature inversion)
63-Third-tw-108|63|長距離10公尺頻段藉由F層傳播的最佳時間為何？|B|||在低太陽黑子活動期間，從黎明到日落後不久|在高太陽黑子活動期間，從黎明到日落之後不久|在低太陽黑子活動期間，從日落後不久到黎明|在高太陽黑子活動期間，從日落後不久到黎明
64-Third-tw-108|64|什麼是無線電視界(horizon)？|C|||地球表面上兩點之間的最短距離|在天線塔可以看到的最遠點|兩個電臺可以通過直接路徑進行通信的距離|從地面到水平安裝天線的距離
65-Third-tw-108|65|為什麼VHF和UHF無線電信號傳播通常比兩個電臺之間的視距(line of sight)距離要遠一些？|C|||無線電信號的移動速度比光速稍快|無線電波不會被灰塵顆粒堵塞|以無線電波與光比，地球看起來彎曲程度比較小|無線電波會被灰塵顆粒堵塞
66-Third-tw-108|66|在太陽黑子週期的高峰期，以下哪個頻段可以提供長距離通信？|B|||70 公分|6 公尺|2 公尺|以上皆是
67-Third-tw-108|67|關於業餘無線電收發機的麥克風連接器，下列哪一項為真？|A|||某些連接器包含了按鍵通話(push-to-talk)及供電給麥克風的電壓|所有的收發機使用相同形式的連接器，其接線方式均相同|無鎖接頭(Un-keyed connectors)允許任一款麥克風接用|所有的收發機都使用同一種連接器
68-Third-tw-108|68|電腦如何用作為業餘無線電臺的一部分？|C|||數位信號產生及解碼|CW之收報或發報|以上皆是|記錄通聯及其通聯資訊
69-Third-tw-108|69|通訊設備使用穩壓電源的原因為何？|A|||可防止電壓波動傳達至敏感的電路|保險絲及電路斷路器來調節電力|已獲得NCC認證的穩壓電源|電力耗損與負載無關
70-Third-tw-108|70|電臺在何處必須安裝濾波器以減少諧波發射？|A|||發射機與天線之間|麥克風|接收機與發射機之間|電臺之電源
71-Third-tw-108|71|為了監看電臺天線系統的駐波比，請問SWR表要連結在哪裡？|C|||將麥克風線平行於天線|串接於電源供應器之電纜上，且儘量靠近收發機|在發射機及天線之間，用饋線串接之|與電臺的接地串接
72-Third-tw-108|72|在封包無線電臺，下列何者會連接於發射機及電腦之間？|B|||混合器|終端節點控制器|發射匹配器|天線
73-Third-tw-108|73|使用電腦操作數位通訊時，電腦的音效卡作用為何？|D|||音效卡扮演著在電腦CPU與顯示器之間的溝通角色|以上皆是|音效卡是作為顯示器的音頻之收錄之用|音效卡供給麥克風輸入之用，且將接收到的音訊轉化為數位形式
74-Third-tw-108|74|哪種類型的導體最適於射頻接地？|B|||雙絞線|平版帶(Flat strap)|圓形包銅鋼線|圓形絞線
75-Third-tw-108|75|下列哪一種可用於現代收發機上來輸入工作頻率？|D|||自動頻率控制(The Automatic Frequency Control)|CTSS或DTMF編碼器|以上皆是|鍵盤或VFO(可變頻率振盪器)旋鈕
76-Third-tw-108|76|收發機上的制躁(squelch)控制鈕有何作用？|B|||設定發射功率大小|在沒有接收到信號時，使接收機的輸出噪音靜音|用來調節自動增益控制|設定音量大小至最大
77-Third-tw-108|77|如何可以讓你輕易的在你的收發機上，使用喜好的頻率？|A|||將頻率儲存至記憶頻道|打開CTSS 音頻|關閉CTSS 音頻|使用掃描模式去選擇想要用的頻率
78-Third-tw-108|78|如果單邊帶信號的音調太高或太低，可以使用下面哪一項控制設備來改善？|A|||接收機的RIT或淨化器(clarifier)|頻帶寬度選擇|音頻制噪(Tone Squelch)|使用AGC 或 限制器
79-Third-tw-108|79|“ RIT ” 是什麼意思？|A|||接收機增量調整(Receiver Incremental Tuning)|整流器倒向器試驗(Rectifier Inverter Test)|接收機的輸入音頻(Receiver Input Tone)|遙控輸入發射機(Remote Input Transmitter)
80-Third-tw-108|80|在多模收發機上，有多重接收頻寬的選擇有甚麼好處？|B|||增加發射頻率及接收頻率間偏移的數量|藉著選擇可匹配於該模式的頻寬，來降低噪音或干擾的程度|增加可以儲存於記憶體中的頻率數量|一次可以監聽好幾個模式
81-Third-tw-108|81|如果您收到透過中繼電臺轉發的信號有音頻失真或無法解出的報告，可能會是什麼問題？|C|||您可能會處在一個信號不好的位置|您的發射機可能會稍微偏離頻率|以上皆是|您的電池電量不足
82-Third-tw-108|82|發射機或收發機中射頻負回饋的現象是什麼？|A|||傳輸出現亂碼、失真或無法解出的報告|天線連接處的駐波比過大|電源保險絲頻繁壞掉|發射機不會停留在所需的頻率上(發射頻偏)
83-Third-tw-108|83|誰可以透過業餘衛星或太空站進行通信？|C|||具有一等執照的業餘人員|具有一等執照的業餘人員同時也是業餘衛星協會的會員|其執照權限允許他們在衛星上行頻率上操作的任何業餘愛好者|具有衛星操作認證的二等執照或更高等級的業餘人員
84-Third-tw-108|84|在業餘衛星或太空站的上行鏈路頻率上操作時，應該使用多少發射功率？|C|||從不超過1瓦特|發射機的最大功率|完成聯繫所需的最小功率|不超過線性放大器額定值的一半
85-Third-tw-108|85|以下哪些內容是衛星追踪軟體可提供的項目？|D|||地圖顯示衛星軌道在地球上的即時位置|開始的時間、方位角和高度；最大高度；結束的時間、方位角和高度|衛星傳輸的確切頻率，包括杜卜勒位移的影響|以上皆是
86-Third-tw-108|86|哪些業餘電臺可以使用2公尺和70公分頻段的業餘無線電頻率與國際太空站上的業餘電臺聯繫？|A|||持有三等或更高級別業餘無線電執照的業餘愛好者|只有NASA設施的業餘無線電俱樂部的成員|只有火腿的太空人家屬|你不能在業餘無線電頻率上與國際太空站通話
87-Third-tw-108|87|什麼是衛星示標？|C|||衛星上的主發射天線|衛星上的反射表面|來自太空站所發射的衛星示標信號|指示器燈光指向你的天線位置
88-Third-tw-108|88|以下哪項是衛星追踪軟體所需要輸入項目？|A|||克卜勒元素|最後觀察到的零杜卜勒位移時間|以上皆是|衛星的重量
89-Third-tw-108|89|縮寫LEO是關於業餘衛星的什麼訊息？|B|||衛星電池處於低能耗工作(Low Energy Operation)模式|衛星處於低地球軌道(Low Earth Orbit)|衛星正在執行月球彈射軌道(Lunar Ejection Orbit)移動|衛星使用發光二極管(Light Emitting Optics)
90-Third-tw-108|90|向數位衛星發送信號和從數位衛星發送信號的常用方法是什麼？|C|||USB AFSK|PSK31|FM Packet|WSJT
91-Third-tw-108|91|使用以下哪種方法尋找隱藏的發射機？|C|||經校正的SWR儀|經校正雜訊電橋|定向天線|以上皆是
92-Third-tw-108|92|在特定時間內，儘可能跟很多電臺通聯的流行操作活動是什麼？|A|||比賽|空中網路操作|緊急災害演習|公眾服務活動
93-Third-tw-108|93|在無線電比賽中通聯另一個電臺時，以下哪一項是很好的程序？|A|||為正確識別和比賽交換需要，只發送最少的必要信息|以上皆是|呼叫該電臺兩次，以確定你的呼號確實登錄在他的通聯記錄中|如果有很多電臺搶著呼叫該電臺，應報自己呼號的最後兩個字母
94-Third-tw-108|94|什麼是網格定位器？|C|||用來中和後級放大器的儀器|指定給方位角和仰角的字母編號指示符號器|指定給地理位置的字母編號指示符號器|無線電測向儀器
95-Third-tw-108|95|傳輸無線遙控信號到無線電機時，允許的最大功率是多少？|A|||1 瓦特|25 瓦特|1500 瓦特|500 毫瓦特
96-Third-tw-108|96|業餘無線電臺在業餘無線電頻率發送信號時，須要標示什麼訊息以供識別？|B|||每10分鐘必須發送一次語音識別|必須在發射機標貼載有業餘無線人員的姓名、呼號和地址的標籤|在發射機天線必須貼上2.54公分高的字母或更大的電臺呼號的標誌|每小時必須發送一次摩爾斯電碼
97-Third-tw-108|97|以下哪一個是數據通信方法的例子？|C|||PSK31|MFSK|以上皆是|封包通訊
98-Third-tw-108|98|在業餘無線電數位傳輸的“APRS”是什麼的縮寫？|C|||Associated Public Radio Station|Advanced Polar Radio System|Automatic Packet Reporting System|Auto Planning Radio Set-up
99-Third-tw-108|99|當從行動業餘無線電臺發送自動位置報告時，下列什麼設備提供數據給發射機？|C|||車速表|WWV接收機|全球定位系統接收機|連接到FM副載波接收機
100-Third-tw-108|100|術語NTSC表示什麼類型的傳輸？|B|||地球衛星上行鏈路的特殊模式|類比快速掃描彩色電視信號|靜態電路中的正常傳輸模式|電視信號的框架壓縮格式
101-Third-tw-108|101|以下哪項是APRS（自動數據報告系統）的應用？|B|||提供有關連接到中繼電臺的電臺數量的訊息|提供附有地圖以顯示電臺位置的即時數位通信|自動顯示在特定時間間隔內通過PACTOR傳輸的數據包數量|透過中繼電臺與網際網路連接提供語音通信
102-Third-tw-108|102|PSK縮寫是什麼意思？|A|||相移鍵控(Phase Shift Keying)|階段滑動鍵控(Phased Slide Keying)|脈衝鍵控(Pulse Shift Keying)|封包短鍵控(Packet Short Keying)
103-Third-tw-108|103|什麼是PSK31？|A|||低速數據傳輸模式|壓縮數位電視信號的方法|高速數據傳輸模式|減少對FM信號的雜訊干擾的方法
104-Third-tw-108|104|數據封包傳輸中可能包含以下哪些內容？|C|||出現錯誤時自動重複請求|允許錯誤偵測檢查的校驗和(check sum)|以上皆是|包含要發送信息的電臺呼號的標題
105-Third-tw-108|105|在業餘頻帶發送CW時使用什麼代碼？|B|||海明|格雷|Baudot|國際摩爾斯
106-Third-tw-108|106|在業餘頻段，以下哪項可用於CW傳輸？|C|||直鍵(Straight Key)|電子鍵控器|以上皆是|電腦鍵盤
107-Third-tw-108|107|什麼是ARQ傳輸系統？|A|||當接收端偵測到錯誤時，會向發送端要求重發信息的數位方法|限於視頻信號的特殊傳輸格式|將資料壓縮在一則訊息的方法，可以在更短的時間內發送更多的信息|用於加密業餘無線電衛星命令信號的系統
108-Third-tw-108|108|哪一個是波束(beam)天線?|C|||由Clarence Beam發明的全向天線|反轉接收信號相位的天線|信號集中一個方向的天線|由鋁製I-beam構成的天線
109-Third-tw-108|109|以下哪一項是正確的垂直天線?|C|||相位反轉(reversed)|磁場垂直於地球|電場垂直於地球|相位反向(inverted)
110-Third-tw-108|110|以下哪一項描述是安裝的簡易偶極天線的導體平行於地球表面？|B|||菱形天線|水平極化天線|垂直極化天線|地波天線
111-Third-tw-108|111|大多數手持無線電設備的“橡皮”天線(rubber duck antenna)的缺點是什麼?|B|||以上皆是|不像全尺寸天線那樣有效傳輸或接收|圓極化信號傳輸|如果橡膠頂蓋脫落，它會很快散開
112-Third-tw-108|112|如何改變偶極天線使其在更高的頻率上發生共振?|D|||延長|增加電容負載到輻射線的末端|將線圈與輻射線串聯|縮短
113-Third-tw-108|113|1/4、八木與碟盤天線是什麼類型的天線?|B|||非共振天線|指向天線|等向性天線|環形天線
114-Third-tw-108|114|不在車內使用“橡皮”天線(rubber duck antenna)的理由是什麼？|A|||信號可能比在車外更弱|駐波比可能會減小，導致降低信號強度|以上皆是|這可能會導致您的無線電設備過熱
115-Third-tw-108|115|146百萬赫的四分之一波長垂直天線的近似長度（以公分為單位）是多少？|B|||280|50|30|127
116-Third-tw-108|116|6公尺1/2波長偶極天線的導線近似長度（以公分為單位）是多少?|A|||284|600|15|127
117-Third-tw-108|117|在自由空間，1/2波長偶極天線的輻射最強的方向是那裡?|B|||所有的方向皆相同|天線的寬邊側(broadside)|天線的兩個末端|在饋線的方向
118-Third-tw-108|118|什麼是天線的增益？|C|||與參考天線相比，接收或發射阻抗的增加|在比較高頻率發射時，天線損失的額外功率|與參考天線相比，指定方向的信號強度的增加|發射機電源所增加的額外功率
119-Third-tw-108|119|VHF/UHF行動服務使用正確安裝的5/8波長天線的理由是什麼?|A|||它比1/4波長天線提供更低的輻射角度和更多的增益天線，並提供更好的覆蓋範圍|5/8波長天線在1/4波長設計上提供10倍的功率增益|它具有非常高的輻射角度，更適合透過中繼電臺使用|5/8波長天線完全消除反射信號引起的失真
120-Third-tw-108|120|為什麼VHF或UHF行動天線通常要安裝在車頂中央？|A|||安裝車頂中央可以有最均勻的輻射方向|安裝車頂中央是最容易安裝的|安裝車頂中央可以保證垂直極化信號|安裝車頂中央可有最低的駐波比
121-Third-tw-108|121|以下哪個描述為天線的加載類型？|A|||在天線的輻射部分加入電感器，使電氣特性變長|在天線的輻射部分加入電阻器，使天線諧振|在天線底部安裝彈簧以吸收與其他物體碰撞的影響|增加天線重量可以在移動時抵抗風的影響
122-Third-tw-108|122|為什麼使用同軸電纜饋線天線系統的低駐波比很重要？|A|||功率有效傳輸與減少損失|減少電視干擾|延長天線壽命|以上皆是
123-Third-tw-108|123|業餘無線電設備最常用的同軸電纜的阻抗是多少？|B|||8 歐姆|50 歐姆|600 歐姆|75 歐姆
124-Third-tw-108|124|為什麼業餘無線電天線系統經常使用同軸電纜而不是任何其他饋線？|D|||比其他類型的饋線便宜|比其他類型的饋線損失少|可以處理比其他類型的饋線更多的功率|可以方便使用，且可以應用於某些特殊的安裝需求
125-Third-tw-108|125|天線調諧器的用途是什麼?|D|||有助於接收機自動調諧弱訊號電臺|允許天線使用在發送和接收|會自動為正在使用的頻段選擇合適的天線|將天線系統阻抗與收發機的輸出阻抗相匹配
126-Third-tw-108|126|當通過同軸電纜的信號頻率增加時，通常會如何?|C|||特性阻抗增加|駐波比增加|損失增加|反射功率增加
127-Third-tw-108|127|以下哪個連接頭最適合400百萬赫以上的頻率?|D|||UHF（PL-259 / SO-239）連接頭|RS-213連接頭|DB-25連接頭|N型連接頭
128-Third-tw-108|128|以下哪項對PL-259型同軸電纜連接器的描述是正確的?|D|||卡口式連接器|微波操作的首選|防水|通常用於HF頻率
129-Third-tw-108|129|為什麼暴露在空氣中的同軸電纜連接器應該密封防水？|D|||防止護套變鬆|防止對電話的干擾|以上皆是|防止饋線損失增加
130-Third-tw-108|130|什麼原因會導致駐波比讀數發生不穩定的變化？|D|||發射機正在調變|發射機過調變|其他電臺的干擾使你的信號失真|天線或饋線的連接處鬆動
131-Third-tw-108|131|同軸電纜RG-58和RG-8之間的電氣差異是什麼?|C|||這兩種類型沒有太大差異|RG-58可以承受更高的功率|RG-8在指定頻率下損耗較少|RG-58在指定頻率下損耗較少
132-Third-tw-108|132|以下哪種饋線在VHF和UHF時損耗最低?|D|||50歐姆柔性同軸電纜|75歐姆柔性同軸電纜|多導體非平衡電纜|空氣絕緣硬線
1-Third-tw-108|1|電流的度量單位是什麼？|B|||瓦特|安培|伏特|歐姆
2-Third-tw-108|2|電功率的度量單位是什麼？|B|||安培|瓦特|歐姆|伏特
3-Third-tw-108|3|在電路中電子流動的名稱為何者？|D|||電阻|電容|電壓|電流
4-Third-tw-108|4|電流的流動只有單一方向稱為何者？|B|||正常電流|直流電|平穩電流|交流電
5-Third-tw-108|5|造成電子流動的電動勢（Electromotive Force）的電氣術語稱為何者？|C|||安培小時|電感|電壓|電容
6-Third-tw-108|6|行動收發機通常需要用多少電壓？|B|||大約30 伏特|大約12 伏特|大約120 伏特|大約240 伏特
7-Third-tw-108|7|下列何者為良好導體？|A|||銅|玻璃|橡膠|木頭
8-Third-tw-108|8|下列何者為良好絕緣體？|C|||水銀|銅|玻璃|鋁
9-Third-tw-108|9|規律變換方向的電流的名稱是什麼？|D|||直流電流|環型電流|垂直電流|交流電流
10-Third-tw-108|10|以下哪一項描述電能的使用比率？|A|||電功率|電阻|電壓|電流
11-Third-tw-108|11|電動勢（Electromotive Force）的基本單位為何？|D|||瓦特|安培|歐姆|伏特
12-Third-tw-108|12|交流電每秒改變流動方向的次數稱為何者？|B|||速度|頻率|脈衝率|波長
13-Third-tw-108|13|1.5安培等於多少毫安培（毫安）？|A|||1500 毫安|150 毫安|15000 毫安|15 毫安
14-Third-tw-108|14|1,500,000赫無線電信號頻率也可以稱為何者？|A|||1500 千赫|1500 百萬赫|15 吉赫|150 千赫
15-Third-tw-108|15|1kV等於多少伏特？|C|||一千分之一 伏特|一百 伏特|一千 伏特|一百萬 伏特
16-Third-tw-108|16|1μV等於多少伏特？|B|||一百萬 伏特|一百萬分之一 伏特|一千分之一 伏特|一萬 伏特
17-Third-tw-108|17|500mW（毫瓦特）等於多少瓦特？|C|||5 瓦特|50 瓦特|0.5 瓦特|0.02 瓦特
18-Third-tw-108|18|使用以安培為單位的經校正安培表測量3,000毫安（毫安培）電流，其讀數會顯示多少？|C|||0.3 安培|0.003 安培|3 安培|3,000,000 安培
19-Third-tw-108|19|使用以百萬赫為單位校正的頻率讀值為3.525百萬赫，如果以千赫為單位校正的頻率讀值為何？|A|||3525 千赫|0.003525 千赫|3,525,000 千赫|35.25 千赫
20-Third-tw-108|20|1,000,000pF（皮法拉）等於多少μF（微法拉）？|B|||0.001 μF|1 μF|1,000 μF|1,000,000,000 μF
21-Third-tw-108|21|電功率由5瓦特增加至10瓦特的分貝值（dB）大約改變多少？|B|||5 dB|3 dB|10 dB|2 dB
22-Third-tw-108|22|電功率由12瓦特減少至3瓦特的分貝值（dB）大約改變多少？|B|||-1 dB|-6 dB|-3 dB|-9 dB
23-Third-tw-108|23|電功率由20瓦特增加至200瓦特的分貝值（dB）大約改變多少？|A|||10 dB|28 dB|12 dB|18 dB
24-Third-tw-108|24|下列何者與28,400千赫相等？|B|||2.800 百萬赫|28.400 百萬赫|284.00 百萬赫|28.400 千赫
25-Third-tw-108|25|頻率讀數顯示2,425百萬赫等於多少吉赫？|D|||0.002425 吉赫|24.25 吉赫|2,425 吉赫|2.425 吉赫
26-Third-tw-108|26|在電場儲存能量的能力稱做什麼？|C|||電感|容許度|電容|電阻
27-Third-tw-108|27|下列何者為電容的基本單位？|C|||歐姆|伏特|法拉|亨利
28-Third-tw-108|28|在磁場儲存能量的能力稱做什麼？|C|||電阻|電容|電感|導納
29-Third-tw-108|29|下列何者為電感的基本單位？|D|||庫倫|歐姆|法拉|亨利
30-Third-tw-108|30|下列何者為頻率的基本單位？|A|||赫茲|法拉|亨利|特斯拉
31-Third-tw-108|31|縮寫RF是代表什麼？|D|||真實發射頻率而不是外觀頻率|天線傳輸線中的反射力|調諧電路的共振頻率|各種射頻信號
32-Third-tw-108|32|經由空間傳播的電磁波，通稱為何？|B|||壓力波|無線電波|音波|重力波
33-Third-tw-108|33|計算直流電路的電功率是用哪個公式？|A|||電功率(P)=電壓(E)乘以電流(I)|電功率(P)=電壓(E)除以電流(I)|電功率(P)=電壓(E)加電流(I)|電功率(P)=電壓(E)減電流(I)
34-Third-tw-108|34|電路使用的電壓是直流13.8伏特(v)，電流是10安培，則電功率是多少？|D|||23.8 瓦特|0.7 瓦特|3.8 瓦特|138 瓦特
35-Third-tw-108|35|電路使用的電壓是直流12伏特(v)，電流是2.5安培，則電功率是多少？|C|||4.8 瓦特|14.5 瓦特|30 瓦特|0.208 瓦特
36-Third-tw-108|36|電路使用的電壓是直流12伏特(v)，負載是120瓦特，則通過的電流是多少安培？|D|||12 安培|132 安培|0.1 安培|10 安培
37-Third-tw-108|37|術語「阻抗」一詞是什麼意思？|D|||衡量元件的Q值或品質因數|衡量元件的電功率處理能力|電阻的倒數|衡量電路對交流電流的阻力
38-Third-tw-108|38|下列何者為阻抗的單位？|D|||伏特|庫倫|安培|歐姆
39-Third-tw-108|39|下列何者為計算電路電流的公式？|A|||電流(I)=電壓(E)除以電阻(R)|電流(I)=電壓(E)加電阻(R)|電流(I)=電壓(E)乘以電阻(R)|電流(I)=電壓(E)減電阻(R)
40-Third-tw-108|40|下列何者為計算電路電壓的公式？|A|||電壓(E)=電流(I)乘以電阻(R)|電壓(E)=電流(I)加電阻(R)|電壓(E)=電流(I)減電阻(R)|電壓(E)=電流(I)除以電阻(R)
41-Third-tw-108|41|下列何者為計算電路電阻的公式？|D|||電阻(R)= 電壓(E) 加電流(I)|電阻(R)= 電壓(E) 乘以電流(I)|電阻(R)= 電壓(E) 減電流(I)|電阻(R)= 電壓(E) 除以電流(I)
42-Third-tw-108|42|電阻器接上90伏特時有3安培電流通過，則電路電阻多大？|C|||93 歐姆|270 歐姆|30 歐姆|3 歐姆
43-Third-tw-108|43|電路接上12伏特時有1.5安培電流通過，則其電阻多大？|B|||18 歐姆|8 歐姆|13.5 歐姆|0.125 歐姆
44-Third-tw-108|44|電路接上12伏特電源有4安培電流通過，則其電阻多大？|A|||3 歐姆|8 歐姆|48 歐姆|16 歐姆
45-Third-tw-108|45|電路接120伏特時有80歐姆的電阻，則通過的電流是多大？|B|||200 安培|1.5 安培|0.667 安培|9,600 安培
46-Third-tw-108|46|100歐姆電阻器跨接在200伏特電壓，則通過的電流多大？|B|||100 安培|2 安培|0.5 安培|20,000 安培
47-Third-tw-108|47|24歐姆的電阻器跨接在240伏特電壓，則通過的電流多大？|C|||0.1 安培|24,000 安培|10 安培|216 安培
48-Third-tw-108|48|2歐姆電阻器通過0.5安培電流時，則電阻器二端的電壓是多少？|A|||1 伏特|1.5 伏特|0.25 伏特|2.5 伏特
49-Third-tw-108|49|10歐姆電阻器通過1安培電流時，則電阻器二端的電壓是多少？|A|||10 伏特|11 伏特|9 伏特|1 伏特
50-Third-tw-108|50|10歐姆電阻器通過2安培電流時，則電阻器二端的電壓是多少？|B|||12 伏特|20 伏特|8 伏特|0.2 伏特
51-Third-tw-108|51|在直流電路中，使用什麼電子元件會阻止電流流動？|A|||電阻器|電壓表|變壓器|電感器
52-Third-tw-108|52|什麼類型的元件經常用作可調的音量控制？|B|||功率電阻器|電位計|變壓器|固定電阻器
53-Third-tw-108|53|什麼電氣參數由電位計控制？|C|||感抗|容抗|阻抗|場強
54-Third-tw-108|54|什麼電氣元件在電場中儲存能量？|C|||電阻器|電感器|電容器|二極體
55-Third-tw-108|55|什麼類型的電氣元件由兩個或多個由絕緣體隔開的導電表面組成？|B|||振盪器|電容器|電位計|電阻器
56-Third-tw-108|56|什麼類型的電氣元件在磁場中存儲能量？|B|||電阻器|電感器|電容器|二極體
57-Third-tw-108|57|什麼電氣元件通常由線圈組成？|A|||電感器|開關|電容器|二極體
58-Third-tw-108|58|什麼電氣元件用於連接或斷開電路？|C|||磁控管|熱敏電阻器|開關|以上皆是
59-Third-tw-108|59|什麼電氣元件用於保護其他電路元件免受電流過載？|B|||電容器|保險絲|電感器|以上皆是
60-Third-tw-108|60|以下哪種電池類型可充電？|A|||以上皆是|鉛酸凝膠電池|鋰離子|鎳金屬氫化物
61-Third-tw-108|61|以下哪種電池類型不可充電？|D|||鋰離子|鉛酸|鎳鎘|碳鋅
62-Third-tw-108|62|哪類電子元件能夠使用電壓或電流信號來控制電流？|A|||電晶體|電阻器|電容器|電感器
63-Third-tw-108|63|什麼電子元件允許電流僅在一個方向上流動？|A|||二極體|被動元件|電阻器|保險絲
64-Third-tw-108|64|哪些元件可以用作電子開關或放大器？|D|||電壓表|振盪器|電位計|電晶體
65-Third-tw-108|65|下列哪些元件可以由三層半導體材料製成？|B|||交流發電機|電晶體|三極管|五極管
66-Third-tw-108|66|以下哪個電子元件可以放大信號？|A|||電晶體|電解電容器|多節電池|可變電阻器
67-Third-tw-108|67|通常如何識別半導體二極體的陰極引線？|A|||用條紋|用字母C|以上皆是|用陰極字
68-Third-tw-108|68|縮寫LED代表什麼？|B|||低發射二極體(Low Emission Diode)|發光二極體(Light Emitting Diode)|長迴聲延遲(Long Echo Delay)|液體發射檢測器(Liquid Emission Detector)
69-Third-tw-108|69|縮寫FET代表什麼？|B|||場發射厚度(Field Emission Thickness)|場效應電晶體(Field Effect Transistor)|自由電子躍遷(Free Electron Transition)|快速電子電晶體(Fast Electron Transistor)
70-Third-tw-108|70|什麼是二極體的兩個電極的名稱？|C|||源極和汲極|加號和減號|陽極和陰極|閘極和基極
71-Third-tw-108|71|PNP或NPN電晶體的三個電極是什麼？|A|||射極、基極和集極|源極、閘極和汲極|陰極、漂移腔和集極|陰極、柵極和屏極
72-Third-tw-108|72|什麼是場效應電晶體的三個電極？|C|||陰極、柵極和屏極|陰極、閘極和陽極|源極、閘極和汲極|射極、基極和集極
73-Third-tw-108|73|描述電晶體放大信號能力的術語是什麼？|D|||阻抗|順向阻抗|順向壓降|增益
74-Third-tw-108|74|電氣接線圖中，元件標準化表示的名稱是什麼？|A|||原理圖符號|灰色素描|元件標註|電氣描述
75-Third-tw-108|75|圖T-1中的元件1是什麼？|A|<img src='TW_T-1.png'/>||電阻器|電池|連接器|電晶體
76-Third-tw-108|76|圖T-1中的元件2是什麼？|A|<img src='TW_T-1.png'/>||電晶體|連接器|電阻器|指示燈
77-Third-tw-108|77|圖T-1中的元件3是什麼？|C|<img src='TW_T-1.png'/>||電阻器|接地符號|燈|電晶體
78-Third-tw-108|78|圖T-1中的元件4是什麼？|C|<img src='TW_T-1.png'/>||電阻器|電晶體|電池|接地符號
79-Third-tw-108|79|圖T-2中的元件6是什麼？|A|<img src='TW_T-2.png'/>||電容器|調節器IC|電阻器|電晶體
80-Third-tw-108|80|圖T-2中的元件8是什麼？|B|<img src='TW_T-2.png'/>||電阻器|發光二極管|電感器|調節器IC
81-Third-tw-108|81|圖T-2中的元件9是什麼？|C|<img src='TW_T-2.png'/>||可變電感器|可變變壓器|可變電阻器|可變電容器
82-Third-tw-108|82|圖T-2中的元件4是什麼？|A|<img src='TW_T-2.png'/>||變壓器|電位器|可變電感器|雙極開關
83-Third-tw-108|83|圖T-3中的元件3是什麼？|D|<img src='TW_T-3.png'/>||連接器|電表|可變電容器|可變電感器
84-Third-tw-108|84|圖T-3中的元件4是什麼？|D|<img src='TW_T-3.png'/>||接地|假負載|發射機|天線
85-Third-tw-108|85|電路圖上的符號代表什麼？|A|||電氣元件|數字代碼|交通節點|邏輯狀態
86-Third-tw-108|86|電路圖中準確地表示了以下哪項？|A|||元件的物理外觀|電線長度|元件的連接|以上皆是
87-Third-tw-108|87|下列哪種設備或電路改變交流電成不同的直流信號？|B|||放大器|整流器|變壓器|反射器
88-Third-tw-108|88|什麼最能描述繼電器？|B|||電流控制放大器|由電磁鐵控制的開關|傳輸電晶體|光學感應器
89-Third-tw-108|89|圖T-2中元件3代表什麼類型的開關？|A|<img src='TW_T-2.png'/>||單刀單擲|雙刀雙擲|單刀雙擲|雙刀單擲
90-Third-tw-108|90|以下哪項被用在數字刻度上顯示信號強度？|B|||電位計|電表|繼電器|電晶體
91-Third-tw-108|91|什麼類型的電路控制的電壓量來自電源？|D|||反向器|振盪器|過濾器|調節器
92-Third-tw-108|92|通常使用什麼元件將交流120伏特電流轉換為較低的交流電壓以用於其|B|||電晶體|變壓器|二極體|可變電容器
93-Third-tw-108|93|以下哪項通常被用作視覺指示器？|D|||場效應電晶體|齊納二極體|雙極電晶體|發光二極體
94-Third-tw-108|94|以下哪一項與電感器一起用來製作調諧電路？|D|||電阻器|電位計|齊納二極體|電容器
95-Third-tw-108|95|什麼是結合了許多半導體和其他設備到一個包裝的設備名稱？|B|||變壓器|積體電路|多極繼電器|傳感器
96-Third-tw-108|96|圖T-1中元件2的功能是什麼？|B|<img src='TW_T-1.png'/>||當電流流過發光|控制電流的流動|將電能轉換成無線電波|提供電能
97-Third-tw-108|97|什麼是簡單的諧振或調諧電路？|D|||電壓調節器|設計用於提供高傳真音頻的電路|用於降低駐波比的電阻電路|串聯或並聯形成濾波器的電感器和電容器
98-Third-tw-108|98|以下哪個專有名詞是描述接收機檢知信號存在的能力？|D|||線性|選擇性|總諧波失真|靈敏度
99-Third-tw-108|99|什麼是收發機？|A|||發射機和接收機的組合單元|天線開關的類型|天線匹配網路的類型|中繼電臺濾除不必要干擾的元件
100-Third-tw-108|100|以下哪一個是將無線電信號從一個頻率轉換為另一個？|D|||分相器|倒向器|放大器|混頻器
101-Third-tw-108|101|以下哪個專有名詞是描述接收機解析多組信號的能力|C|||靈敏度|解析度|選擇性|諧波失真
102-Third-tw-108|102|什麼是產生所要頻率的信號的電路名稱？|B|||電抗器|振盪器|乘積檢波器|低通濾波器
103-Third-tw-108|103|什麼設備會將低功率28 MHz SSB激發器的輸出產生222 MHz輸出信號？|C|||相位轉換器|低通濾波器|變頻器|高通濾波器
104-Third-tw-108|104|“PTT”是什麼意思？|C|||使用精確的音頻傳輸讓中繼器只能接受某些信號|用於匹配天線的主變壓調諧器|在接收和發送之間切換的按鍵通話功能|預發射調諧以減少發射機諧波發射
105-Third-tw-108|105|以下哪個專有名詞是描述將語音與射頻載波信號相結合？|D|||阻抗匹配|振盪|低通濾波|調變
106-Third-tw-108|106|以下哪種設備是對於VHF弱信號通信最有用？|D|||四分之一波長垂直天線|全向性天線|行動式VHF FM收發機|多種模式的VHF收發機
107-Third-tw-108|107|什麼設備增加了手持式收發機的低功率輸出？|A|||射頻功率放大器|阻抗網路|以上皆是|分壓器
108-Third-tw-108|108|RF前置放大器應該安裝在哪裡？|A|||在天線和接收機之間|在發射機功率放大器的輸出端|在接收機的音頻輸出端|發射機和天線調諧器之間
109-Third-tw-108|109|假負載的主要用途是什麼？|A|||防止測試時的信號輻射|防止發射機過調變|提高接收機的雜訊比|改善天線的輻射
110-Third-tw-108|110|以下哪種儀器可用於確定天線是否諧振在所需的工作頻率？|D|||頻率計數器|Q分析儀|真空管電壓計(VTVM)|天線分析儀
111-Third-tw-108|111|一般來說，駐波比（SWR）是什麼？|C|||饋線中高阻抗與低阻抗的比率|顯示您的電臺接地質量|衡量負載與傳輸線相匹配情形|發射機效率比
112-Third-tw-108|112|在SWR儀表上什麼讀數，表示天線和饋線之間的阻抗完美匹配？|D|||2:1|10:1|1:3|1:1
113-Third-tw-108|113|多數發射機中的保護電路開始降低發射機功率的近似SWR值是多少？|A|||2:1|10:1|6:1|1:2
114-Third-tw-108|114|SWR讀數4：1代表什麼意義？|C|||增益為+ 4dB|良好的阻抗匹配|阻抗不匹配|損失-4dB
115-Third-tw-108|115|饋線的電力損耗會發生什麼事？|D|||增加SWR|會反射回到您的發射機並可能導致損壞|可能會導致信號失真|被轉化成熱量
116-Third-tw-108|116|除了SWR儀表外，您可以使用什麼儀器來確定饋線和天線是否正確匹配？|D|||音聲調諧器|電壓表|歐姆表|方向功率表
117-Third-tw-108|117|以下哪項是同軸電纜故障的最常見原因？|B|||伽馬射線|受潮|超載|速度係數超過1.0
118-Third-tw-108|118|為什麼同軸電纜的外皮要抗紫外線？|B|||紫外線會增加電纜外皮的損耗|紫外線會損壞外皮並讓水進入電纜|紫外線和射頻信號可以混合在一起而造成干擾|防紫外線外皮可防止諧波輻射
119-Third-tw-108|119|與泡棉或固體介質類型同軸電纜相比，空氣絶緣同軸電纜的缺點是什麼？|C|||不能用於VHF或UHF天線|不能在低於冰點的溫度下使用|需要特殊的技術來防止進水|每公尺損失更多
120-Third-tw-108|120|以下哪一種是同軸電纜的常見用途？|C|||連接從終端節點控制器(TNC)到電腦的數據信號|傳送從車用電池到行動無線電臺的直流電|在無線電收發機和天線之間傳送射頻信號|在塔上固定桅杆、管道和其他圓柱形物體
121-Third-tw-108|121|假負載由什麼組成？|B|||低壓電源供應器和直流繼電器|無感電阻器和散熱器|高增益放大器和TR開關|用於終止傳輸線的50歐姆電抗
122-Third-tw-108|122|哪種儀器用於測量電位或電動勢(EMF)？|A|||電壓表|電流表|歐姆表|波長表
123-Third-tw-108|123|將電壓表連接到電路的正確方法是什麼？|B|||與電路同相|與電路並聯|與電路串聯|與電路正交
124-Third-tw-108|124|電流表通常如何連接到電路？|B|||與電路正交|與電路串聯|與電路並聯|與電路同相
125-Third-tw-108|125|哪種儀器用於測量電流？|A|||電流表|波長表|歐姆表|電壓表
126-Third-tw-108|126|哪種儀器用於測量電阻？|B|||示波器|歐姆表|雜訊電橋儀|頻譜分析儀
127-Third-tw-108|127|以下哪項可能會損壞萬用表？|C|||選擇範圍而言測量的電壓很小|使用前不熱機|嘗試選擇電阻選項來測量電壓|將儀表選項放置在量測毫安的項目整個晚上
128-Third-tw-108|128|通常使用萬用表測量以下哪些項目？|B|||阻抗和電抗|電壓和電阻|駐波比和發射功率|信號強度和雜訊
129-Third-tw-108|129|以下哪種材料最適合無線電收發機和電子焊接使用？|B|||銀焊劑|松香劑|酸性焊劑|鋁焊劑
130-Third-tw-108|130|冷焊的特徵是什麼？|B|||明亮或有光澤的表面|粒狀或無光澤的表面|深黑色斑點|綠色的色調
131-Third-tw-108|131|當歐姆表連接在無供電的電路上時，什麼原因導致剛開始歐姆表量測的電阻值較低，隨著時間的增長電阻值會增加？|A|||電路中有一個大電容|電路中有一個大電感|這是一個弛緩振盪器電路|歐姆表故障有問題
132-Third-tw-108|132|以下哪一種是振幅調變的形式？|D|||展頻|數據無線電|相位偏移調變|單邊帶
133-Third-tw-108|133|什麼類型的調變最常用於VHF數據無線電模式？|A|||調頻|單邊帶|展頻|振幅調變
134-Third-tw-108|134|哪種類型的語音模式最常用於VHF和UHF頻段的長距離通訊（弱信號）？|A|||單邊帶|數位無線廣播(DRM)|相位偏移調變|調頻
135-Third-tw-108|135|哪種類型的調變最常用於VHF和UHF語音中繼電臺？|D|||單邊帶|相位偏移調變|振幅調變|調頻
136-Third-tw-108|136|以下哪種發射類型的頻寬最窄？|C|||調頻語音|慢速掃瞄電視|電報|單邊帶語音
137-Third-tw-108|137|哪種邊帶通常用於10公尺HF、VHF和UHF單邊帶通信？|B|||下邊帶|上邊帶|抑制邊帶|倒轉邊帶
138-Third-tw-108|138|語音通訊使用單邊帶比FM好的原因是什麼？|D|||單邊帶信號不易受干擾|單邊帶信號更容易調諧|以上皆是|單邊帶信號具有較窄的帶寬
139-Third-tw-108|139|單邊帶語音信號的頻寬大概是多少？|B|||1 千赫|3 千赫|6 千赫|15 千赫
140-Third-tw-108|140|VHF 中繼電臺調頻語音信號的頻寬是多少？|A|||在10和15 千赫之間|低於500 赫|在50和125 千赫之間|大約150 千赫
141-Third-tw-108|141|在70公分頻帶，類比快速掃描電視傳輸的典型頻寬是多少？|B|||大約1 百萬赫|大約6 百萬赫|大約3 百萬赫|超過10 百萬赫
142-Third-tw-108|142|發送CW信號所需的最大頻寬是多少？|B|||15 千赫|150 赫|1 千赫|2.4 千赫
143-Third-tw-108|143|關於衛星通信，什麼是杜卜勒位移？|C|||衛星在一個頻段上接收信號並在另一個頻段上發射的模式|衛星軌道的變化|衛星和地球電臺之間的相對運動引起的信號頻率變化|某些衞星使用的特殊數位通信模式
144-Third-tw-108|144|衛星在U / V模式下運行的說法是什麼意思？|A|||衛星上行鏈路在70公分波段，下行鏈路在2公尺波段|衛星運行使用紫外線頻率|衛星上行鏈路在15公尺波段，下行鏈路在10公尺波段|衛星頻率通常是可變的
145-Third-tw-108|145|接收衛星信號時，會引起自旋衰落的原因是什麼？|B|||來自太陽輻射的圓極化雜訊干擾|衛星及其天線的旋轉|在衛星上行鏈路頻帶內干擾信號|接收信號的杜卜勒位移效應
1-Third-tw-108|1|用歐姆表測量電路中的電阻時，應採取以下哪些措施？|D|||確定電路工作是在正確的頻率|確定提供的電壓是正確的|確定電路有接地|確定電路是沒有供電的狀況
2-Third-tw-108|2|用電壓表測量高電壓時，應採取以下哪一項措施？|C|||確定電壓表具有非常低的阻抗|確定電壓是設定在正確的頻率|確定電壓表和測量線材是在額定電壓規格下使用|確定電路經由電壓表接地
3-Third-tw-108|3|以下哪項是12伏特蓄電池的安全隱憂？|D|||以上皆是|用手觸摸兩端可能會導致電擊|電池的射頻發射|端子短路會導致灼傷、起火或爆炸
4-Third-tw-108|4|流經身體的電流是如何造成傷害？|A|||以上皆是|破壞細胞的功能|導致不自主的肌肉收縮|加熱身體組織
5-Third-tw-108|5|連接到三孔交流插頭中的綠線是什麼？|D|||白線|火線|中性線|接地線
6-Third-tw-108|6|電路中保險絲的用途是什麼？|C|||防止電源雜訊損壞電路|限制電流以防止電擊|在過載情況下中斷電源|以上皆是
7-Third-tw-108|7|為什麼在5安培的保險絲處安裝20安培的保險絲是不可以的？|B|||較大的保險絲可能會因為額定值較高而燒斷|電流過大可能會引起火災|電源波動會增加|以上皆是
8-Third-tw-108|8|在您的電臺裡什麼是防止觸電的好方法？|A|||以上皆是|將電臺的所有交流電設備連接到一個共用的安全地線|使用由接地故障斷路器保護的電路|將電臺的所有交流電設備改用三線式電源線和三孔插頭
9-Third-tw-108|9|在同軸電纜饋線安裝避雷裝置時，應採取哪些預防措施？|D|||為每個保護器安裝一個並聯旁路開關，以便在高功率運行時將其切離電路|在每個保護器的地線安裝一個串聯開關，以防止發射過載時，無意中損壞保護器|將每個保護器的接地線分開，並連接到電臺接地|將所有保護器接地到共用的接地板，再將這塊接地板連接到外部接地
10-Third-tw-108|10|由120伏特交流電源電路供電的自製設備應該包含哪些安全設備？|D|||與交流電電源串聯的電感器|交流電源上的電容器|輸入電源上的交流電壓表|與交流電火線串聯的保險絲或斷路器
11-Third-tw-108|11|傳統的12伏特蓄電池會有什麼的危害？|C|||它會釋放出對大氣有害的臭氧|以上皆是|如果通風不良，爆炸性氣體會累積|高電壓引起的衝擊危險
12-Third-tw-108|12|如果鉛酸蓄電池充電或放電太快會發生什麼事情？|D|||以上皆是|記憶效應會降低電池的容量|電壓可能會反轉|電池可能會過熱，並放出易燃氣體或爆炸
13-Third-tw-108|13|電源關閉和斷開時，可能存在哪種危險？|B|||變壓器內部的循環電流可能會導致損壞|可能會因儲存在大容量電容器中的電量而受到電擊|靜電可能會損壞接地系統|如果取下蓋子，保險絲可能會熔斷
14-Third-tw-108|14|在鐵塔工作時人員應該何時配戴安全帽和安全眼鏡？|C|||除攀登鐵塔外的所有時間|除牢靠固定到鐵塔外的所有時間|在鐵塔上完成工作的所有時間|只有當塔高超過10公尺時
15-Third-tw-108|15|攀登天線鐵塔之前，需要注意那些預防措施？|B|||確定有佩戴接地腕帶|穿上安全背帶和安全眼鏡|以上皆是|移除所有的鐵塔接地連接線
16-Third-tw-108|16|在沒有其他人員協助的情況下，攀登鐵塔時，什麼情況是安全的？|D|||未進行電氣工作時|未進行機械工作時|工作的高度不超過地面6公尺|以上皆非
17-Third-tw-108|17|安裝天線鐵塔時，以下哪項是重要的安全防範措施？|C|||絶緣鐵塔基座以避免雷擊|始終佩戴連接手腕的接地帶|尋找並清除任何上方電線|以上皆是
18-Third-tw-108|18|起重吊杆的目的是什麼？|B|||暫時更換拉線|吊升塔節或天線|提供臨時接地|用於代替安全帶
19-Third-tw-108|19|安裝天線時，與電力線的最小安全距離是多少？|C|||電力線離地面的高度|工作頻率的1/2波長|假如天線意外掉落，天線必須要離電力線超過3公尺|你的房屋的一半寬度
20-Third-tw-108|20|以下哪項是使用曲軸(crank-up)塔時，要記住的重要安全規則？|C|||以上皆是|這種類型的塔絕對不能接地|除非它處於完全縮回的位置，否則絕不能攀爬這種類型的塔|這種類型的塔絕不能塗漆
21-Third-tw-108|21|以下哪項是鐵塔正確接地的方法？|D|||一個鐵氧體磁環連接在塔和地面之間|一支1.3公尺的接地棒，從地面打到地基不超過30公分|將鐵塔基座和冷水管連接|在鐵塔底部每個支撐點分別安裝2.7公尺長的接地棒，將每支接地棒都連接到鐵塔
22-Third-tw-108|22|為什麼要避免將天線安裝到電線桿？|A|||天線會接觸到高壓電線|以上皆是|由於感應電壓，天線不能正常工作|公用事業公司將向您收取額外的月費
23-Third-tw-108|23|關於防雷所使用的接地導體，以下哪項是正確的？|C|||必須避免共用接地|只能使用非絕緣電線|導線避免過大的彎曲|必須用精確的直角彎曲的導線小心地佈線
24-Third-tw-108|24|為防護雷擊在鐵塔安裝地線時，以下哪項是最佳做法？|B|||以上皆是|確保接地線連接短而直接|在接地連接處安裝一個迴路，以防止水對地面系統造成損害|確保地線中的所有彎頭都是乾淨的、直角彎曲
25-Third-tw-108|25|VHF和UHF無線電信號是什麼類型的輻射？|C|||游離輻射|阿爾法輻射|非游離輻射|伽瑪輻射
26-Third-tw-108|26|以下哪個頻率具有最大允許暴露限值的最低值？|C|||440 百萬赫|3.5 百萬赫|50 百萬赫|1296 百萬赫
27-Third-tw-108|27|電臺在發射檢查評估之前，業餘無線電臺在VHF頻率下可以使用的最大功率是多少？|B|||1瓦特的順向功率|25瓦特(PEP) 在天線端|50瓦特(PEP)的反射功率|1500瓦特(PEP) 發射機輸出端
28-Third-tw-108|28|什麼因素會影響人員接近業餘電臺天線的電磁暴露(RF exposure)？|B|||天線的輻射場型|以上皆是|輻射場強的頻率和功率|從天線到人的距離
29-Third-tw-108|29|為什麼暴露限制隨頻率而變化？|C|||本質上，更高頻率的射頻場強是瞬態的|較低頻率的射頻場強不能穿透人體|人體在某些頻率比其他頻率吸收更多的射頻能量|較低頻率的射頻場強比較高頻率的射頻場強具有更多的能量
30-Third-tw-108|30|如果有人意外觸摸了你發射中的天線會發生什麼？|C|||觸摸天線可能會造成電視干擾|他們可能會發生輻射中毒|他們可能會受到射頻燒傷|以上皆是
31-Third-tw-108|31|業餘無線電人員可採取以下哪些措施來防止射頻輻射超過我國的電磁暴|A|||重新安置天線|重新安置發射機|以上皆是|增加工作週期
32-Third-tw-108|32|如何確保您的電臺符合射頻安全規定？|B|||以上皆是|每當異動設備的元件時，重新評估電臺的射頻安全規定|確保天線系統是低駐波比|通知NCC您的電臺進行的任何更改
33-Third-tw-108|33|為什麼工作週期是用來確定安全射頻輻射暴露限值的因素之一？|A|||工作週期影響人們對輻射的暴露的平均值|工作週期影響人們對輻射的暴露的峰值|工作週期考慮到天線饋線損耗|工作週期考慮了放大器的熱效應
34-Third-tw-108|34|射頻暴露平均時間內工作週期的定義是什麼？|C|||發射機的最低功率輸出與最高功率輸出之間的差異|發射機未發射的時間百分比|發射機發射的時間百分比|發射機的PEP和平均功率輸出之間的差異
35-Third-tw-108|35|射頻輻射與游離輻射（放射性）有什麼不同？|A|||射頻輻射沒有足夠的能量來引起基因的損傷|射頻輻射只能用射頻計量計檢測|射頻輻射範圍限制在幾公尺|射頻輻射非常安全
36-Third-tw-108|36|當暴露的平均時間是6分鐘，如果信號在整個6分鐘內，出現3分鐘、消失3分鐘，則允許多少功率密度？|B|||3倍|2倍|不允許調整更短的暴露時間|一樣多
1-Third-tw-108|1|您可使用下列哪種方式來防止因為射頻電流在有屏蔽的麥克風電纜線流通而產生的音頻失真？|A|||鐵氧體扼流圈(Ferrite choke)|前置放大器(Preamplifier)|帶通濾波器(Band-pass filter)|低通濾波器(Low-pass filter)
2-Third-tw-108|2|在行動電臺收發機收到的音頻中，伴隨著引擎速度變化產生的高亢嘶嘶聲的來源為何？|A|||交流發電機|防鎖死煞車系統控制器|點火系統|電子的燃油泵
3-Third-tw-108|3|行動電臺的收發機上的電源線的負迴路端應該接至何處？|C|||接至收發機的支架上|接在車輛上的任何金屬部分|接在電池或引擎之接地帶上|在天線的固定底座上
4-Third-tw-108|4|如有其他電臺控制員說你的行動電臺的發射機的音頻有變動的高亢嘶嘶聲時，可能會是何種情況？|C|||你務必去調整制躁(squelch)控制鈕|你的麥克風傳來窗外的噪音|車輛電氣系統的噪音經由你的語音音頻一併發射出來|你接收機的音量設定的太高
5-Third-tw-108|5|如果發射機的麥克風增益設定過高時，將會產生何事？|D|||輸出功率也許過高|頻率可能變化不定|SWR駐波比可能增高|輸出信號可能失真
6-Third-tw-108|6|下列哪一項描述了一般所謂的”中繼偏移”？|C|||匹配天線阻抗與饋電電纜阻抗|中繼電臺定時器重置前的延滯時間|中繼電臺的發射與接收頻率間的差異|中繼電臺的發射與接收天線之間的距離
7-Third-tw-108|7|自動增益控制(AGC)之功能為何？|C|||保護天線避免雷擊|消除電臺佈線的射頻|保持接收音頻相對比較的穩定|用於匹配天線的非對稱性的測角儀控制
8-Third-tw-108|8|以下哪一項是使用屏蔽線的常見原因？|D|||將導線連接到其他信號|降低直流電源連接的電阻|防止不必要信號耦合到導線或從導線耦合|增加導線的載流能力
9-Third-tw-108|9|如果您被告知您的FM手持式或行動收發機過度偏移，您可以做什麼？|C|||對著麥克風大聲說話|讓收發機冷卻降溫|遠離麥克風說話|切換到高功率
10-Third-tw-108|10|什麼會導致AM或FM無線電廣播無意中收到業餘無線電傳輸？|A|||接收機無法阻擋AM或FM頻段以外的強信號|發射機的音頻放大器過載|調頻發射機的偏差設置得太低|發射機的麥克風增益過高
1-Third-tw-108|1|下列何者是符合NCC關於妨害性干擾的定義?|A|||嚴重降低、阻礙或重覆性中斷操作於符合法規電臺的無線電通訊服務|暴風雨所產生的靜電|不必要的無線電傳輸對於無線電臺內設備造成財產損害|干擾使用者中繼臺之無線電傳輸
2-Third-tw-108|2|下列何者應受到保護，免於受業餘無線電的訊號干擾?|C|||行動電話|廣播電視|無線電導航|市民無線電
3-Third-tw-108|3|何時允許有意的干擾其他業餘電臺?|A|||任何時候都不可以|僅只於比賽時|任何時候，業餘電臺都不受到有意的干擾的保護|只有在其他友台發表極端的宗教或政治看法時
4-Third-tw-108|4|當你正在操作70公分波段，干擾到無線電定位電臺時，你應採取什麼措施？|A|||停止操作並採取行動消除任何有害的干擾|連絡上該定位電臺並要求他們改變頻率|改成電報模式，因為這樣比較不會造成干擾|無動於衷，因為這個波段是專門保留給業餘無線電的
5-Third-tw-108|5|甚麼會導致你的FM訊號干擾鄰近頻率的電臺?|B|||SWR太高|麥克風的增益過強導致過度偏移|不正確的CTCSS音頻|以上皆是
6-Third-tw-108|6|下列何者適用於兩個電臺在同一頻率發射時互相干擾的情況?|D|||誰有最強的訊，號誰就優先|待在頻率上越久的電臺就有優先權|訊號微弱的電臺有優先權|應該遵循日常的禮儀，但是沒有電臺有絕對的優先
7-Third-tw-108|7|下列何種Q信號代表你正受到其他電臺的干擾|B|||QTH|QRM|QRN|QSB
8-Third-tw-108|8|以下哪一項可降低接收機受到的點火干擾？|B|||減少制躁設定|把噪音消除器打開|使用RIT控制|稍微將頻率變動一下
9-Third-tw-108|9|為了將SSB接收作業的噪音及干擾極小化，下面哪一項是較為適用的接收濾波器頻寬選項？|B|||5000 赫|2400 赫|500 赫|1000 赫
10-Third-tw-108|10|為了將CW接收作業的噪音及干擾極小化，下面哪一項是較為適用的接收濾波器頻寬選項？|D|||1000 赫|5000 赫|2400 赫|500 赫
11-Third-tw-108|11|以下哪項可能是射頻干擾的原因？|C|||諧波|混附發射|以上皆是|基本超載
12-Third-tw-108|12|以下哪一項是減少或消除業餘發射機對附近電話的干擾的方法？|B|||濾波器裝在發射機上|在電話機裝一個射頻濾波器|減少發射機發射的駐波比|降低麥克風增益
13-Third-tw-108|13|如何減少或消除業餘無線電信號對非業餘無線電或電視機造成的過載？|C|||將發射機切換到窄頻模式|將發射機從FM模式切換到SSB模式|在受影響的接收機天線輸入端用濾波器阻擋業餘信號|用業餘發射機上的濾波器阻止干擾信號
14-Third-tw-108|14|如果鄰居告訴您，您的電臺的操作正在干擾他們的收音機或電視，您應採取以下哪種行動？|A|||確保您的電臺工作正常情形下，不會對調諧到同一頻道的你的收音機或電視機造成干擾|立即關閉發射機並聯繫離您最近的NCC辦事處尋求幫助|告訴他們您的許可證授予您操作權並且無法做任何改變來減少干擾|在發射機的輸出端安裝一個諧波倍增器並對其進行調諧，直至消除干擾
15-Third-tw-108|15|以下哪項可能有助於修正射頻干擾問題？|A|||以上皆是|咬合鐵氧體扼流圈|帶阻濾波器和帶通濾波器|低通和高通濾波器
16-Third-tw-108|16|如果鄰居家裡的東西對你的業餘電臺造成妨害性干擾，你應該怎麼做？|D|||和你的鄰居一起確定造成的設備|檢查你的電臺設備，並確保它符合良好的業餘準則標準|有禮貌地通知您的鄰居不要使用導致干擾的設備的相關規定|以上皆是
17-Third-tw-108|17|解決業餘無線電干擾有線電視的第一步是什麼？|A|||確保正確安裝所有電視同軸連接器|在電視天線輸入端添加一個低通濾波器|在電視天線輸入端添加一個高通濾波器|將前置放大器添加到電視天線輸入