LK0001|2a2b3bb7ed95|我国现行法律体系中专门针对无线电管理的最高法律文件及其立法机关是：|D|||中华人民共和国业余无线电台管理办法，工业和信息化部|中华人民共和国无线电管理办法，工业和信息化部|中华人民共和国电信条例，国务院|中华人民共和国无线电管理条例，国务院和中央军委
LK0002|299e9aca98e0|我国现行法律体系中专门针对业余无线电台管理的最高法律文件及其立法机关是：|A|||业余无线电台管理办法，工业和信息化部|中华人民共和国电信条例，国务院|个人业余无线电台管理暂行办法，国家体委和国家无委|业余无线电台管理暂行规定，国家体委和国家无委
LK0003|52bfd2fadd67|我国的无线电主管部门是：|A|||各级无线电管理机构|各级体育管理机构|各地电信管理局|各地业余无线电协会
LK0004|e34bf087a2c7|我国依法负责对业余无线电台实施监督管理的机构是：|B|||在国家或地方民政部门注册的业余无线电协会|国家无线电管理机构和地方无线电管理机构|国家和地方公安部门|国家体育管理机构和地方体育管理机构
LK0005|5c26e68614c3|《业余无线电台管理办法》所说的“地方无线电管理机构”指的是：|D|||地方业余无线电协会或者类似组织机构|各地方与无线电设备生产销售和无线电应用有关的行政管理机构|地市县（区）及以下各级无线电管理机构|省、自治区、直辖市无线电管理机构
LK0011|ee9bdb65212a|国家鼓励和支持业余无线电台开展下列活动：|B|||休闲娱乐性交谈|无线电通信技术研究、普及活动以及突发重大自然灾害等紧急情况下的应急通信活动|机动车辆行车服务性通信活动|作为日常公益活动的通信工具
LK0012|cfe734b1602e|关于业余电台管理的正确说法是：|B|||在业余电台与其他业务电台遇到干扰纠纷时无条件优先保护其他业务电台|依法设置的业余无线电台受国家法律保护|业余无线电爱好者的一切行为都受国家法律保护|通过法律手段限制业余无线电台的设置
LK0104|b571c52a0ba8|无线电频率的使用必须得到各级无线电管理机构的批准，基本依据是“无线电频谱资源属于国家所有”，出自于下列法律：|D|||中华人民共和国刑法|中华人民共和国民法通则|中华人民共和国电信法|中华人民共和国物权法
LK0007|941336a8f47f|我国对无线电管理术语“业余业务”、“卫星业余业务”和“业余无线电台”做出具体定义的法规文件是|A|||中华人民共和国无线电频率划分规定|中华人民共和国无线电管理条例|无线电台执照管理规定|中华人民共和国电信条例
LK0008|39c5eb22bb0e|业余电台的法定用途为：|A|||供业余无线电爱好者进行自我训练、相互通信和技术研究|供公民在业余时间进行与个人生活事务有关的通信|供公民在业余时间进行休闲娱乐|供私家车主或者相应组织作为行车安全保障和途中消遣工具
LK0111|81f69ffdba2f|无线电业余业务是供业余无线电爱好者作下列用途的无线电通信业务：|D|||娱乐休闲、报告路况和公益服务|技术教学、民兵训练和公益通信|救灾抢险、车队联络和技术学习|自我训练、相互通信和技术研究
LK0009|0ba975dc7ef7|业余无线电台供下列人群设置和使用：|A|||业余无线电爱好者，即经正式批准的、对无线电技术有兴趣的人，其兴趣纯系个人爱好而不涉及谋取利润|对用无线电台解决日常通信有实际需求的任何公民、社团和单位|对无线电技术不感兴趣，但希望把业余无线电台用于业余消遣的公民|业余无线电爱好者，即任何对无线电技术有兴趣的人
LK0051|3de989725e3d|“我不是业余无线电爱好者，申请设置业余电台只是为了行车方便，不需要遵守业余无线电的规范”。这种说法：|C|||有一定道理，既然行车通信有需求，法规管理应该迎合个人需求|很难说对错，业余电台的定义可以因人而异|是错误的，也是不具备“熟悉无线电管理规定”设台条件的表现|有一定道理，只要是遵守规定，业余电台也可以为非业余无线电爱好者所用
LK0052|87b5f3c8e3e9|个人提出设置使用业余无线电台申请，就是表示自己对无线电技术发生了兴趣，确认了自己在有关业余无线电台活动中的身份是：|C|||其他职业人员，但不是业余无线电爱好者|汽车俱乐部会员，但不是业余无线电爱好者|业余无线电爱好者，但可以是正在起步的初学者|旅游爱好者，但不是业余无线电爱好者
LK0112|cd8d9fbcd981|符合业余无线电爱好者基本条件的人群是：|A|||对无线电技术有兴趣并经无线电管理机构批准设置使用业余无线电台的人|拥有较高无线电技术水平并加入业余无线电协会的人|任何对无线电技术有兴趣的公民|对无线电技术有兴趣并加入业余无线电协会的人
LK0013|835fd7bafd36|不同类别业余无线电台的主要区别在于：|B|||设置和操作人员的业余无线电知识和技术水平|允许发射的频率范围和最大发射功率|所用业余无线电台的天线的高度和长度|所用业余无线电台设备的功能和价格
LK0014|78c7d1ea7590|A类业余无线电台允许发射的发射频率为：|D|||各VHF和UHF频段|各业余业务和卫星业余业务频段|所有VHF和UHF频段|30-3000MHz范围内的各业余业务和卫星业余业务频段
LK0017|c9121cb783af|A类业余无线电台允许发射的最大发射功率为不大于：|B|||30MHz以上业余频段不大于100瓦，30MHz以下业余频段不大于25瓦|25瓦|100瓦|30MHz以下业余频段不大于100瓦，30MHz以上业余频段不大于25瓦
LK0026|fa46b05da2e4|个人申请设置具有发信功能的业余无线电台的年龄条件是：|B|||年满十四周岁|年满十八周岁|具备《业余无线电台操作证书》者申请设置业余无线电台不受年龄限制|年满十六周岁
LK0027|8c684f50e5c5|独立操作具有发信功能业余无线电台的年龄条件是：|A|||具备《业余无线电台操作证书》者操作业余无线电台不受年龄限制|年满十六周岁|年满十四周岁|年满十八周岁
LK0041|0dbad81534b1|申请设置业余无线电台应当具备的条件有：|A|||熟悉无线电管理规定、具备国家规定的操作技术能力、发射设备符合国家技术标准、法律和行政法规规定的其他条件|熟悉无线电管理规定、具备国家规定的操作技术能力、发射设备符合国家技术标准、当地无线电管理机构委托的受理机构设置的其他条件|加入指定协会、具备当地无线电管理机构规定的操作技术能力、发射设备符合国家技术标准、法律和行政法规规定的其他条件|熟悉无线电管理规定、具备当地无线电管理机构委托的考试机构设置的操作技术能力标准、发射设备符合国家技术标准、法律和行政法规规定的其他条件
LK0042|19cb9a7f5448|使用业余无线电台应当具备的条件有：|A|||熟悉无线电管理规定、具备国家规定的操作技术能力并取得相应操作技术能力证明|使用具有发信功能的业余无线电台的，应当年满十八周岁|具备国家或地方无线电管理机构核发的业余无线电台执照|熟悉无线电管理规定、实际上具备国家规定的操作技术能力但不必需取得相应的证明
LK0020|0b9c5330c854|负责组织A类和B类业余无线电台所需操作技术能力的验证的机构是：|D|||地方教育、体育机构及其相关民间组织|地方业余无线电协会|地方无线电管理机构（或其委托单位）|国家无线电管理机构和地方无线电管理机构（或其委托单位）
LK0022|48c280a84c97|2013年1月1日以后新获得的各类业余无线电台操作技术能力证明文件是：|D|||地方无线电协会或者其他业余无线电民间组织出具的盖有公章的证明信件|地方无线电协会或者其他业余无线电民间组织颁发的“业余无线电台操作证书”|中国无线电运动协会颁发的“业余无线电台操作证书”|中国无线电协会颁发的“业余无线电台操作证书”
LK0043|e309df7cd43e|申请设置和使用业余无线电台的条件所规定的“具备国家规定的操作技术能力”，其标志为：|A|||取得相应操作技术能力证明，即中国无线电协会颁发的业余无线电台操作证书|境外无线电管理机构颁发或者开具的业余无线电台执照或证书也可以作为具备国家规定的操作技术能力的证明|业余无线电爱好者公认具备国家规定的操作技术能力的人，可以免交相应的操作技术能力证明|取得相应操作技术能力证明，即地方业余无线电协会所颁发的业余无线电台操作证书
LK0006|c83190ef71ed|合法设置业余电台的必要步骤是：|A|||按《业余无线电台管理办法》的规定办理设置审批手续，并取得业余电台执照|加入指定的业余无线电民间组织,并按其章程规定的办法办理申请手续|经过业余无线电协会或无线电运动协会同意|经过所在单位或居委会批准
LK0010|ec87145c3db6|按照《业余电台管理办法》规定，申请设置使用配备有多台业余无线电发射设备的业余无线电台，应该：|A|||视为一个业余电台，指配一个电台呼号，但所有设备均应经过核定并将参数载入电台执照|视为一个业余电台，指配一个电台呼号，每个频段选择一台设备加以核定并将参数载入电台执照|视为一个业余电台，指配一个电台呼号，其中只需有一台设备加以核定并将参数载入电台执照|每台设备视为一个业余电台，各指配一个电台呼号，并都应经过核定并将参数载入电台执照
LK0023|6a87e04dab9c|个人申请设置业余无线电台应当提交的书面材料为：|A|||两种表格，身份证和操作证书的原件、复印件|三种表格，身份证的原件、复印件|本人写的申请书，身份证和操作证书的原件、复印件|一种表格，身份证和操作证书的原件、复印件
LK0028|a2518b72822b|申请设置下列业余无线电台时应在《业余无线电台设置（变更）申请表》 的“台站种类”选择“特殊”类：|D|||需要到外地移动操作的手持台|用于业余卫星通信的地面业余无线电台|移动操作的车载台|中继台、信标台、空间台
LK0029|ad0af9237254|申请设置信标台、空间台和技术参数需要超出管理办法规定的特殊业余电台的办法为：|D|||先按设置一般业余电台的办法申请，然后再到本地无线电管理机构办理变更执照核定内容|按照设置一般业余电台的办法申请即可，然后根据需要操作就可以|必须由地方业余无线电协会作为申请单位，经本地无线电管理机构办理批准设台|在《业余无线电台设置（变更）申请表》 的“台站种类”选择“特殊”类，由地方无线电管理机构受理和初审后交国家无线电管理机构审批
LK0030|20c7fd54950d|负责受理设置业余无线电台申请的机构为：|A|||设台地地方无线电管理机构或其正式委托的代理受理服务机构|任何地方业余无线电民间组织|中国无线电协会|国家无线电管理机构
LK0031|453a7bc67e55|设置在省、自治区、直辖市范围内通信的业余无线电台，审批机构为：|B|||设台地的地方无线电管理机构所委托的其他单位|设台地的地方无线电管理机构|设台地的地方无线电民间机构|国家无线电管理机构
LK0032|02abfe0752ad|设置通信范围涉及两个以上的省、自治区、直辖市或者涉及境外的一般业余无线电台，审批机构是下列中：|D|||设台地的地方无线电民间组织|设台地地方无线电管理机构|国家无线电管理机构委托的设台地地方无线电民间组织|国家无线电管理机构或其委托的设台地的地方无线电管理机构
LK0033|1be6c4f5576f|按照在省、自治区、直辖市范围内通信所申请设置的业余无线电台，如想要将通信范围扩大至涉及两个以上的省、自治区、直辖市或者涉及境外，或者要到设台地以外进行异地发射操作，须办理下列手续：|B|||只要不会被发现，可以不申请办理变更手续，悄悄越限操作|事先向核发执照的无线电管理机构申请办理变更手续，按相关流程经国家无线电管理机构或其委托的设台地的地方无线电管理机构批准后，换发业余无线电台执照|反正已经有了电台执照，可先扩大操作起来，等执照有效期届满时再申请办理变更手续，换发业余无线电台执照|反正已经有了电台执照，只需向核发执照的无线电管理机构通报变更情况即可，不必申请办理变更和换发执照
LK0044|ff2145512120|业余无线电台执照有效期届满后需要继续使用的，应当在下列期限内向核发执照的无线电管理机构申请办理延续手续：|B|||有效期届满一个月之内|有效期届满一个月前|有效期届满二十天前|有效期届满三个月之内
LK0045|bf68d525ab4b|因改进或调整业余发射设备使业余无线电台的技术参数超出其业余无线电台执照所核定的范围时，应当办理下列手续：|D|||只要设备型号和产品序列号没有改变，不必申请办理变更手续|等执照有效期届满时向核发执照的无线电管理机构申请办理变更手续，换发业余无线电台执照|只需及时向核发执照的无线电管理机构通报变更情况，进行备案即可|及时向核发执照的无线电管理机构申请办理变更手续，换发业余无线电台执照
LK0046|d2c966b4f90c|终止使用业余无线电台的，应当向下列机构申请注销执照：|C|||受国家无线电管理机构委托的全国性业余无线电民间组织|受国家无线电管理机构委托的地方业余无线电民间组织|核发业余无线电台执照的无线电管理机构|国家无线电管理机构
LK0089|1b7ee0213550|经地方无线电管理机构批准设置的业余无线电台，设台地迁入其他省、自治区或者直辖市时，应办理的手续为：|D|||持原电台执照直接到原核发执照的无线电管理机构申请办理变更手续|持原电台执照直接到迁入地的地方无线电管理机构申请办理变更手续|不需要办理任何手续|先到原核发执照的无线电管理机构办理申请注销原业余无线电台，再到迁入地的地方无线电管理机构办理申请设置业余无线电台的手续
LK0090|c5d0c73a4b44|经国家无线电管理机构批准设置的业余无线电台，设台地迁入其他省、自治区或者直辖市时，应办理的手续为：|A|||先到原核发执照的无线电管理机构申请办理注销手续，缴回原电台执照，领取国家无线电管理机构已批准设台的证明，凭证明到迁入地的地方无线电管理机构完成申请变更手续，领取新电台执照|持原电台执照直接到迁入地的地方无线电管理机构申请办理变更手续|不需要办理任何手续|持原电台执照直接到原核发执照的无线电管理机构申请办理变更手续
LK0024|1a0cc7188cc2|业余无线电台专用无线电发射设备的重要特征是：|C|||必须具有数字对讲方式|发射频率必须覆盖所有业余频段|发射频率不得超出业余频段|发射方式必须包含调频
LK0025|097ee5eccd46|业余无线电发射设备的下列指标必须符合国家的相关规定：|A|||频率容限和杂散域发射功率|频率调制频偏和调制度|频率容限和带外发射|指配频带和必要带宽
LK0038|b8f61402e891|业余无线电台使用的发射设备必须符合下列条件：|C|||国产商品设备应当具备《无线电发射设备型号核准证》，国外商品设备符合国际流行技术标准即可|商品设备应当具备《无线电发射设备型号核准证》，自制、改装、拼装设备不受限制|商品设备应当具备《无线电发射设备型号核准证》，自制、改装、拼装设备应通过国家相关技术标准的检测|必须具备《无线电发射设备型号核准证》
LK0039|a3be30cb45bd|对业余无线电台专用无线电发射设备进行型号核准的依据为：|B|||经国家认证的检测单位所制订的技术标准|国家《无线电频率划分规定》中有关无线电发射设备技术指标的规定|地方无线电管理机构制订的技术标准|国家关于专业无线电通信发射设备的技术标准
LK0040|9fe090c8d6bf|业余无线电台专用无线电发射设备的发射频率必须满足的条件是：|A|||发射频率不能超越业余业务或者卫星业余业务频段|发射频率包含至少一个业余业务或者卫星业余业务频段|发射频率可以在业余频段和非业余频段之间选择|发射频率包含所有业余业务或者卫星业余业务频段
LK0116|1c5cbec72c94|业余电台的无线电发射设备应符国家规定的下列主要技术指标：|B|||工作频率范围足够宽、杂散发射不低于最大允许功率电平、带宽大于允许最低值|符合频率容限、符合杂散发射最大允许功率电平|杂散发射不低于最大允许功率电平、频率漂移不低于频率容限、电源利用效率满足节能要求|杂散发射不低于最大允许功率电平、电源电压及频率符合国家电网标准、采用标准天线阻抗
LK0117|dea88a071360|频率容限是发射设备的重要指标，通常用下述单位来表示：|A|||百万分之几（或者赫兹）|百分之几（或者兆赫）|dB|瓦
LK0118|e001c8f2c936|杂散域发射功率是发射设备的重要指标，通常用下述单位来表示：|C|||千赫（或者赫芝）|绝对功率（瓦）|绝对功率dBm、低于载波发射功率的分贝值dBc、低于PEP发射功率的相对值dB|百分之几
LK0125|1b06323cb835|辐射（radiation）是指任何源的能量流以无线电波的形式向外发出。正确的说法是：|A|||闪电产生的电磁波干扰是一种辐射|沿电源线窜入接收机的差模干扰是一种辐射|射频电路中变压器内磁芯里的磁场是一种辐射|射频电路中电容器内极板间的电场是一种辐射
LK0126|47646cf129ac|发射（emission）是指：由无线电发信电台产生的辐射或辐射产物。正确的说法是：|C|||闪电产生的电磁波干扰是一种发射|医用高频电疗机向周围发送的无线电波能量是一种发射|业余电台向周围发送的杂散产物是一种发射|无线电接收机本地振荡器辐射的能量是一种发射
LK0137|8a0a8a4c72da|杂散发射是指必要带宽之外的一个或多个频率的发射，其发射电平可降低而不致影响相应信息的传输。一台发射机，工作频率为145.000MHz，但在435.000MHz的频率上也有发射。这种发射属于：|A|||杂散发射|带内发射|谐波发射|带外发射
LK0139|ca722a401458|业余无线电专用发射设备必须满足的主要技术指标要求包括：|C|||频率容限不低于限值，杂散辐射不超过限值，发射频率不超出国家规定的业余频率|发射功率不低于功率限额，输出阻抗符合工业标准|频率容限和杂散辐射不超过限值，发射频率不超出国家规定的业余频率|频率容限和杂散辐射不超过限值，发射频率包括国家规定的业余频率
LK0047|a95a8d15a456|业余无线电台使用的频率应当符合下述规定：|A|||《中华人民共和国无线电频率划分规定》|ITU《无线电规则》第IV节“频率划分表”|一般业余无线电书籍所叙述的频率|IARU三区“频率规划”
LK0048|9ccdab4cd8a8|业余无线电台在业余业务、卫星业余业务作为次要业务使用的频率或者与其他主要业务共同使用的频率上发射操作时，应当注意：|B|||可以任意使用，但在遇到其他业务电台使用时要主动避让|遵守无线电管理机构对该频率的使用规定|只要遵守了《中华人民共和国无线电频率划分规定》的有关规定即可放心使用|首先守听频率是否已由其他业务电台占用，如听不到，即可按照先来先用的原则放心使用
LK0049|30a7781d426b|关于业余频率的使用，正确的叙述是：|A|||业余无线电台在无线电管理机构核准其使用的频段内，享有平等的频率使用权|依法成立的地方业余无线电民间组织的业余电台，在其常用的台网频率上享有比其他个人设置的业余电台优先的使用权|任何业余无线电台在任何频段都享有平等的频率使用权|业余无线电台在无线电管理机构核准其使用的频段内，不同类别的业余电台享有不同优先程度的频率使用权
LK0113|cf38a8b19734|在无线电管理中，由国家将某个特定的频带列入频率划分表，规定该频带可在指定的条件下供业余业余业务或者卫星业余业务使用，这个过程称为：|B|||分配|划分|指配|授权
LK0114|c71121699f2e|在无线电管理中，将无线电频率或频道规定由一个或多个部门，在指定的区域内供地面或空间无线电通信业务在指定条件下使用，这个过程称为：|A|||分配|指配|授权|划分
LK0115|44f4ec48490e|在无线电管理中，将无线电频率或频道批准给具体的业余无线电台在规定条件下使用，这个过程称为：|B|||授权|指配|分配|划分
LK0140|65c5aa585cf3|在频率划分表中，一个频带被标明划分给多种业务时，这些业务被分为下述类别：|B|||安全业务和一般业务|主要业务和次要业务|业余业务和非业余业务|民用业务和军用业务
LK0141|67baea4aa110|在频率划分表中，当一个频段划分给业余业务或卫星业余业务和多个其他业务，并且业余业务和卫星业余业务作为次要业务时，业余无线电台应该遵循的规则是：|C|||可要求保护不受来自主要业务电台的有害干扰|容许因设备技术问题对主要业务电台产生短时间有害干扰|不得对主要业务电台产生有害干扰|不得对来自同一业务或其他次要业务电台的有害干扰提出保护要求
LK0142|09ce080ee0c0|在频率划分表中，当一个频段划分给业余业务或卫星业余业务和多个其他业务，并且业余业务和卫星业余业务作为次要业务时，业余无线电台遵循的规则是：|B|||不得对来自同一业务或其他次要业务电台的有害干扰提出保护要求|不得对来自主要业务电台的有害干扰提出保护要求|可要求保护不受来自主要业务电台的有害干扰|容许因设备技术问题对主要业务电台产生短时间有害干扰
LK0143|cb2213278be4|在频率划分表中，当一个频段划分给业余业务或卫星业余业务和多个其他业务，并且业余业务和卫星业余业务作为次要业务时，业余无线电台遵循的规则是：|A|||可要求保护不受来自同一业务或其他次要业务电台的有害干扰|可要求保护不受来自主要业务电台的有害干扰|不得对来自同一业务或其他次要业务电台的有害干扰提出保护要求|容许因设备技术问题对主要业务电台产生短时间有害干扰
LK1112|bd2713024466|VHF段的频率范围是多少？|C|||30到300kHz|300到3000MHz|30到300MHz|300到3000kHz
LK1113|fc8a440cc29d|UHF段的频率范围是多少？|C|||30到300kHz|300到3000kHz|300到3000MHz|30到300MHz
LK1114|e0fca23be552|HF段的频率范围是多少？|B|||300到3,000MHz|3到30MHz|300到3,000kHz|30到300MHz
LK0144|42613a318e04|我国分配给业余业务和卫星业余业务专用的频段有：|C|||7MHz、14MHz、28MHz、144MHz、430MHz频段|3.5MHz、14MHz、21MHz、28MHz、10GHz频段|7MHz、14MHz、21MHz、28MHz、47GHz频段|7MHz、14MHz、21MHz、28MHz、144MHz频段
LK0146|98d5a68be7f9|我国分配给业余业务和卫星业余业务与其他业务共用、并且业余业务和卫星业余业务作为主要业务的VHF和UHF频段有：|A|||50MHz、144MHz|144MHz、430MHz|220MHz、430MHz|50MHz、430MHz
LK0147|745371b66a7e|我国分配给业余业务和卫星业余业务与其他业务共用、并且业余业务和卫星业余业务作为唯一主要业务的频段的个数以及在3GHz以下的该类频段分别为：|D|||5个，50-54MHz|5个，28-29.7MHz|4个，7.0-7.2MHz|3个，144-146MHz
LK0148|3063cc165a32|我国分配给业余业务和卫星业余业务与其他业务共用、并且业余业务和卫星业余业务作为次要业务的1200MHz以下频段有：|A|||135.7kHz、10.1MHz、430MHz|3.5MHz、7MHz、50MHz|3.5MHz、18.068MHz、144MHz|10.1MHz、24.89MHz、430MHz
LK0157|621b5e2b651a|俗称的6米业余波段的频率范围以及业余业务和卫星业余业务的使用状态分别为：|C|||52-56MHz，次要业务|50-52MHz，次要业务|50-54MHz，主要业务|51-54MHz，专用
LK0158|78fd92820dba|俗称的2米业余波段的频率范围以及我国业余业务和卫星业余业务的使用状态分别为：|A|||144-148MHz；其中144-146MHz为唯一主要业务，146-148MHz为与其他业务共同作为主要业务|144-146MHz；专用|144-148MHz；次要业务|144-148MHz；其中144-146MHz为专用，146-148MHz为次要业务
LK0159|daedaad1b756|俗称的0.7米业余波段的频率范围以及业余业务和卫星业余业务的使用状态分别为：|A|||430-440MHz，次要业务|430-440MHz，主要业务|430-440MHz，专用|420-470MHz，次要业务
LK0160|862e6a43a5b1|在我国和多数其他国家的频率分配中，业余业务在430-440MHz频段中作为次要业务与其他业务共用。这个频段中我国分配的主要业务是：|A|||无线电定位和航空无线电导航|固定业务|移动业务|水上移动和航空移动
LK0171|fab12a39d93e|VHF业余无线电台在144MHz频段进行本地联络时应避免占用的频率为：|A|||144-144.035MHz和145.8-146MHz|144.035-145.8MHz|144.050-144.053MHz和145.100-145.750MHz|144.035-144.053MHz和145.550-145.750MHz
LK0172|64a44508f651|UHF业余无线电台在430MHz频段进行本地联络时应避免占用的频率为：|A|||431.9-432.240MHz和435-438MHz|430-431.2MHz和435-436MHz|430-431.9MHz和432.240-435MHz|431-432MHz和438-440MHz
LK1031|63d20887c445|430MHz业余频段中留给业余卫星通信使用，话音及其他通信方式不应占用的频率段为：|A|||435MHz至438MHz|432MHz至434MHz|438MHz至439MHz|433MHz至435MHz
LK1032|1679fd078631|144MHz业余频段中留给业余卫星通信使用，话音及其他通信方式不应占用的频率段为：|A|||145.8MHz至146MHz|144.2MHz至144.5MHz|144.8MHz至145MHz|145.4MHz至144.6MHz
LK0077|70fc11ec5f4e|《业余无线电台管理办法》规定业余无线电台设置、正确使用业余无线电台呼号的办法规是：|B|||业余电台在通信中可以用自造的呼号作为无线电管理机构指配的业余电台呼号的补充，一起作为电台的标识|业余无线电台应当在每次通信建立及结束时，主动报出本台呼号，在发射过程中至少每十分钟报出本台呼号一次；对于通信对方，也应使用对方电台的呼号加以标识|业余电台在通信中可以用姓名、代号、适当的别名或者法规定呼号的部分数字和字母代替完整的业余电台呼号作为电台的标识|业余电台在和熟悉的通信对象联络、已经从信号特征确认双方业余电台身份时，可以省略呼号的发送
LK0078|564ab4c26c92|业余无线电台应当在每次通信建立及结束时，主动报出本台呼号，在发射过程中至少每十分钟报出本台呼号一次。这里的“呼号”是指：|B|||可以是完整的电台呼号，也可以是完整电台呼号的任何一部分|完整的电台呼号，如在设台地以外的地点进行异地发射操作，还应在前面加上字母B、操作地分区号和符号“/”|一般指无线电管理机构指配的电台呼号，但也可以是对方能够理解的民间自创呼号、代号、代码等|可以是完整的电台呼号，也可以是电台呼号的分区号加后缀
LK0080|17f58fe6beae|业余无线电台呼号的指配流程是：|A|||无线电管理机构核发业余无线电台执照时，同时指配业余无线电台呼号|无线电管理机构核发业余无线电台执照后，由申请人再向其申请指配呼号|业余无线电台设台人在提交设台申请的同时提出所要求指配的呼号，经服务机构同意后，报无线电管理机构正式指配|在向无线电管理机构委托的受理服务机构提交设台申请窗口后，由服务机构指配呼号
LK0081|7d6293e9b0a6|业余无线电爱好者对业已指配给自己的电台呼号不满意，是否可以申请另行指配业余无线电台呼号？|C|||更新所设置的业余无线电台类别时可以申请另行指配业余无线电台呼号|业余无线电台执照有效期届满、设台人向核发执照的无线电管理机构申请办理延续手续时可以申请另行指配业余无线电台呼号|不可以。核发业余无线电台执照的无线电管理机构已经为申请人指配业余无线电台呼号的，不另行指配其他业余无线电台呼号|可以申请另行指配业余无线电台呼号，但须缴纳额外的费用
LK0082|7e62f4b0dc17|各地业余无线电台呼号前缀字母和后缀字符的可用范围的确定方法是：|D|||地方无线电管理机构根据当地呼号资源的使用情况自行分配|地方无线电民间组织提出建议，当地无线电管理机构批准|由业余无线电爱好者根据需求提出建议，当地无线电管理机构批准|由国家无线电管理机构编制和分配
LK0083|7338cc6cfd93|业余无线电爱好者是否可要求设台地所在地方无线电管理机构给予指配超出业已分配给该地方的前缀字母和后缀字符可用范围的业余无线电台呼号？|A|||不能，特殊业余无线电台呼号只能由国家无线电管理机构指配|可以，但只限于当地业余无线电台参加国际重要业余无线电活动的特殊情况|可以，但只限于与当地政府组织的大型科技活动有关的特殊电台|可以，但只限于与在当地所举办的大型国际或国家级活动有关的特殊电台
LK0091|7bba7eb100c3|设台地迁入其他省、自治区或者直辖市时，业余电台呼号的指配方法为：|C|||必须继续指配原来的电台呼号|必须指配迁入地的新电台呼号|由设台人选择：方法一，注销原电台呼号，指配迁入地的新电台呼号；方法二，申请在迁入地继续指配原来的电台呼号|可以在保留原电台呼号的同时申请指配迁入地的新电台呼号
LK0092|6bd3ddb0ad9a|设台地迁入其他省、自治区或者直辖市时，申请在迁入地继续指配原来的电台呼号的手续为：|A|||先到原核发执照的无线电管理机构申请办理注销手续，缴回原电台执照，取得由迁入地指配原业余无线电台呼号的书面同意，再到迁入地的地方无线电管理机构办理相应的手续、重新指配原电台呼号，领取新的电台执照|不需办理任何手续即可把原电台呼号带到迁入地继续使用|只需到迁入地的地方无线电管理机构申请申请办理为迁移后的电台继续使用原电台呼号的全部手续|只需到原核发执照的无线电管理机构申请申请办理为迁移后的电台继续使用原电台呼号的全部手续
LK1072|c30b2f0406d5|在实际通信中，是否可以把本台呼号的地区号码加后缀视作《业余电台管理办法》所说的“本台呼号”？|A|||不可以。不完整呼号不具有呼号的属性，不能视作呼号|在VHF/UHF频段进行本地呼叫和联络时可以把不完整呼号视作“呼号”|在熟悉的友台之间呼叫和联络中可以把不完整呼号视作“呼号”|在HF频段进行国内呼叫和联络时可以把不完整呼号视作“呼号”
LK0079|f8765bff774d|由国家无线电管理机构批准设台的北京火腿的电台呼号为BH1AAA，把电台带到西安去使用，则本台呼号应该为：|A|||B9/BH1AAA|BH1AAA/B9|BH1AAA/9|B1/BH9AAA
LK0084|3d7d1e97db02|某业余无线电爱好者，自己所设置的业余无线电台呼号为BH1ZZZ。现该爱好者到业余无线电台BH9YYY做客并在该台进行发射操作。应当使用的呼号为：|B|||BH9/BH1ZZZ或者BH1ZZZ|BH9YYY或者B9/BH1ZZZ|BH1ZZZ或者B9/BH1ZZZ|BH1ZZZ/9或者BH1ZZZ/BH9
LK0086|d3f90b3d61e6|某业余无线电爱好者，自己所设置的业余无线电台呼号为BH1ZZZ。现该爱好者将自己的业余无线电台带到湖南进行异地发射操作。应当使用的呼号为：|B|||BH7/BH1ZZZ|B7/BH1ZZZ|BH1ZZZ|BH1ZZZ/B7
LK0087|352a1464fc91|某业余无线电爱好者，自己所设置的业余无线电台呼号为BH1ZZZ。现该爱好者到业余无线电台BH3YYY做客并并在该台进行发射操作。这种发射操作在业余无线电台管理中称为：|D|||移动发射操作|异地发射操作|违章发射操作|客席发射操作
LK0088|5cf7e039137e|某业余无线电爱好者，自己所设置的业余无线电台呼号为BH1ZZZ。现该爱好者将自己的业余无线电台带到广东进行发射操作。这种发射操作在业余无线电台管理中称为：|A|||异地发射操作|违章发射操作|临时发射操作|客席发射操作
LK0093|edab5560f03c|BH1ZZZ由北京迁入河北省，并办妥了由河北无线电管理机构指配使用原电台呼号的全部手续，领取了新的业余无线电台执照。该台在日常通信时应使用呼号：|C|||可任选使用呼号B3/BH1ZZZ或者BH1ZZZ|固定台址发射操作用BH1ZZZ，移动发射操用B3/BH1ZZZ|B3/BH1ZZZ|BH1ZZZ
LK0056|78e2dd5fe51e|某业余电台操作者听到业余专用频率上出现某种显然出自非业余电台的人为干扰发射，于是按下话筒向该发射者宣传无线电管理法规知识。对这种做法的评论应该是：|B|||正确；但有点条乱，不予提倡|错误；违反“业余无线电台的通信对象应当限于业余无线电台”规定。|正确；抓机遇宣传法规，应该提倡|正确；但需注意态度耐心、用语文明
LK0057|7a69e87785cb|在业余无线电台中转发广播电台、互联网聊天、电话通话、其他电台的联络信号，这类行为的性质是：|A|||错误行为；违反“业余无线电台的通信对象应当限于业余无线电台”规定，因为通信中产生信息的一方不是通信业余无线电台本身|正确行为；既然可以联络，不必要限制向话筒送什么内容|如果转发的目的是进行技术调试、用转发信号作为测试信号的话，就是正常行为|不算错误但也不值得提倡
LK0058|e9279831d116|业余电台在通信中为其他人或者单位、组织转达信息。对这种做法的评论应该是：|C|||只要所转达的信息是有利于社会的公益信息，就是合法行为|只要转达信息是无偿的，就是合法行为|违法行为；违反“业余无线电台的通信对象应当限于业余无线电台”的规定|只要所转达的信息在内容上不违反《业余电台管理办法规》的禁止规定就是合法行为
LK0059|dcba8b8501d0|某业余无线电协会在发射操作中向其会员播发公益性通知和技术训练讲座，但未得到相应无线电管理机构的批准。对这种做法的评论应该是：|C|||只要所播发的通知或讲座有利于当地业余无线电爱好者技术水平的提高，不能算违法行为|只要所播发的通知或讲座有利于当地业余无线电应急通信训练，不能算违法行为|违法行为；违反“未经核发业余无线电台执照的无线电管理机构批准，业余无线电台不得以任何方式进行广播或者发射通播性质的信号”的规定|只要所播发的通知或讲座是涉及宣传业余电台管理知识的，不能算违法行为
LK0060|b163356c8bf7|关于业余无线电台在通信过程中使用的语言，正确的做法为：|D|||可以使用虽然不是所有火腿通用、但在某些火腿圈子内部有一定可懂度的新编缩略语或暗语|可提倡使用稀有语言或方言，尽量使特定通信对象以外的业余无线电台听不懂，以减少他台呼叫和插入的机会|语言要创新，可以使用自创的特殊缩略语，虽开始时象是暗语，用多了就会变明语|任何时候都应当使用明语及业余无线电领域公认的缩略语和简语
LK0061|dfd5ae58cfd9|业余无线电台实验新的编码、调制方式、数字通信协议或者交换尚未公开格式的数据文件，正确做法是：|D|||事先尽可能采取各种办法向信号可能覆盖范围内的业余无线电爱好者公开有关技术细节，但不必提交给核发其业余无线电台执照的地方无线电管理机构|不必事先公开或者提交给核发其业余无线电台执照的地方无线电管理机构，以后再说|应事先提交给核发其业余无线电台执照的地方无线电管理机构，但不必向其他业余无线电爱好者公开有关技术细节|事先尽可能采取各种办法向信号可能覆盖范围内的业余无线电爱好者公开有关技术细节，并提交给核发其业余无线电台执照的地方无线电管理机构
LK0062|cfe91f7726b4|由国家无线电管理机构审批的业余无线电台在设台地以外的地点进行异地发射操作时，应该注意：|B|||遵守的限制以业余电台执照所核定的各项参数和核发其业余电台执照的地方无线电管理机构的规定为准，与操作所在地的规定无关|既要符合业余电台执照所核定的各项参数约束，又要遵守操作所在地的地方无线电管理机构的相关规定|遵守的限制以操作所在地的地方无线电管理机构的相关规定为准，与核发电台执照的地方无线电管理机构的规定无关|有了电台执照就是万事大吉，不必认真了解和遵守什么具体规定
LK0063|51f91e2d95a4|具备国家无线电管理机构规定的操作技术能力并具有法律规定有效证明文件、但还没有获准设置自己的业余电台的人是否可以到业余电台进行发射操作？答案是：|C|||青少年可以，成人不可以|不可以|可以。使用所操作业余电台的呼号，由该业余电台的设台人对操作不妥而造成的有害干负责|可以。因为自己没有呼号，只能在通信中使用临时自编的呼号，或用姓名代替呼号
LK0064|7dcd12847663|尚未考得《业余电台操作证书》的人在接受业余电台培训中实习发射操作应遵守的条件是什么？|A|||必须已接受法规等基础培训、必须由电台负责人现场辅导、必须在执照核定范围以及国家规定的操作权限内、进行短时间体验性发射操作实习|尚未取得关于具备操作技术能力有效证明文件者如为青少年，可以在集体业余电台独立操作，如为成人则任何情况下都不可以进行发射操作|只要业余电台设置人或者其技术负责人能确认实际上已经具备操作技术能力，可以独立进行发射操作，并能为其操作不善造成的后果负责，可以独立发射操作|尚未取得关于具备操作技术能力有效证明文件的人任何情况下都不可以进行发射操作
LK0065|606aa25075b6|业余无线电台设置人应对其无线电发射设备担负的法定责任为：|A|||应当确保其无线电发射设备处于正常工作状态，避免对其他无线电业务造成有害干扰|应当确保其无线电发射设备随最先进型号更新，为其他业余电台树立求新的榜样|应当确保其无线电发射设备达到最大发射功率，以克服其他无线电业务的干扰|应当确保其无线电发射设备经常处于工作状态，以提高业余频率的实际占用度
LK0066|e10c0fc6cdfe|业余无线电爱好者使用业余无线电收信设备应遵守的规定为：|C|||只要不造成对其他业务的无线电干扰，接收无线电信号没有限制|只要出于个人对信息的兴趣而不涉及赢利，可以接收任何无线电信号|不得接收与业余业务和卫星业余业务无关的信号|只要不被查出来，可以接收任何无线电信号
LK0067|89aad3e270b3|业余无线电爱好者无意接收到非业余业务和卫星业余业务的信息时，应遵守的规则为：|A|||不得传播、公布|只可以用非无线电方式在业余无线电爱好者之间交流，不得以无线电方式转发|只可以在业余无线电台间共享，不得在其他场合公开|既然自己可以收到，别人也一定可以收到，当然可以传播、公布或者利用
LK0068|4be030575d41|业余无线电台是否可以发射从广播电台收到的信号、音像节目的录音，或者故意转送电台周围的声音？|B|||可以，因为该类信息没有保密性|不可以，不得发送与业余业务和卫星业余业务无关的信号|可以，用于提起其他有业余无线电台操作员精神，防止乏困|可以，用于显示自己发射设备的信号质量
LK0069|8e3fa919fb14|国家对于利用业余无线电台从事发布、传播违反法律或者公共道德的信息的行为的态度是；|D|||不可以发布传、播违法信息。但违反公共道德的信息属于水平问题，不鼓励就是了|容忍|不提倡|禁止
LK0070|7ef4780910bc|出租车安装业余电台并用来传递有关载客的信息，这种行为的性质是：|B|||不太好，因为占用了其他业余电台通信的频率|违法行为，违反了严禁利用业余无线电台从事从事商业或者其他营利活动的规定|只要管理部门不来查处就可以|只要不影响其他业余电台的正常通信就可以
LK0071|df73bca29e97|利用业余无线电台通信来促销业余无线电产品或者推动与业余无线电活动有关的其他商业性活动，对这类行为的态度应该是：|A|||禁止|如果设台人或者设台单位本身是以这类经营为生的，应适当理解和容忍|不提倡但也不禁止，毕竟有利于业余无线电活动发展|只要是业余无线电民间组织是获利方，即使从事商业或其他营利活动，应支持
LK0072|c04a8c7670ae|利用自己的业余电台强信号故意压制其他业余电台的正常通信，或者在业余无线电频率上转播音乐或广播节目，这些行为的性质属于：|C|||正常现象，社会上一些人素质就是如此，应该谅解|不文明行为，对其他业余电台不够礼貌|违法行为，违反了严禁阻碍其他无线电台通信的规定|不妥行为，没有考虑到他人的乐趣
LK0073|d872da2e7f3d|业余无线电活动是否有序开展，会影响整个社会的无线电通信的安全和有效，使用不当甚至会导致生命财产损失。业余无线电爱好者在这方的法定责任是：|D|||个人没有责任，只能依靠业余无线电民间组织充当“协管”|有了电台执照，日常一切言行当然可以带到电台通信中，无责任可言|个人没有责任，只能依靠管理部门的监督检查和违法查处|业余无线电台设置、使用人应当加强自律
LK0181|0cb74fb5650a|国际电联规定的确定发射电台辐射功率的原则为：|A|||发射电台只应辐射为保证满意服务所必要的功率|发射电台应辐射尽量大的功率以提供尽量好的信号质量|VHF/UHF频段发射电台应辐射尽量大的功率，HF频段发射电台应辐射尽量小的功率|HF频段发射电台应辐射尽量大的功率，VHF频段发射电台应辐射尽量小的功率
LK0247|bac08d8ffbee|业余电台通信受到违法电台或者不明电台的有害干扰。正确的做法是：|A|||不予理睬，收集有关信息并向无线电管理机构举报|立即报告无线电管理机构进行干涉|在频率上向其宣传无线电管理法，要求其停止干扰|用大功率信号对其进行压制
LK1010|d4ab52da67da|按照我国规定，购置使用公众对讲机不需取得批准。业余无线电爱好者需要与公众对讲机用户通信时应该：|B|||将业余无线电台设置到公众对讲机的频率，但只能进行由业余无线电台到公众对讲机的单向发信|业余无线电台不能用于与公众对讲机通信|将业余无线电台设置到公众对讲机的频率，以不大于业余无线电台执照核定的发射功率与之通信|将业余无线电台设置到公众对讲机的频率，以不大于0.5W的发射功率与之通信
LK0053|abe2aeb1a592|关于业余无线电台的应急通信，正确的叙述是：|B|||在日常应急通信训练中，业余无线电台可以和地方公益性救援团体的非业余无线电台进行通信，但须经当地业余无线电协会同意|在突发重大自然灾害等紧急情况下，业余无线电台才可以和非业余无线电台进行规定内容的通信|在日常应急通信训练中，业余无线电台可以和地方公益性救援团体的非业余无线电台进行通信|在日常应急通信训练中，业余无线电台可以和各种非业余无线电台进行通信
LK0054|686cacccc515|业余无线电台允许与非业余无线电台通信的条件是：|C|||在青少年科技教育活动中，仅可与青少年非业余无线电台通信，内容限于与青少年科技教育直接有关的事务|在无线电技术研究中，仅可与具备其他业务电台执照的对象通信，内容限于技术实验所需的信号|在突发重大自然灾害等紧急情况下，内容限于与抢险救灾直接相关的紧急事务或者应急救援相关部门交办的任务|在当地政府或非盈利机构组织的公益活动中，内容限于与公益事务或者相关的活动组织机构交办的任务
LK0055|dd925d290527|关于业余无线电台的应急通信，正确的叙述是：|A|||在突发重大自然灾害等紧急情况下，业余无线电台的通信内容可以涉及应急救援相关部门交办的任务|在日常公益性社会活动中，业余无线电台的通信内容可以涉及各种公益机构交办的任务|在平时的任何时侯，业余无线电台的通信内容可以涉及任何政府组织和非盈利机构交办的任务|平时在专门的应急通信训练活动中，业余无线电台的通信内容可以涉及应急救援相关部门和组织机构交办的任务
LK0075|e8b6ef6565a8|法规和国际业余无线电惯例要求业余电台日志记载的必要基本内容是：|B|||通信时间、通信频率、双方收发信设备和天线、对方台址|通信时间、通信频率、通信模式、对方呼号、双方信号报告|通信时间、通信模式、对方信号报告、对方台址、对方天气|通信对方姓名、对方所在国家或城市、通信模式、双方信号报告
LK0076|977fab943654|法规和国际业余无线电惯例要求业余电台日志记载的必要基本内容是：|D|||DATE、TIME、MODE、CALL（对方）、QTH（对方）、RST（双方）|CALL（通信对方）、T IME、FREQ、RIG（对方）、RST（双方）、PWR（双方）|DATE、FREQ、QTH（对方）、RIG（对方）、RST（双方）、WX（对方）|DATE、TIME、FREQ、MODE、CALL（对方）、RST（双方）
LK1011|70a4d0660fc0|填写和邮寄QSL卡片时的正确做法有：|A|||迫切需要方卡回寄卡片时，应直接向对方地址邮寄卡片并附加SASE|自己的邮寄地址与电台的发射地点不同时，应在QTH栏目内填明详细邮寄地址|通过卡片管理局寄出卡片并希望对方回卡时，应在卡片上注明PSE QSL DIRECT|填写错误时应划去或使用涂改液覆盖错误内容并加以改正
LK1042|96bcbf25bbb2|关于QSL卡片的正确用法是：|A|||不是作为联络或收听证明而交换QSL卡片时，应填上“Eye ball QSO”等有关说明，不应赠送空白卡片|出于火腿互相帮助的目的，虽然对方没有联络到自己，也可以发去确认联络的QSL卡片|如果在联络中没有听清对方呼号，可以在寄发QSL卡片的对方台名栏中填写对方操作员姓名|空白QSL卡片可以当做照片或者名片，任意赠送、交换、散发
LK0034|fc8c6d3fd9d7|业余中继台的设置和技术参数等应满足下列关键条件：|A|||符合国家以及设台地的地方无线电管理机构的规定|仅需符合设台地的地方无线电管理机构的规划及相关规定|符合设台地的地方业余无线电民间组织的规划|符合申请人关于设置中继台的客观需求和技术考虑
LK0035|5d11d8e7cc8e|业余中继台必备的技术措施为：|A|||设专人负责监控和管理工作，配备有效的遥控手段，保证造成有害干扰时及时停止发射|设热备份系统，保证不间断工作|尽量提高发射功率，以便压制覆盖区内的其他强信号干扰|技术加密措施，防止未经设台人允许的业余无线电台启用中继
LK0036|38b4f90c97f3|某团体依法设置了一部业余中继台。其正确做法是：|D|||中继台是设台者出资建设和维护的，因此仅供本团体成员优先使用，空闲时方供其他业余电台使用|为保证中继台正常运行，要求覆盖区内所有业余电台缴纳维护成本，否则不准使用|中继台是设台者出资建设和维护的，因此仅供经设置者允许的业余电台使用|向其覆盖区域内的所有业余无线电台提供平等的服务，并将使用业余中继台所需的各项技术参数公开
LK0037|ddc8eef898f6|选择144MHz或430MHz业余模拟调频中继台同频段收发频差的原则是：|C|||采用经常变换频差的办法减少占用度|可以在国家《无线电频率划分规定》所规定业余频率范围内任意选择|采用业余无线电标准频差，即144MHz频段600kHz，430MHz频段5MHz|尽量采用非标准频差以阻止一般业余无线电台占用
LK0275|fd8d1c1f363a|业余中继台的使用原则是：|B|||应使中继台尽量处于接近饱和的忙碌状态，提高使用效率|除必要的短暂通信外，应保持业余中继台具有足够的空闲时间，以便随时响应突发灾害应急呼叫|鼓励业余无线电民间组织（协会）通过中继台向当地会员发布通知|鼓励青少年学生通过中继台交流解题方法和学习心得
LK1096|e30d564902e2|如果你知道另一个电台的呼号，想要在中继上呼叫他，你应该怎么做？|B|||等待，直到你要呼叫的电台呼叫CQ后，立刻回答他|呼叫对方的呼号，并报出自己的呼号|呼叫“CQ”三次，然后说出对方的呼号|呼叫“break break”，然后说出对方的呼号
LK0074|f0e6cfbd6493|业余无线电台设置、使用人应当接受下列机构对业余无线电台及其使用情况的监督检查：|B|||单位或所在居委会、村民委员会、物主委员会的监督检查|无线电管理机构或者其委托单位的监督检查|国家计量监督部门的监督检查|业余无线电民间组织的独立监督检查
LK0103|a86f809cd3eb|违反国家规定，擅自设置、使用无线电台（站），或者擅自占用频率，经责令停止使用后拒不停止使用，干扰无线电通信正常进行，造成严重后果的的，可被判犯扰乱无线电通信管理秩序罪，处三年以下有期徒刑、拘役或者管制，并处或者单处罚金。这个规定出自于下列法规律：|B|||中华人民共和国电信法|中华人民共和国刑法|中华人民共和国无线电管理条例|中华人民共和国民法通则
LK0105|79431909f71e|无线电管制是指在下列范围内依法采取的对无线电波的发射、辐射和传播实施的强制性管理：|D|||在全国范围、所有时间内|在特定范围、所有时间内|在例行范围和例行时间内|在特定时间和特定区域内
LK0106|62447b45c1a3|无线电管制是指在特定时间和特定区域内，依法采取的下列性质的管理：|D|||对无线电发射设备的生产、销售实施的强制性管理|对无线电波的发射、辐射实施的指导和行业自律性管理|对无线电发射设备的生产、销售实施的指导和行业自律性管理|对无线电波的发射、辐射和传播实施的强制性管理
LK0107|ecf0477a0832|在特定时间和特定区域内实施无线电管制时，与业余无线电有关的管理措施包括：|A|||限制或者禁止业余无线电台（站）的使用，以及对特定的无线电频率实施技术阻断等|限制或者禁止业余无线电台设备的生产和销售|限制、但不会禁止业余无线电台（站）的使用|依法设置的业余电台不在管制范围之内
LK0108|99e37d730048|决定实施无线电管制的机构为：|A|||在全国范围内或者跨省、自治区、直辖市实施，由国务院和中央军事委员会决定。在省、自治区、直辖市范围内实施，由省、自治区、直辖市人民政府和相关军区决定|在地、市、县实施，由地、市、县人民政府决定|在全国范围内或者跨省、自治区、直辖市实施，由国家无线电管理机构决定。在省、自治区、直辖市范围内实施，由相关地方无线电管理机构决定|在单位、居民区实施，由单位上级业务主管机构和区人民政府共同决定
LK0109|a574ad967510|违反无线电管制命令和无线电管制指令的，由下列机构依法进行处罚：|B|||当地业余无线电协会|国家无线电管理机构或者省、自治区、直辖市无线电管理机构；违反治安管理规定者由公安机关处罚|城管、工商、交通联合执法|所在军区派出的专门机构
LK0110|103aaa0c0ec9|业余电台违反无线电管制命令和无线电管制指令的，可以依法规受到下列处罚：|D||| 处警告或者三万元以下的罚款| 责令改正；并开除业余无线电协会会籍、罚没无线电通信设备| 处警告或者一千元以上，五千元以下的罚款| 责令改正；拒不改正的，关闭、查封、暂扣或者拆除相关设备；情节严重的，吊销电台执照；违反治安管理规定的，由公安机关处罚
LK0050|131cfb325b76|某俱乐部约定了一个成员业余电台之间交流技术的网络频率，当遇有其他业余电台按通信惯例要求参加通信时，处理原则应为：|A|||无条件欢迎加入，因为任何核准的业余电台对频率享有平等的频率使用权|要求其他业余电台在任何时间都不得使用俱乐部自己约定的专用通信频率|由俱乐部网络控制台决定是其他业余电台是否可以加入|要求其他业余电台在俱乐部成员结束网络通信后再使用该频率
LK0232|4914f92d251d|业余电台在发起呼叫前不可缺少的操作步骤是：|A|||先守听一段时间，确保没有其他电台正在使用频率|检查发射功率是否达到设备的额定输出功率|先用礼貌的语言请其他电台让出频率|先用吹话筒、吹口哨等方法发出连续信号检查天线驻波比
LK0233|8a2387c0aa54|业余电台在发射调试信号进行发射功率和天线驻波比等检查时必须注意做到的是：|D|||先将收发信机的语音压缩功能打开|先将天线的发射方向指向正北|话筒离嘴距离在2公分以上，电键按键时间不短于5秒钟|先将频率设置到无人使用的空闲频率、偏离常用的热点频率
LK0235|937d8ed3d15a|业余电台通过守听，没有听到信号还不足以确认频率空闲，因为有时听不到通信双方中的另一方，贸然呼叫会对已有的通信造成干扰。为避免这种情况，应该：|C|||可以先启动呼叫和进行通信，只要没有其他电台出来交涉就可放心使用|可以先启动呼叫和进行通信，等听到确实有电台先占用频率，再主动让出|先询问“有人使用频率吗”？确认没有应答方能发起呼叫|因为守听没有听到别人的信号，可以放心发起呼叫
LK0236|2323ecd048e2|业余电台发起呼叫前应先守听一段时间，如没有听到信号，应再询问“有人使用频率吗”？确认没有应答方能发起呼叫。下列英语短句中不能正确表达这一询问的是：|B|||Any body here？|Calling you, Roger？|Is any body in the frequency？|Is the frequency in use？
LK0238|e580de19183c|业余电台BH1ZZZ用话音发起CQ呼叫的正确格式为：|D|||CQ、CQ、CQ。听到请回答。|CQ、CQ、CQ。我是1ZZZ。听到请回答|CQ、CQ、CQ，CQ、CQ、CQ，CQ、CQ、CQ。BH1ZZZ呼叫。请过来。|CQ、CQ、CQ。BH1ZZZ呼叫。Bravo Hotel One Zulu Zulu Zulu呼叫，BH1ZZZ呼叫。听到请回答。
LK0239|dad6fa68f1b9|业余电台BH1ZZZ用话音发起CQ呼叫的正确格式为：|D|||CQ CQ CQ, CQ CQ CQ, CQ CQ CQ. This is BH1ZZZ. Back to you.|CQ CQ CQ. Go ahead please.|CQ CQ CQ. This One Zulu Zulu Zulu. Over.|CQ CQ CQ.This is BH1ZZZ. Bravo Hotel One Zulu Zulu Zulu, BH1ZZZ is calling. I’m standing by.
LK0241|1948dd29c586|业余电台BH1ZZZ用话音呼叫BH8YYY的正确格式为：|D|||BH8YYY、BH8YYY、BH8YYY。我是1ZZZ。听到请回答|BH8YYY。我是BH1ZZZ，我是BH1ZZZ，我是BH1ZZZ。听到请回答。|8YYY、8YYY、8YYY。BH1ZZZ呼叫。请过来。|BH8YYY、BH8YYY、BH8YYY。BH1ZZZ呼叫。Bravo Hotel One Zulu Zulu Zulu，BH1ZZZ呼叫。听到请回答。
LK0242|6c305cfe0f2a|业余电台BH1ZZZ用话音呼叫BH8YYY的正确格式为：|A|||Bravo Hotel Eight Yankee Yankee Yankee, Bravo Hotel Eight Yankee Yankee Yankee, Bravo Hotel Eight Yankee Yankee Yankee.This is Bravo Hotel One Zulu Zulu Zulu. Bravo Hotel One Zulu Zulu Zulu, Bravo Hotel One Zulu Zulu Zulu is calling. I’m standing by.|Bravo Hotel Eight Yankee Yankee Yankee, Bravo Hotel Eight Yankee Yankee Yankee, Bravo Hotel Eight Yankee Yankee Yankee. Go ahead please.|8YYY, 8YYY, YYY. This is BH1ZZZ. Over.|BH8YYY, BH8YYY, BH8YYY. This One Zulu Zulu Zulu. Come in please.
LK0244|265b7142fb2a|BH1ZZZ希望加入两个电台正在通信中的谈话，正确的方法为：|B|||短暂发射一次“Break in！”或“插入！”，如对方无反应，应加大功率反复作此发射|在双方对话的间隙，短暂发射一次“Break in！”或“插入！”，如得到响应，再说明本台呼号 “BH1ZZZ请求插入”，等对方正式表示邀请后，方能加入|在一方正在发射期间，短暂插入一次“Break in”，向正在收听的一方发出插入请求|只要双方都是自己熟悉的业余电台操作员，可直接插入谈话，不必拘泥礼节
LK0245|46cd06cfd323|以请求插入的方式加入两个电台正在通信中的谈话，应满足的起码条件是：|A|||确认自己的加入不会影响原通信双方的乐趣|自己的操作技巧不亚于原通信双方|自己拥有比原通信双方更有吸引力的谈话内容|自己的信号质量不亚于原通信双方
LK1046|a9b935df8f90|业余电台之间进行通信，必须相互正确发送和接收的信息为：|D|||本台呼号、信号报告、QTH|对方呼号、信号报告、设备情况|本台呼号、对方呼号、QTH|本台呼号、对方呼号、信号报告
LK1097|cb1de23b1f3f|如何回答一个CQ呼叫？|D|||先给出信号报告，再报出自己的呼号|先报出自己的呼号，再报出对方的呼号|说：“CQ”，并报出对方的呼号|先报出对方的呼号，再报出自己的呼号
LK1098|8c61efdf5654|当一部电台在呼叫CQ时，他的意思是？|B|||呼叫重庆的电台|非特指地呼叫任何一部电台|只有被呼叫的电台可以回答，其他人不能回答|此电台正在测试天线，不需要任何电台回答这个呼叫
LK1102|0cdd4d1ddfe0|如果其他电台报告你在2米波段的信号刚才非常强，但是突然变弱或不可辨，这时你应当怎么做？|A|||稍稍移动一下自己的位置，有时信号无规律反射造成的多径效应可能导致失真|将你电台中的镍氢电池换成锂电池|请对方电台调整自己的静噪设置|打开哑音发射功能
LK1131|eca5900ed10b|下列哪种方式可以让你快速切换到一个你经常使用的频率？|C|||打开哑音输出|关闭哑音输出|将这个频率作为一个频道存储在电台中|使用快速扫描模式来切换到那个频率
LK0287|37589056028b|“谁在呼叫我”的业余无线电通信Q简语为：|D|||QRZ|QSL？|QRA？|QRZ？
LK0292|302423c61ca7|“我遇到他台干扰”的业余无线电通信Q简语为：|D|||QRN|QSB？|QSM|QRM
LK0294|596e258af2a2|“我遇到天电干扰”的业余无线电通信Q简语为：|D|||QRM|QSN|QST|QRN
LK0313|7a53df6b6841|“我给你收据（QSL卡片）、我已收妥”的业余无线电通信Q简语为：|B|||QRV|QSL|QSX|QRG
LK0321|2c9674d807e3|“我的电台位置是××××”的业余无线电通信Q简语为：|A|||QTH　××××|QSP　××××|QRD　××××|QSL　××××
LK0331|4a12807900b8|“天线”的业余无线电通信常用缩语是：|B|||ATN|ANT|ATR|ATT
LK0332|0c42a8ccf724|业余无线电常用缩语“ARDF”的意思是：|B|||天线调谐器、天调|业余无线电测向|地址|天线测试仪
LK0352|adc455303fd2|“频率”的业余无线电通信常用缩语是：|C|||TUNE|FER|FREQ|FIND
LK0361|ec276fbf28c1|业余无线电通信常用缩语“GND”的意思是：|D|||高兴|好运气|格林威治时间|地线，地面
LK0373|346ea3c0efd3|业余无线电通信常用缩语“OM”的意思是：|C|||或者|欧姆|老朋友|老人
LK0376|436458e1f89c|“电台设备”的业余无线电通信常用缩语是：|D|||SB|EQP|REG|RIG
LK0379|f5e8e7d85645|“收信机”的业余无线电通信常用缩语是：|B|||XMTR|RCVR，RX|RMKS|XCVR
LK0380|3990c456ccc9|“发信机”的业余无线电通信常用缩语是：|C|||XTL|VXCO|TX、XMTR|VXO
LK0381|61f4ba8b03dc|“收发信机”的业余无线电通信常用缩语是：|A|||XCVR|XTL|XVTR|XMTR
LK0396|389d2a9e6a50|业余无线电通信常用缩语“WX”的意思是：|D|||星期|瓦特|联络、工作|天气
LK0402|aef53b97d5d4|业余无线电通信常用缩语“73”的意思是：|C|||再见|谢谢你|向对方的致意、美好的祝愿|希望下次再见
LK0404|1c01cd47d812|业余无线电通话常用语“Roger”的用法是：|A|||回答起始语，相当于“明白”，仅在已完全抄收对方刚才发送的信息时使用|惯用口头语，相当于电话的“喂”，仅提起注意，不包含任何意义|回答起始语，相当于“听到”，用于能听到对方信号、但不一定能全部抄收的情况|回答起始语，表示开始发话了，任何情况都可使用
LK0405|a94ff33d66a6|业余无线电通信中常用的天线种类的缩写DP代表：|C|||定向天线|垂直天线|偶极天线|长线天线
LK0407|a882f8a76619|业余无线电通信中常用的天线种类的缩写GP代表：|C|||对数周期天线|偶极天线|垂直接地天线|定向天线
LK0408|2a09776293e2|业余无线电通信中常用的天线种类的缩写BEAM代表：|A|||定向天线|专指八木天线|垂直天线|偶极天线
LK0409|103861aab703|业余无线电通信中常用的天线种类的缩写YAGI代表：|A|||八木天线|偶极天线|垂直天线|定向天线
LK0410|81ba702d4893|业余无线电通信中常用的天线种类的缩写VER代表：|B|||定向天线|垂直天线|偶极天线|垂直接地天线
LK0193|56739a60a6db|已知北京时间，相应的UTC时间应为：|D|||北京时间的小时数加8，如小时数大于24，则小时数减24，日期改为后一天。|北京时间的小时数减8，如小时数小于0，则小时数加24，日期改为后一天。|北京时间的小时数加8，如小时数大于24，则小时数减24，日期改为前一天。|北京时间的小时数减8，如小时数小于0，则小时数加24，日期改为前一天。
LK0194|da92ff0a819d|已知UTC时间，相应的北京时间应为：|D|||北京时间的小时数加8，如小时数大于24，则小时数减24，日期改为前一天。|北京时间的小时数减8，如小时数小于0，则小时数加24，日期改为后一天。|北京时间的小时数减8，如小时数小于0，则小时数加24，日期改为前一天。|UTC时间的小时数加8，如小时数大于24，则小时数减24，日期改为后一天。
LK0202|b566f8c97c3b|我国所属的“CQ分区”有：|C|||42、43、44、50|42、43、44|23、24、27|23、24
LK0204|72a6956c25f1|“ITU分区”是IARU的活动计算通信成绩的基础。我国所属的“ITU分区”有：|B|||33、42、43、44|33、42、43、44、50|23、24|23、24、27
LK0862|f6ee856ede57|业余无线电通信梅登海德网格定位系统（Maidenhead Grid Square Locator）是一种：|B|||根据国际政治行政区划对地球表面进行网格划分和命名，用以标示地理位置的系统|根据经纬度坐标对地球表面进行网格划分和命名，用以标示地理位置的系统|卫星定位系统|根据国际呼号系列对地球表面进行网格划分和命名，用以标示地理位置的系统
LK0863|495fc3ab5bb2|业余无线电通信常用的梅登海德网格定位系统网格名称的格式为：|B|||呼号前缀字母加2位数字和2个字母|2个字母和2位数字、2个字母和2位数字再加2个字母|4位数字或者6位数字|4个字母或者6个字母
LK0864|41550b7456a0|业余无线电通信常用的梅登海德网格定位系统网格名称的长度是4字符或6字符，两者定位精度不同，差别为：|A|||两者网格大小不同，4字符网格为经度2度和纬度1度，6字符网格为经度5分和纬度2.5分|4字符网格精确到国家分区，6字符网格精确到国家的城市或县乡|4字符网格根据国际呼号系列区分，6字符网格在4字符基础上加以经纬度细分|4字符网格名称用于HF频段通信，6字符网格名称用于VHF/UHF通信
LK1208|36714bdd0bc0|业余无线电通信所说的“网格定位”是什么意思？|D|||一个由一串字母和数字确定的方位角和仰角|用来调谐末级功放的设备|用于无线电测向运动的设备|一个由一串字母和数字确定的地理位置
LK0431|4c68cd959914|电流的单位是：|D|||伏（特）|欧（姆）|瓦（特）|安（培）
LK0432|291aec4288f7|电压的单位是：|D|||瓦（特）|欧（姆）|安（培）|伏（特）
LK0433|a0f059df0eb7|电阻的单位是：|C|||瓦（特）|安（培）|欧（姆）|伏（特）
LK0434|86d0b6411f18|功率的单位是：|A|||瓦（特）|伏（特）|欧（姆）|安（培）
LK0466|2c90aa153a1f|无线电常用度量单位的词头K的意义为：（”x＾m”表示“x的m次方”）|A|||10＾3|10＾(-3)|10＾6|10＾(-6)
LK0467|335504857520|无线电常用度量单位的词头m的意义为：（”x＾m”表示“x的m次方”）|B|||10＾3|10＾(-3)|10＾6|10＾(-6)
LK0468|5d2bf3973a24|无线电常用度量单位的词头M的意义为：（”x＾m”表示“x的m次方”）|D|||10＾3|10＾(-3)|10＾(-6)|10＾6
LK0469|da8217327b10|无线电常用度量单位的词头μ的意义为：（”x＾m”表示“x的m次方”）|B|||10＾(-3)|10＾(-6)|10＾3|10＾6
LK0470|452dc966e7dc|无线电常用度量单位的词头G的意义分别为：（”x＾m”表示“x的m次方”）|C|||10＾(-12)|10＾12|10＾9|10＾6
LK0471|34cf427d7ea9|无线电常用度量单位的词头n的意义分别为：（”x＾m”表示“x的m次方”）|B|||10＾(-12)|10＾(-9)|10＾9|10＾12
LK0472|e6f950ebabd9|无线电常用度量单位的词头T的意义分别为：（”x＾m”表示“x的m次方”）|C|||10＾(-9)|10＾9|10＾12|10＾-12
LK0473|332e434efb48|无线电常用度量单位的词头p的意义分别为：（”x＾m”表示“x的m次方”）|B|||10＾(-9)|10＾(-12)|10＾9|10＾12
LK0495|2b79cd16236f|音频所指的频率范围大致是：|D|||16kHz – 20kHz|16kHz – 56kHz|300Hz – 3000Hz|16Hz - 20kHz
LK0566|2516235b88a3|5W可以表示为：|A|||37dBm|5dBW|35dBμ|17dBm
LK0567|84176f200d8b|0.25W可以表示为：|D|||6dBW|36dBm|25dBm|54dBμ
LK0568|5d160554838f|0.4kW可以表示为：|C|||400dBm|34dBm|86dBμ|6000dBm
LK0438|a18626f0e9c9|电源两端电压的方向为：|A|||从电源的正极到负极|与电源的电动势方向相同|取决于负载电阻和电源内阻的相对大小|从电源的负极到正极
LK0440|6bd786f46a19|直流电路欧姆定律是说：|D|||流过电阻的电流I，与两端的电压U成反比，与阻值R成正比|流过电阻的电流I，与两端的电压U成正比，与阻值R成正比|流过电阻的电流I，与两端的电压U成反比，与阻值R成反比|流过电阻的电流I，与两端的电压U成正比，与阻值R成反比
LK0512|954e2461be00|峰-峰值为100伏的正弦交流电压，其有效值电压为：|D|||约141伏|约70.7伏|约50伏|约35.4伏
LK0513|0c4aa7155b9e|峰值为100伏的正弦交流电压，其有效值电压为：|B|||约35.4伏|约70.7伏|约50伏|约141伏
LK0518|7d54c7284c7c|峰-峰值为100伏的正弦交流电压，其平均值电压为：|A|||0|约70.7伏|约141伏|约35.4伏
LK0519|c8a6ece2bd88|峰值为100伏的正弦交流电压，其平均值电压为：|D|||约70.7伏|约141伏|约35.4伏|0
LK0529|c348672c2390|相位差通常用来描述：|D|||两个或多个不同频率正弦信号之间的时间滞后或超前关系|两个或多个任意信号之间的幅度关系|两个或多个随机信号之间的时间滞后或超前关系|两个或多个同频率正弦信号之间的时间滞后或超前关系
LK0537|2de27f3c00e8|电源（或信号源）内阻对电路的影响是：|B|||减少电源（或信号源）本身的电能消耗|使电源（或信号源）的实际输出电压降低|使电源（或信号源）的可输出功率增加|使电源（或信号源）的电动势降低
LK0577|d2ae1d81881d|电阻元件的“额定功率”参数是指：|C|||该元件接入任何电路时的实际消耗功率|该元件正常工作时必须正好消耗的功率|该元件正常工作时所能承受的最大功率|该元件正常工作时所需要的最小功率
LK1107|5960c7cc2a4d|下面哪一个术语可以用来描述交流电每秒改变方向的次数？|A|||频率|速率|脉率|波长
LK1134|a6311a6c816b|电流使用下列哪一个单位来衡量？|D|||欧姆|瓦特|伏特|安培
LK1135|6fdbf68f6be9|电功率使用如下哪一个单位来衡量？|C|||伏特|安培|瓦特|欧姆
LK1136|79d2ff4001e4|只向一个方向流动的电流叫做什么？|A|||直流|平流|交流|常流
LK1138|7e8aac64c081|下列哪一项是电的良导体？|B|||木材|铜|橡胶|玻璃
LK1139|78fdb8233d85|下列哪一项是电的良好绝缘体？|A|||玻璃|铜|汞|铝
LK1140|1fc63c6a16f7|电能消耗的速率叫做什么？|A|||电功率|电阻|电流|电压
LK0123|d7f73855e284|用通常的调频方式进行话音通信，必要带宽约为：|B|||200Hz|6.25kHz|2700Hz|12.5kHz
LK0138|f4cc20e64e07|无线电干扰中不属于有害干扰的是：|C|||严重地损害、阻碍按规定正常开展的无线电通信业务的干扰|危害无线电导航或其他安全业务的正常运行的干扰|符合国家或国际上规定的干扰允许值和共用标准的干扰|一再阻断按规定正常开展的无线电通信业务的干扰
LK0416|39a9de571f11|可以组成完整无线电接收系统的功能部件组合是：|C|||接收天线、射频放大器、中频放大器|射频滤波器、变频器、音频滤波器|接收天线、解调器、输出部件|射频放大器、变频器、中频放大器
LK0417|bdef15640e22|可以组成完整无线电发信系统的功能部件组合是：|B|||射频振荡器、射频功率放大器、驻波测量电路|射频振荡器、调制器、发射天线|话音放大器、射频振荡器、射频功率放大器|键控电路、侧音电路、天线调谐器
LK0418|630525df7340|无线电发射机调制部件的作用是：|A|||以原始信号控制射频信号的幅度、频率、相位参数|自动控制发射信号的频谱使其保持在核准的必要带宽范围内|调整天馈系统的参数达到阻抗匹配|以电能转换效率最高的方式控制射频功率放大器的工作点
LK0420|3bcfe0dac7a9|发射天线的作用是：|B|||把无线电发射机输出的射频信号电流转换为热能|把无线电发射机输出的射频信号电流转换为空间的电磁波|通过天线的增益对无线电发射机输出的射频信号加以放大|把无线电发射机放大后的音频话音信号转换为音频电磁场
LK0421|1d1166503bb7|接收天线系统的作用是：|C|||把空间的有用电磁波转换为热能|通过天线的增益将空间有用电磁波的能量加以放大|把空间的有用电磁波转换为射频电压电流信号|把空间的有用电磁波转换为音频电压电流信号
LK0422|9abaa98ad1d7|保证业余无线电通信接收机优良接收能力的主要因素是：|D|||尽量大的音频输出功率|尽量宽的接收频率覆盖范围|尽量宽而平坦的音频频率响应|良好的抗干扰能力，足够高的灵敏度，尽量低的本机噪声和信号失真
LK0533|0e65ec029659|一个频率为F的简单正弦波信号的频谱包含有：|B|||频率为F的奇数倍的无穷多个频率分量|频率为F的一个频率分量|频率为F的整数倍的无穷多个频率分量|无穷多个连续的频率分量
LK0535|9ae23935814f|只包含一个频率分量的信号是：|B|||连续的无限窄脉冲|简单正弦波|对称方波|单个无限窄脉冲
LK0536|1ab1c6de2dba|在整个频谱内具有连续的均匀频率分量的信号是：|B|||简单正弦波|单个无限窄脉冲|连续的无限窄脉冲|对称方波
LK0572|180b038844d2|包含多个频率分量的信号通过滤波器会发生下列现象：|A|||频率失真|自激振荡|检波|非线性失真
LK0713|3a94e054cd39|一个FM话音信号在频谱仪上显示为：|B|||一条随语音闪烁的直线|一条固定的垂直线，左右伴随一组对称的随语音出现和变化的垂直线|一条复杂的周期性曲线|多条固定的直线
LK0716|532959a9664e|下列几种图表中，最容易用来表达和解释模拟FM调制原理的是：|A|||频谱图|波形图|星座图和眼图|相位矢量图
LK0784|72df7f2ada4e|业余无线电通信最常用的三种基本调制方法，其缩写AM、FM和PM，它们的中文名称分别是：|C|||幅度调制（调幅）、频率调制（调频）、脉宽调制（调脉宽）|幅度调制（调幅）、频率调制（调频）、电码调制（摩尔斯）|幅度调制（调幅）、频率调制（调频）、相位调制（调相）|频率调制（调频）、脉码调制（调脉码）、幅度调制（调幅）
LK0786|7142f322b5f2|对于给定的FM发射设备，决定其射频输出信号实际占用带宽的因素是：|A|||所传输信号的最高频率越高、幅度越大，射频输出占用带宽越宽|所传输信号的幅度越大，射频输出占用带宽越宽，但与其频率无关|射频输出实际占用带宽为由电路决定的固定值，通信常用的是25kHz或12.5kHz|所传输信号的最高频率越高，射频输出占用带宽越宽，但与其幅度无关
LK0791|3cb8d0d42cbb|什么叫做“鉴频”？|A|||对调频信号进行解调的过程称为鉴频|判断信号频率是否超过允许的频率范围的过程称为鉴频|判断信号频率是否发生了不应有的偏离或者漂移过程称为鉴频|对调幅信号进行解调的过程称为鉴频
LK0813|09d66aedf0d1|无线电发射机的效率是指：|B|||通信对象的接收天线得到的信号功率与发射机输出到天线系统的信号功率之比|输出到天线系统的信号功率与发射机所消耗的电源功率之比|通信对象的接收天线得到的信号功率与发射机所消耗的电源功率之比|输出到天线系统的有用信号功率与到达天线的包含杂散等无用信号的总功率之比
LK0814|4c36a23bc914|业余无线电发射机的效率总是明显低于1。所损耗的那部分能量：|C|||绝大部分转化为杂散等无用信号的电磁辐射|损耗的能量消失在电容、电感、开关器件等零部件中|绝大部分转化为热量，极小部分转化为无用信号的电磁辐射|绝大部分因阻抗失配而返回电源，极小部分转化为无用信号的电磁辐射
LK0816|334a78b17b54|接收机灵敏度指标数值大小所反映的意义是：|A|||灵敏度指标数值越小，接收最小信号的能力越强|灵敏度指标数值越大，接收最小信号的能力越强|灵敏度指标数值越大，对与有用信号同时出现的干扰信号的响应越灵敏|灵敏度指标数值越小，对与有用信号同时出现的干扰信号的响应越灵敏
LK0819|993f59ac152f|静噪灵敏度是指：|D|||关闭静噪电路时所能接收到的最小射频信号的输入电平|带有静噪功能的接收机关闭静噪功能时，按照灵敏度定义测得的灵敏度|带有静噪功能的接收机开启静噪功能时，按照灵敏度定义测得的灵敏度|能够使静噪电路退出静噪状态的射频信号最小输入电平
LK0854|d936a3935081|“衰减”和“衰落”是无线电通信技术中常用的名词。它们的含义分别是指：|A|||衰减是指信号通过信道或电路后功率减少，衰落是指信号通过信道或电路后发生幅度随时间而起伏|衰减是指信号通过信道或电路后发生幅度随时间而起伏，衰落是指信号通过信道或电路后功率减少|衰减和衰落是一回事，指信号通过信道或电路后发生幅度随时间而起伏|衰减和衰落是一回事，指信号通过信道或电路后功率减少
LK1044|c93961555e59|无线电发信机在无调制情况下，在一个射频周期内供给天线馈线的平均功率称为：|C|||无用功率|平均功率|载波功率|峰包功率
LK1099|167b3ee2a6c2|调频发射机在发射的语音信号上附加一个人耳听不到的低频音频，用来打开接收机的静噪。这一技术的常用名词是：|B|||单音频脉冲|CTCSS|载波静噪|DTMF
LK1100|17935e63b4f5|下列哪一项决定了FM信号的频偏？|A|||取决于被调制信号的幅度|同时取决于被调制信号的频率和幅度|取决于被调制信号与载波之间的相位角关系|取决于被调制信号的频率
LK1177|055fdbfb7624|下列哪一项术语表述了接收机区分不同信号的能力？|A|||选择性|本底噪声|灵敏度|扫描速度
LK1180|93aa092133be|接收机“过载”通常是指：|A|||输入信号过于强大，以致导致机内产生附加干扰|接收机消耗的电流太大了|由于接收机的音量调节得过大而导致的附加干扰|接收机电源的电压太高了
LK1202|b5191a67d415|以下哪种语音调制常被用于长距离弱信号的VHF或UHF联络？|B|||PM|SSB|FM|AM
LK1203|04ce8e1bc8fc|下列哪种调制被VHF和UHF业余电台本地通信广泛使用？|D|||PSK|SSB|AM|FM
LK0689|20fcb146aa35|在给业余收发信机供电的整流电源中，开关电源可以做得比变压器直接降压整流的线性电源轻巧是因为：|A|||开关电源中变压器的工作频率高得多，可以缩小磁性材料截面和减少线圈匝数|开关电源使用轻质铝材做散热器，不需要通过笨重的铁芯变压器散热|开关电源使用了半导体器件，不需要变压器|开关电路中半导体元器件的损耗小，可以使用轻巧的小规格元器件
LK0702|b2894e4b7796|由半波长偶极天线和馈电电缆构成的天馈系统，理想的工作状态是：|A|||天线上只有驻波，馈线上只有行波|天线上只有行波，馈线上只有驻波|天线和馈线上都只有驻波|天线和馈线上都只有行波
LK0904|6eec46a24420|在零仰角附近具有主辐射瓣的垂直接地天线，其振子的长度应为：|D|||1/4波长的任意整数倍|1/2波长的奇数倍|1/4波长的偶数倍|1/4波长的奇数倍
LK0910|dcc57e3ce2eb|在为业余电台选购射频电缆作为天线馈线时，最重要的两项电气参数是：|D|||长度为1/4波长、终端分别为开路和短路时的电压驻波比|铜或铝导线的截面积和常温下的最大额定电流|导线绝缘层的耐压和最高额定环境温度|特性阻抗和工作频率下单位长度的传输功率损耗
LK0918|35bf92835e62|通常把垂直偶极天线或者垂直接地天线称为“全向天线”，是因为：|C|||它们在空间没有指向性，向各个方向均匀辐射|它们在水平方向和垂直方向都有指向性|它们在水平方向没有指向性，但在立体空间有方向性|它们在垂直方向没有指向性，但在立体空间有方向性
LK0919|2d387f83f182|振子电气长度为1/4波长的垂直接地天线的最大辐射方向为：|C|||在水平方向呈现8字形方向特性|在空间没有指向性，向各个方向均匀辐射|在水平方向没有指向性，在垂直方向指向水平面|在垂直方向没有指向性，在水平方向指向前方
LK0925|06814abcf4f1|垂直接地天线（GP）的构造为电气长度为1/4波长的垂直振子加一个“接地”反射体，因其简单而被大量应用于手持和车载业余电台，但这种天线的实际工作情况往往与理论值相差较大，尤其在频率较低的频段。最常见的原因和改善办法是：|A|||缺乏有效的接地反射体。GP天线必须有足够大的接地反射体来形成振子镜像，否则谐振频率和阻抗都将与理论值有显著偏差，应尽量用大面积金属体与天线的接地端直接连接|1/4波长垂直振子太短。在振子中串联加感线圈即可解决问题|一般天线与电缆直接相连，匹配不良。在天线和电联之间加接“巴伦”即可解决问题|1/4波长垂直振子太短。改成1/2波长即可解决问题
LK0926|6766c85afff2|天线增益是指：|C|||输入到天线的总射频功率与天线辐射到空间的电磁波功率之比|天线辐射到空间的电磁波功率与输入到天线的总射频功率之比|天线在最大辐射方向上的辐射功率密度与相同条件下基准天线的辐射功率密度之比|天线在接收或发射信号时所具有的放大倍数
LK0929|111ef80eb71c|某商品天线说明书给出的增益指标以dBi为单位。其意义为：|D|||“相对于半波长偶极子天线的增益”，即最大辐射方向上的辐射功率密度与半波长偶极振子的最大辐射功率密度之比|“相对于垂直短天线的增益”，即以高度远小于波长的短垂直天线作为基准作为比较基准得到的天线增益|“相对于1/4波长接地天线的增益”，即以1/4波长垂直接地天线作为比较基准得到的天线增益|“相对于无方向性点源天线的增益”，即最大辐射方向上的辐射功率密度与理想点源天线的辐射功率密度之比
LK0930|2980d6e89ee4|某商品天线说明书给出的增益指标以dBd为单位。其意义为：|D|||“相对于1/4波长接地天线的增益”，即以1/4波长垂直接地天线作为比较基准得到的天线增益|“相对于无方向性点源天线的增益”，即最大辐射方向上的辐射功率密度与理想点源天线的辐射功率密度之比|这种表达没有说清楚计算增益所采用的比较基准，缺乏实际意义|“相对于半波长偶极子天线的增益”，即最大辐射方向上的辐射功率密度与半波长偶极振子的最大辐射功率密度之比
LK0931|157666e13a1a|某商品天线说明书给出的增益指标以dB为单位。其意义为：|A|||这种表达没有说清楚计算增益所采用的比较基准，缺乏实际意义|“相对于半波长偶极子天线的增益”，即最大辐射方向上的辐射功率密度与半波长偶极振子的最大辐射功率密度之比|“相对于垂直短天线天线的增益”，即以高度远小于波长的短垂直天线作为基准作为比较基准得到的天线增益|“相对于无方向性点源天线的增益”，即最大辐射方向上的辐射功率密度与理想点源天线的辐射功率密度之比
LK0932|a97e8a5d26da|两款VHF垂直全向天线，用作发射。甲天线增益4.5dBd，乙天线增益为5.85dBi。它们在远处某接收天线中形成的信号功率差为：|A|||甲信号比乙信号强0.8dB|乙信号比甲信号强1.35dB|乙信号比甲信号强3.5dB|甲信号比乙信号强1.35dB
LK0933|cd6d02058920|两款VHF垂直全向天线，用作发射。甲天线增益2.9dBd，乙天线增益为5.85dBi。它们在远处某接收天线中形成的信号功率差为：|A|||乙信号比甲信号强0.8dB|乙信号比甲信号强2.95dB|甲信号比乙信号强2.95dB|乙信号比甲信号强7.1dB
LK1062|7fbc2b57d993|以dBd为单位的天线增益则是指：|D|||最大辐射方向辐射功率密度与最小辐射方向辐射功率密度之比的dB值|最大辐射方向辐射功率密度与理想点源天线最大辐射方向辐射功率密度之比的dB值|最大辐射方向辐射功率密度与1/4波长垂直接地天线水平方向辐射功率密度之比的dB值|最大辐射方向辐射功率密度与半波长振子最大辐射方向辐射功率密度之比的dB值
LK1063|c91241e2b110|以dBi为单位的天线增益则是指：|A|||最大辐射方向辐射功率密度与理想点源天线最大辐射方向辐射功率密度之比的dB值|最大辐射方向辐射功率密度与1/4波长垂直接地天线水平方向辐射功率密度之比的dB值|最大辐射方向辐射功率密度与最小辐射方向辐射功率密度之比的dB值|最大辐射方向辐射功率密度与半波长振子最大辐射方向辐射功率密度之比的dB值
LK1126|46cbfd464daa|安装哪个部件可以减少在音频同轴电缆屏蔽层外皮中的感应射频电流？|C|||在电缆前端前置放大器|在电缆芯线中串联带通滤波器|在电缆外面套铁氧体磁环|在电缆芯线中串联低通滤波器
LK1173|be253a97020e|射频同轴电缆在业余电台中的主要用处是？|A|||将无线电信号从发射机传送到天线|将电能从汽车的电池输送到移动车载电台|将信号从TNC传送到电脑|用来遮蔽天线塔上的支杆，管子等柱状物体
LK1183|97dc5ea0b363|假负载的主要作用是？|D|||改善天线的辐射效率|防止发射机过调制|增强接收机的信噪比|在测试设备时不让无线电信号真正地发射出去
LK1184|a23a785a2244|下列哪一个设备可以用来测定天线当前的谐振频率？|A|||天线分析仪|电子管电压表|频率计数器|品质因数计
LK1185|a6d56efe6487|在业余无线电通信中，“驻波比”通常用来衡量：|A|||负载与传输线的匹配质量|发射机的能效比|传输线的制造质量|电台接地的质量
LK1186|34f01fb41f21|天线与馈线完美匹配时，在驻波表中显示的驻波比是？|A|||1:1|1:3|0|2:1
LK1188|7b47d839dc49|馈线中的功率损耗会？|A|||变成热量|使你的信号失真|传回你的发射机并可能导致损害|使驻波比增加
LK1189|bdd1b25fd09e|导致同轴电缆损害的最常见的原因是什么？|B|||伽马射线|电缆受潮|速度因子超过了1|过载
LK1190|b85d00e769f1|为什么要求同轴电缆的外皮能抵挡紫外线？|A|||紫外线能破坏电缆的外皮，使水分渗入|紫外线会使电缆外皮中的功率损耗加大|紫外线和射频信号会混合在一起导致干扰|这样就可以减少谐波
LK1191|a90a6929fe0a|和固体电介质同轴电缆相比，空气电介质同轴电缆的劣势是什么？|A|||空气电介质电缆要采取特别的手段来防止水分进入电缆|空气电介质电缆的每米损耗更大|空气电介质电缆不能用于VHF或UHF段|空气电介质电缆不能在冰点以下使用
LK1211|6b9c174c9ffe|下列关于直立天线的陈述，哪一项是正确的？|A|||该天线发射的电磁波电场垂直于地面|该天线发射的电磁波磁场垂直于地面|相位被反相了|相位被倒转了
LK1213|e78f075ff359|就大多数手持电台随机附送的“橡皮天线”来说，它的劣势是什么？|C|||它发射的是圆极化的信号|如果橡胶的一头损坏了，那么它很快就会解体|相对于全尺寸天线，它的发射和接收效率较低|以上三项全部正确
LK1216|6687445bfa1c|天线的增益是什么意思？|D|||当发射机在更高的频率发射时，天线会额外地减少一部分功率|相对于参考天线，发射或接收时的阻抗增加|对于发射机的功率输入，天线附加的一部分额外功率|相对于参考天线，在某一方向上信号强度的增加
LK1217|0158e13b81ea|为什么在使用同轴电缆连接天线时，最好有一个较低的驻波比？|A|||使能量更有效率地传送，减少损耗|能延长发信机的使用寿命|减少对电视的干扰|能延长天线的使用寿命
LK1218|ae8a6e06355b|业余无线电普遍使用的同轴电缆的特性阻抗是？|A|||50欧姆|12欧姆|600欧姆|8欧姆
LK1219|8727288f3b94|为什么同轴电缆在业余无线电界的使用相对于其他馈线来说更多？|B|||因为它比其它任何一种馈线都便宜|因为它使用方便，与周围环境之间的相互影响小|因为它可以相对其它馈线传送更大的功率|因为它比其它任何一种馈线的损耗都低
LK1221|7718e2105d9a|通过同轴电缆的信号频率越高，通常产生什么影响？|C|||反射功率越高|特性阻抗越高|损耗越高|驻波比越高
LK1222|a6d6b97463aa|对于400MHz以上的信号，通常会使用的同轴电缆连接器是：|A|||N型连接器|DB-23型连接器|M型连接器|RS-213型连接器
LK1223|59d60e8bc9f9|下列哪一项有可能导致驻波比不稳定读数的？|D|||发射机过调制|发射机采用了频率调制|来自其他电台的干扰导致信号失真|天线与馈线的连接头接触不良
LK1224|5400baf50c8c|下列馈线中，哪一种在VHF和UHF频段的损耗最小？|A|||空气介质同轴硬电缆|75欧姆同轴软电缆|多芯不平衡电缆|50欧姆同轴软电缆
LK0972|47bd1af4f173|无线电波在真空中的速度大致为：（”x＾m”表示“x的m次方”）|C|||3.1416×10＾12 米/秒|3×10＾7 米/秒|3×10＾8 米/秒|6.88×10＾6 米/秒
LK0973|16c00e51b738|天线工程中计算振子长度时需要知道电波在天线中的传播速度。电波在天线导线中的传播速度大约是：|B|||与真空波速相同|真空波速的0.95倍|真空波速的1.05倍|真空波速的1.41倍
LK0974|3f05d34275b1|天线工程中计算馈线长度时经常需要知道电波在馈线中的传播速度。常用业余频段的电波在同轴电缆中的传播速度大约是：|B|||真空波速的1.65倍|真空波速的0.65倍|与真空波速相同|真空波速的1.54倍
LK1058|defbe8b88fe2|无线电波按传播方式可主要分为下列种类：|C|||正弦波、方波、三角波等|调幅波、调频波、调相波等|地面波、天波、空间波、散射波等|长波、中波、短波、超短波、微波等
LK1060|d78daa5ebbb8|无线电波在自由空间中的传播路径损耗遵循下列规律：|C|||与距离的平方成正比，与频率无关|与距离成正比，与频率的平方成正比|与距离的平方成正比，与频率的平方成正比|与距离的平方成正比，与频率的平方成反比，
LK1067|b6c0b10bb34f|地波是沿地面传播的无线电波，其衰减因子取决于：|B|||电波频率、发射功率和天线增益|电波频率、地面导电率和传播距离|电波频率、太阳活动情况和地磁活动情况|天线高度、发射功率和调制方式
LK1068|2358116d3b72|决定超短波视距传播距离极限的主要因素是：|A|||发射天线和接收天线离地面的相对高度值|发射天线和接收天线离海平面的绝对高度值|发射天线和接收天线离地面的相对于波长的高度系数，即离地高度除以波长|发射天线和接收天线的增益
LK1104|edf1c299b810|多径传播对UHF波段或VHF波段数据通信的影响是：|D|||随着传播路径的增加，接收到的数据速率会线性地减小|如果使用FM方式调制的话，不会观察到任何反常现象|随着传播路径的增加，数据通信速率会线性地增加|可能使误码率增大
LK1106|1cd2897d96fe|在一个周期内，电磁波走过一定的距离，这个距离叫做：|B|||波展|波长|波形|波速
LK1108|d5aa7d39995d|无线电波的两个组成部分是？|A|||电场和磁场|电离辐射和非电离辐射|电压和电流|直流和交流
LK1109|118de2c295f7|无线电波的传播速度有多快？|A|||和光速一样|和它的波长成反比例关系|速度随着频率的增加而增加|和音速一样
LK1110|9d521f534cd6|无线电波的频率和它的波长有什么样的关系？|D|||如果频率增加，则波长变长|该电磁波的波长取决于信号所占的带宽|波长与频率之间没有固定的联系|如果频率增加，则波长变短
LK1111|077ea392429b|在已知电磁波频率的情况下，下面哪一种方法可以用来计算它的波长？|A|||使用300除以频率的兆赫数（MHz）可以得到以米为单位的波长|将频率的兆赫数（MHz）除以300可以得到以米为单位的波长|将频率的赫兹数（Hz）除以300可以得到以米为单位的波长|使用频率的赫兹数（Hz）乘以300可以得到以米为单位的波长
LK1115|020583e1ce34|在自由空间中，无线电波的速度约是多少？|D|||3000千米/每秒|18600英里/每小时|300000英里/每小时|300000000米/每秒
LK1116|0e525008e100|如果你收到了一个从上千公里以外的距离传播过来的VHF信号，最可能的原因是：|A|||信号被突发E电离层反射过来|信号经过了地下传输过来|信号经过了宇宙的反射|信号被附近的雷雨区反射过来
LK1143|d2bd6806663f|下列哪一个缩写经常在无线电工程文章中用来代表各种类型的无线电波？|B|||VHF|RF|AF|HF
LK1144|e43d7d9eaacb|在空间中传播的电磁波，一般被叫做什么？|D|||声波|重力波|压力波|无线电波
LK0255|eba9f8bc1979|收发信机面板上或设置菜单中的符号VOX代表什么功能？|A|||发信机声控，接入后将根据对话筒有无语音输入的判别自动控制收发转换|自动天线调谐，对天线电路的电压驻波比进行检测并进行自动补偿，以维持最小驻波比|发信自动音量控制，对音频输入电平进行检测并反馈控制，以维持其在适当限度之内|发信自动电平控制，对射频输出电平进行检测并反馈控制，以维持其在适当限度之内
LK0258|312186a9aeb8|收发信机中的PTT是指什么信号？|C|||发信语音压缩，对音频输入电平进行检测并反馈控制，以提升语音包络幅度较小的部分|收信机前置放大器，在接收微弱信号时接入（此时某些技术指标可能低于额定值）|按键发射，有信号（一般为对地接通）时发射机由等待转为发射|自动天线调谐，对天线电路的电压驻波比进行检测并进行自动补偿，以维持最小驻波比
LK0259|3632dfac2a26|收发信机面板上或设置菜单中的符号SQL代表什么功能？|C|||自动天线调谐，对天线电路的电压驻波比进行检测并进行自动补偿，以维持最小驻波比|收信机前置放大器，在接收微弱信号时接入（此时某些技术指标可能低于额定值）|静噪控制，检测到接收信号低于一定电平时关断音频输出|发信语音压缩，对音频输入电平进行检测并反馈控制，以提升语音包络幅度较小的部分
LK0260|796b1a919829|有些调频接收机的参数设置菜单有NFM和WFM两种选择。它们的含义是：|D|||NFM为调频通信本地方式（较低灵敏度），WFM为调频通信远程方式（最高灵敏度）|NFM为单频率守候方式，WFM为双频率守候方式|NFM代表数字化语音方式，WFM代表模拟语音方式|NFM为窄带调频方式，适用于信道带宽25kHz/12.5kHz的通信信号；WFM为宽带调频方式，适用于接收信道带宽180kHz左右的广播信号
LK0261|2f8c2cbc4b97|某些对讲机具有发送DTMF码的功能。缩写DTMF指的是：|C|||自动静噪，即在接收机没有收到信号时自动关闭音频输出|数字设备识别码，即在松开PTT按键时自动发送一串代表设备代号的二进制数据|双音多频编码，由8个音调频率中的两个频率组合成的控制信号，代表16种状态之一，用于遥控和传输数字等简单字符|亚音调静噪，即从67-250.3Hz的38个亚音调频率中选取一个作为选通信号，代表38种状态之一，接收机没有收到特定的选通信号时自动关闭音频输出
LK0262|ad664d1370be|某些对讲机具有发送CTCSS码的功能。缩写CTCSS指的是：|D|||数字设备识别码，即在松开PTT按键时自动发送一串代表设备代号的二进制数据|双音多频编码，由8个音调频率中的两个频率组合成的控制信号，代表16种状态之一，用于遥控和传输数字等简单字符|自动静噪，即在接收机没有收到信号时自动关闭音频输出|亚音调静噪，即从67-250.3Hz的38个亚音调频率中选取一个作为选通信号，代表38种状态之一，接收机没有收到特定的选通信号时自动关闭音频输出
LK0783|62ecbe2f101b|关于是否可以在FM话音通信时单凭接收机听到对方语音的音量大小来准确判断对方信号的强弱，正确答案及其理由是：|D|||不能。因为信号越强，自动增益控制作用也越强，增益的急剧减小使声音反而被压低|能。最后的信号是接收到的射频信号经过放大处理得到的，当然信号强声音越大|能。调频信号越强，频偏也必然越大，解调后的声音也越大|不能。因为鉴频输出大小只取决于射频信号的频偏，而且正常信号的幅度会被限幅电路切齐到同样大小
LK0788|e949c6daa5db|用设置在NFM方式的对讲机接收WFM信号，其效果为：|C|||听不到信号，但接收到信号时调频噪声会变得寂静|可以正常听到信号，但声音的高音频部分衰减较大，缺乏高音|可以听到信号，但当调制信号幅度较大、音调较高时会发生明显非线性失真|可以正常听到信号，但声音比较小
LK0789|124b56621e2b|用设置在WFM方式的对讲机接收NFM信号，其效果为：|C|||可以正常听到信号，但声音的高音频部分衰减较大，缺乏高音|听不到信号，但接收到信号时调频噪声会变得寂静|可以正常听到信号，但声音比较小|可以听到信号，但当调制信号幅度较大、音调较高时会发生明显非线性失真
LK0790|0a15c73e7e77|调频接收机没有接收到信号时，会输出强烈的噪声。关于这种噪声的描述是：|D|||由天线接收到的背景噪声的随机幅度变化经放大形成，其大小与天线背景噪声电压的平方根成正比|由天线接收到的背景噪声的随机幅度变化经放大形成，其大小与天线背景噪声电压成正比|由天线接收到的背景噪声的随机幅度变化经放大形成，其大小与天线背景噪声电压的平方成正比|由天线背景噪声和机内电路噪声的随机频率变化经鉴频形成，其大小与天线接收到的背景噪声幅度无关
LK0855|4837aeb7628f|如果业余中继台发射机被断断续续的干扰信号所启动，夹杂着不清楚的语音，根据覆盖区内其他业余电台的监听，确定中继台上行频率并没有电台工作。则：|C|||可能是中继台发射机发生了寄生振荡|可能是中继台接收机发生了寄生振荡|可能是中继台附近的两个其他发射机的强信号在中继台上行频率造成了互调干扰|肯定是中继台接收机受到了人为恶意干扰
LK0898|f9317b172620|业余电台在进行业余卫星通信时使用超过常规要求的发射功率，造成的结果以及对这种做法的态度是：|A|||过强的上行信号会使卫星转发器压低对其他信道的转发功率，严重影响别人通信；必须反对|上行功率越大，转发的效果越好，通信范围越大；可提倡|上行功率太大造成浪费和电磁污染；不提倡|上行功率超过一定值对通信效果改善不大，但并无明显坏处；无所谓
LK0971|5a73ab8d9a47|即使在空旷平地，接收到的本地VHF/UHF信号强度也可能会随着接收位置的移动而发生变化，最主要的可能原因是：|D|||不同接收位置大地导电率有差异|收发位置之间的空气流动造成电波折射不均匀而飘移|移动过程中设备与大地之间的分布电容发生微小的变动|直射和经地面反射等多条路径到达的电波相位不同，互相叠加或抵消造成衰落（多径效应）
LK1065|fdddfa775e93|在相距不远的两点接收同一个远方信号，信号强度发生很大差别，且差别随两点间距离的增大呈周期性变化。这是因为：|B|||大气扰动影响|多径传播，各路径到达的信号相位延迟不同而互相干涉|发射机到两接收点传播距离不同造成传播路径衰耗不同|地磁影响影响
LK1130|d19a785028b8|收发信机中的静噪控制的目的是什么？|B|||控制发射机的输出功率|在没有信号的情况下，关闭音频输出，使其不会输出噪音。|使接收机的输出音量调到最大|可以进行自动增益控制
LK1182|687088c0c7ae|如果对方报告你的调频电台发射的信号听起来失真严重、可辨度差，可能的原因是：|D|||电台所处的位置不好|电台的发射频率不准确|电台的电源电压不足|三项都可能
LK1237|6f774ee873a4|一些VHF/UHF业余无线电调频手持对讲机或车载台的设置菜单中有“全频偏”和“半频偏”的选择，其表示的意义是：|C|||全频偏方式语音信号经过压缩，半频偏方式语音信号只压缩低音频分量|全频偏方式适用于收发异频的中继台通信，半频偏方式适用于同频对讲通信|分别表示信道间隔为25kHz或者12.5kHz|全频偏方式下发射频率的误差比半频偏方式大一倍
LK0436|0199d768c7ab|用电压表检查一节干电池两端电压，未使用时测得1.5伏左右，用旧后测得1.2伏左右。正确的说法是：|A|||旧干电池的电动势为1.5伏|旧干电池的电动势为1.2伏|旧干电池的电动势为1.35伏|旧干电池的电动势为0
LK0482|dbe3660931b8|测量一个元件是否短路，应该使用：|D|||万用电表的电压挡|频谱分析仪|万用电表的电流挡|万用电表的电阻挡
LK0483|cac8511b0cff|大致判断一个干电池是否已经失效，应该使用：|A|||万用电表的电压挡|万用电表的电阻挡|音频信号发生器|万用电表的电流挡
LK0691|4d6ac01bef0c|通信或家用设备的劣质开关电源会造成对无线电接收机的电磁干扰，其源头主要是：|D|||工频电源变压器漏磁感应|开关电源中整流电路的滤波电容容量不足|元器件接点不稳造成火花放电干扰|开关电路的谐波辐射
LK1064|ef96ee4cba4c|家用微波炉一般的工作频带是：|D|||EHF（极高频）|SHF（超高频）|VHF（甚高频）|UHF（特高频）
LK1122|e281516db8c6|下列哪种设备可以用来代替普通的扬声器，可在嘈杂的环境中更好地抄收语音信号？|C|||低通滤波器|视频显示器|耳机|吊杆话筒
LK1137|6c7fcbd14845|移动车载电台通常使用的电源电压是？|B|||约30伏特|约12伏特|约120伏特|约240伏特
LK1151|11d0d2c76725|下列哪一项可以在电路电流严重过载时保护电路不受损坏？|D|||电感|电容|屏蔽层|熔断器
LK1153|99901b392aef|一个新的干电池的标称电压是多少？|C|||1.2伏|2.2伏|1.5伏|1.0伏
LK1154|d2500eb44abc|下列哪一种电池不能充电？|C|||镍镉电池|铅酸电池|碱性电池|锂离子电池
LK1162|d4b87bd1ea75|LED是什么的缩写？|B|||场效应管|发光二极管|液晶显示|阴极射线管
LK1163|a754538b3fa4|LCD是什么的缩写？|B|||发光二极管|液晶显示器|场效应管|阴极射线管
LK1167|72fc8b83e5b1|下列哪一项设备可以把交变电流变成变化的直流？|B|||放大器|整流器|变压器|反射器
LK1169|901f2b7d8da3|下列部件中经常被用来把220伏的市电转换成更低电压交流电的是：|A|||变压器|二极管|晶体管|可变电容器
LK1170|d2cf74466781|下列器件中能够当做指示灯使用的是：|D|||齐纳二极管|FET|双极型晶体管|LED
LK1192|30cee4e773e9|如何把一个电压表正确地连接至电路？|A|||并联至电路中|与电路同相连接|串联至电路中|正交至电路中
LK1193|36e326a74eeb|电流表通常要怎样连接至电路？|C|||与电路同相连接|并联至电路中|串联至电路中|正交至电路中
LK1194|ab52cc11b454|哪一种设备被用来测量电阻？|A|||欧姆表|天线分析仪|频谱分析仪|示波器
LK1195|744901e32cbf|下列哪一种行为有可能损坏万用表？|C|||把万用表设在“毫安”挡放置了一夜|没有让待测量设备适当地预热|在电阻挡试图测量电压|在大电压量程下测量一个非常小的电压
LK1196|a57e836fde66|我们经常使用万用表测量以下哪些物理量？|A|||电压和电阻|信号的强度和噪音|驻波比和射频功率|阻抗和电抗
LK1206|d6e90d7f5a6a|下列哪一种方法可以用来定位无线电噪音源或者恶意干扰源？|B|||回波定位|无线电测向|相位锁定|多普勒雷达
LK1229|66c693f775e5|如何在电网停电的状况下给一个12伏的铅酸蓄电池充电？|C|||给蓄电池中加一些酸|将蓄电池串联一个电灯泡作为限流装置，然后连接到220伏市电上|将蓄电池连接与汽车的蓄电池并联，并且发动汽车|将蓄电池放在冰里冷却一会儿
LK1231|b3c5392427eb|如果铅酸蓄电池的充电和放电进行得过快会怎样？|B|||电压会将为负值|电池可能会过热，甚至释放出可燃气体，甚至可能爆炸|可能会产生过高的充电电压，引起触电的危险|“记忆效应”将使电池的可用容量减小
LK1235|f0447be3ea51|VHF和UHF信号属于下面哪一类辐射？|D|||伽玛辐射|电离辐射|阿尔法辐射|非电离辐射
LK0996|d8c856af0489|防雷装置的作用是防止雷电危害。传统防雷装置的主要组成部分是：|B|||避雷针、高压指示灯、过流保护器|接闪器（避雷针）、引下线、接地体|天线、限流器、地线|避雷针、过压保护器、熔丝
LK0997|6bd888fc3843|防雷接地的作用是：|A|||把接闪器引入的雷击电流有效地泄入大地|有效地阻断接闪器引入的雷击电流使其不致流入大地|用接闪器感应到的雷电高压启动过压保护电路|当接闪器引入雷击电流时迅速烧断熔丝，阻断其流动
LK0998|b2143f73fc74|关于对防雷接地基本要求的正确说法：|D|||接闪器到接地体之间的引下线平时没有电流流过，采用直径0.5毫米的导线为好|可以利用与埋地金属管线相连的自来水管作为接地体|交流电网的“零线”在配电系统中已经接地，因此可代替防雷接地体及其引下线|要有单独的接地体，接地电阻要小，接闪器到接地体之间的引下线应尽量短而粗
LK0999|afb2023500ce|单支避雷针的保护范围大致有多大：|A|||以避雷针为顶点的45度圆锥体以内空间|避雷针周围水平方圆30米内的任何物体|避雷针周围所有比避雷针低的空间|以避雷针为顶点、避雷针高度为半径的半球体以内空间
LK1000|eeb7e6188fda|安全电压是指不致使人直接致死或致残的电压。标准国家标准GB3805－83《安全电压》，一般环境条件下允许持续接触的“安全特低电压”为：|B|||6V|24V|72V|48V
LK1001|9f0cb972848d|触及裸露的射频导线时，与触及相同电压的直流或50Hz交流导线相比，对人身安全危险的大致差别为：|C|||更容易出现呼吸或心脏麻痹、更易致死|触及不同频率、相同电压的导线时，对人体的危害没有差别|致死危险性下降，但皮肤容易灼伤|射频电流对人体没有危险
LK1039|27c401565ab3|如遇设备、电线或者电源引起失火，正确的处置为：|C|||立即切断电源，使用化学泡沫灭火器灭火|立即切断电源，用水灭火|立即切断电源，使用二氧化碳灭火器灭火|迅速起身逃离火场
LK1040|630072096357|必须带电检修由市电供电的无线电设备时，应做到：|B|||只要确保设备外壳与地绝缘，双脚是否与地绝缘、双手是否同时操作都没有关系|双脚与地绝缘，单手操作，另一只手不触摸机壳等任何与电路设备有关的金属物品|双脚与地绝缘，单手操作，另一只手通过触摸机壳或水管等途径良好接地|只要设备外壳良好接地，双脚是否与地绝缘、双手是否同时操作都没有关系
LK1043|31f20c93906e|两手分别接触电压有效值相同但频率不同的电路两端时，对人体生命安全威胁由大到小的排序为：|A|||工频交流电、HF射频交流电、UHF射频交流电|UHF射频交流电、HF射频交流电、工频交流电|HF射频交流电、UHF射频交流电、工频交流电|HF射频交流电、工频交流电、UHF射频交流电
LK1225|aff4a701e1be|电路中的保险丝起到什么作用？|C|||限制电流，防止触电|防止电源纹波损害电路|过载时切断电路|以上三项全部正确
LK1226|2af45a2f658b|为什么在需要安装5安培保险丝的地方安装一个20安培的保险丝是不可取的？|A|||过大的电流可能导致火灾|因为20安培的保险丝电流更大，所以它更容易熔断|电源的纹波会显著增大|其他三项全部正确
LK1227|73912e42087a|防止设备外壳带电危险的措施包括：|D|||将所有的交流供电设备全部连接至一个安全地线|安装漏电保护断路器|所有使用交流供电的设备的电源线都使用带有单独保护地线端的三线插头|其他三项全部正确
LK1228|dfbdc2fbdb9a|在为同轴电缆馈线安装避雷器时应当注意什么？|D|||将每一个避雷器单独引出接地线，并且将它们都连接至电台的地线|要在每一个避雷器处两端并联一个开关，以便在使用大功率输出的时候可以将避雷器旁路掉|在每一个避雷器的接地线上安装开关，以防止射频过载损伤避雷器|将所有避雷器的地线接到同一个金属板上，然后将这个金属板接到室外的接地极
LK1230|c12366366004|常规的12伏酸铅蓄电池通常有什么潜在的危险？|B|||它会释放臭氧，进而污染大气层|如果通风不良，有爆炸风险的气体会聚集|有高电压，存在触电的风险|长时间不使用可能会引起自燃
LK1233|b2906ba0f1a4|设备电源拔掉电源线以后，检修时还有什么安全风险？|C|||静电可能损坏接地系统|打开电源外壳可能引起保险丝烧断|充满高电压的电容器可能造成电击|地磁场可能在变压器中激起感应电流导致电源损坏
LK1234|239c88191035|自制一台由220伏交流供电的设备，推荐采用的安全措施是：|A|||交流电源入口火线端串联安装保险丝|在交流供电入口处并联安装一个交流电压表|在交流供电入口处串联安装一个电感|在交流供电入口处并联安装一个电容
LK0574|a881c5ec9482|假设中继台的收、发信机共用天线，上下行频率分别为F1和F2。要防止中继台发射机对接收机产生干扰，应该对中继台设备采取下列措施：|D|||在发信机与天线间串联中心频率为F1的带通滤波器，在收信机与天线间串接中心频率为F2的带通滤波器|在发信机与天线间串联中心频率为F2的带阻滤波器，在收信机与天线间串接中心频率为F2的带阻滤波器|在发信机与天线间串联中心频率为F1的带阻滤波器，在收信机与天线间串接中心频率为F1的带阻滤波器|在发信机与天线间串联中心频率为F1的带阻滤波器，在收信机与天线间串接中心频率为F2的带阻滤波器
LK0575|5e5a30fcaafb|要防止业余HF发射机的杂散发射干扰天线附近的电话机，应该在电话机和电话线之间之间串联：|B|||中心频率约为3kHz的带通滤波器|截止频率不高于1MHz的低通滤波器|截止频率约为3kHz的带阻滤波器|截止频率约为3kHz的高通滤波器
LK1002|134f9515fae0|我国业余电台应该遵守的关于电磁辐射污染的具体管理规定文件为：|C|||国际非电离辐射防护委员会《限制时变电场和磁场暴露的导则》|《业余电台管理办法》|国家标准《电磁辐射防护规定》|美国FCC《射频电磁场人员暴露准则的测评方法规》
LK1003|3bbe8e268e56|按照我国国家标准《电磁辐射防护规定》，可以免于管理的电磁辐射体为 ：|B|||所有业余电台|输出功率不大于15W的移动式无线电通信设备，以及等效辐射功率在0.1-3MHz不大于300W、在3MHz-300GHz不大于100瓦的辐射体|发射频率30MHz以下的所有业余电台|发射频率30MHz以上的所有业余电台
LK1004|05ab78cea744|按照我国国家标准《电磁辐射防护规定》，凡其功率大于豁免水平（3MHz以上等效辐射功率100瓦）的一切电磁波辐射体的所有者，必须：|B|||向所在地区的环境保护部门缴纳环境保护费|向所在地区的环境保护部门申报、登记，并接受监督|业余电台可不受环境保护部门的监督管理|向所在地区的无线电管理机构交纳环境电磁辐射监测报告
LK1005|59c9fc14964a|按照我国国家标准《电磁辐射防护规定》，负责对超过豁免水平（3MHz以上等效辐射功率100瓦）电磁波辐射体所在的场所以及周围环境的电磁辐射水平进行监测的是：|B|||所在地区业余无线电协会|其拥有者|所在地区环境保护部门|所在地区无线电管理机构
LK1006|7639ad458977|按照我国国家标准《电磁辐射防护规定》，当监测到超过豁免水平的电磁辐射体使环境电磁辐射水平超过规定的限值时，必须：|B|||立即到环境保护部门缴纳电磁污染治理费|尽快采取措施降低辐射水平，同时向环境保护部门报告|立即向无线电管理机构报告|立即向当地城管机构报告
LK1007|8275816adfe1|按照我国国家标准《电磁辐射防护规定》，对超过豁免水平的电磁辐射体的环境电磁辐射水平监测应在下列地点进行：|B|||在发射机射频输出端口进行测量|在距辐射体天线2000米以内最大辐射方向上选点测量|在距辐射体天线2000米以内选择任意位置测量|在距辐射体天线100米以内最小辐射方向上选点测量
LK1008|d6c0c593abb6|我国国家标准《电磁辐射防护规定》所规定的电磁辐射防护限值的公众照射基本限值，其基本计量方法规是：|C|||任何时刻的全身平均的比吸收率（SAR）都应小于每公斤体重限值|任何时刻的瞬时辐射场强都应小于与频率无关的固定限值|一天24小时内任意6分钟内全身平均的比吸收率（SAR）应小于每公斤体重限值|任何时刻的瞬时辐射场强都应小于与频率有关的限值
LK1009|e0402d7222ec|我国国家标准《电磁辐射防护规定》规定电磁辐射公众照射导出限值中，对环境电磁辐射场强一天24小时内任意6分钟内的平均值要求最严格的频率范围为：|B|||1200MHz-30GHz|30MHz- 3GHz|300kHz-30MHz|3MHz- 30MHz
LK1128|9caa187d4126|移动车载台的直流电源负极应当接在哪里？|A|||连接在电池的负极或发动机的接地带|可以连接在汽车的任意的金属部分|连接在天线座上|连接在固定住电台的挂置架上
LK1236|ffa1400f52c4|为什么电磁辐射防护规定国家标准中的照射限值随着频率的变化而不同？|D|||较低频率的无线电波不会穿透人体|在自然中高频电磁波不常见|较低频率的无线电波相对高频率的无线电波拥有更高的能量|人体会对某些特定频率的电磁波吸收量更大